satjob,occ10,indus10,wrkstat,wrkslf,prestg10,sei10,realrinc,rincom16,hrs1,weekswrk,age,sex,race,hispanic,born,educ,degree,marital,childs,region,union1,Achievement,Independence,Recognition,Relationships,Support,Working Conditions,job_zone
2.0,230.0,7860.0,1.0,2.0,59.0,75.5,29947.5,21.0,43.0,37.0,33.0,1.0,2.0,1.0,1.0,16.0,3.0,5.0,2.0,1.0,4.0,5.7524999999999995,6.0825,5.25,6.25,3.915,5.3325,4.5
,800.0,7280.0,5.0,2.0,60.0,76.3,,,,,64.0,1.0,1.0,1.0,1.0,16.0,4.0,5.0,0.0,1.0,4.0,5.0,5.0,4.67,4.67,4.67,4.5,4.0
,430.0,3570.0,5.0,2.0,39.0,67.7,,,,0.0,69.0,2.0,1.0,1.0,1.0,14.0,2.0,1.0,0.0,1.0,2.0,5.5,5.29125,4.875,4.8325,4.375,5.04125,4.0
1.0,4760.0,4880.0,2.0,2.0,31.0,39.7,,,20.0,0.0,19.0,1.0,3.0,1.0,2.0,12.0,1.0,5.0,0.0,1.0,,3.0,3.0,2.67,5.0,4.0,2.33,2.0
,5860.0,7860.0,5.0,2.0,32.0,35.8,,,,0.0,70.0,2.0,1.0,1.0,1.0,13.0,1.0,3.0,3.0,1.0,4.0,2.33,2.67,2.33,5.67,4.33,2.5,2.0
1.0,4000.0,8680.0,4.0,1.0,50.0,32.6,,,,40.0,53.0,1.0,3.0,5.0,2.0,14.0,2.0,1.0,2.0,1.0,4.0,5.0,6.0,5.33,4.67,3.67,4.5,3.0
1.0,9640.0,5490.0,1.0,2.0,22.0,14.8,29947.5,21.0,80.0,51.0,48.0,2.0,1.0,1.0,1.0,13.0,1.0,1.0,6.0,1.0,4.0,1.67,2.0,1.33,4.33,3.0,1.67,2.0
,3600.0,8270.0,6.0,2.0,48.0,24.2,,,,22.0,30.0,2.0,1.0,1.0,1.0,14.0,1.0,3.0,1.0,1.0,4.0,2.915,3.0,2.3325,5.0825,4.6675,3.125,2.25
2.0,,5390.0,1.0,2.0,,,,,50.0,50.0,60.0,2.0,2.0,1.0,2.0,14.0,2.0,1.0,2.0,1.0,4.0,,,,,,,
2.0,5620.0,5170.0,4.0,2.0,25.0,23.8,,,,0.0,25.0,1.0,2.0,1.0,1.0,12.0,1.0,5.0,0.0,1.0,,2.0,2.83,1.83,4.5,4.25,2.29,2.0
2.0,2540.0,7860.0,1.0,1.0,48.0,26.1,11797.5,16.0,35.0,26.0,23.0,2.0,1.0,5.0,2.0,18.0,3.0,5.0,0.0,1.0,4.0,,,,,,,3.0
,8320.0,1680.0,5.0,2.0,32.0,13.2,,,,,68.0,2.0,1.0,1.0,2.0,5.0,0.0,2.0,1.0,1.0,4.0,2.0,2.33,1.67,2.67,4.33,2.17,2.0
1.0,530.0,3990.0,1.0,2.0,42.0,59.9,24502.5,20.0,60.0,52.0,43.0,2.0,1.0,1.0,1.0,14.0,2.0,3.0,2.0,1.0,4.0,4.0,4.67,4.0,4.67,4.67,5.0,4.0
2.0,4820.0,6970.0,1.0,2.0,58.0,71.0,24502.5,20.0,40.0,52.0,37.0,2.0,1.0,1.0,1.0,12.0,1.0,3.0,1.0,1.0,4.0,5.17,5.08,4.42,4.75,4.42,5.17,4.0
1.0,4760.0,5570.0,1.0,1.0,31.0,39.7,4991.25,10.0,60.0,51.0,63.0,2.0,1.0,1.0,1.0,12.0,1.0,3.0,3.0,1.0,,3.0,3.0,2.67,5.0,4.0,2.33,2.0
2.0,3230.0,7860.0,1.0,2.0,59.0,88.3,24502.5,20.0,37.0,36.0,31.0,2.0,1.0,1.0,1.0,19.0,4.0,1.0,1.0,1.0,,5.67,5.33,4.67,6.67,4.0,5.17,5.0
2.0,430.0,2690.0,1.0,2.0,39.0,67.7,43560.0,23.0,55.0,52.0,64.0,1.0,1.0,1.0,1.0,16.0,3.0,1.0,2.0,1.0,4.0,5.5,5.29125,4.875,4.8325,4.375,5.04125,4.0
,5320.0,,5.0,,25.0,36.5,,,,0.0,,,1.0,,1.0,13.0,1.0,1.0,,1.0,,2.67,2.33,2.33,5.0,3.67,2.5,2.0
1.0,700.0,6970.0,2.0,2.0,51.0,61.9,19965.0,19.0,35.0,52.0,63.0,2.0,1.0,1.0,1.0,11.0,0.0,1.0,1.0,1.0,4.0,5.333333333333333,5.446666666666666,5.113333333333333,4.223333333333334,4.223333333333334,4.943333333333333,4.0
3.0,4200.0,7690.0,2.0,1.0,37.0,33.2,8621.25,14.0,24.0,52.0,41.0,2.0,1.0,5.0,2.0,8.0,0.0,3.0,2.0,1.0,,3.67,5.67,3.33,3.67,5.0,3.83,2.0
,3500.0,8190.0,5.0,2.0,69.0,46.6,,,,0.0,75.0,2.0,1.0,1.0,1.0,13.0,1.0,3.0,2.0,1.0,,5.33,5.0,4.0,6.33,5.67,4.33,3.0
3.0,50.0,6680.0,1.0,2.0,53.0,73.9,97883.49087,26.0,40.0,40.0,51.0,2.0,3.0,1.0,2.0,16.0,3.0,1.0,2.0,1.0,,5.665,5.67,5.0,4.835,5.165,5.835,4.0
2.0,120.0,6870.0,1.0,2.0,53.0,69.3,24502.5,20.0,40.0,52.0,69.0,1.0,1.0,1.0,1.0,14.0,1.0,3.0,0.0,1.0,4.0,5.5,5.835,5.335,4.5,5.165,5.915,4.0
1.0,9130.0,6380.0,3.0,2.0,35.0,32.0,,,,52.0,48.0,1.0,1.0,2.0,2.0,12.0,0.0,1.0,1.0,1.0,3.0,2.223333333333333,3.6666666666666665,2.11,2.8866666666666667,4.556666666666667,3.056666666666666,2.0
3.0,9130.0,4970.0,1.0,2.0,35.0,32.0,1633.5,4.0,36.0,52.0,58.0,1.0,3.0,5.0,2.0,14.0,1.0,1.0,2.0,1.0,4.0,2.223333333333333,3.6666666666666665,2.11,2.8866666666666667,4.556666666666667,3.056666666666666,2.0
1.0,650.0,690.0,2.0,1.0,53.0,64.2,58080.0,25.0,15.0,50.0,71.0,1.0,1.0,1.0,1.0,18.0,3.0,1.0,3.0,1.0,4.0,5.33,5.33,4.67,6.33,4.67,4.83,4.0
,2310.0,7860.0,5.0,2.0,61.0,80.9,,,,0.0,73.0,2.0,1.0,1.0,1.0,16.0,4.0,1.0,2.0,1.0,1.0,5.333333333333333,5.33,4.22,6.22,4.22,4.78,4.0
,910.0,6870.0,5.0,2.0,45.0,62.1,58080.0,25.0,,52.0,74.0,2.0,1.0,1.0,1.0,14.0,2.0,1.0,3.0,1.0,4.0,5.0,5.33,4.335,5.835,4.335,4.5,4.0
1.0,4600.0,9290.0,3.0,1.0,35.0,21.8,11797.5,16.0,,40.0,56.0,2.0,1.0,1.0,1.0,14.0,2.0,1.0,2.0,1.0,4.0,4.0,4.5,2.5,6.0,3.0,3.33,2.0
2.0,1107.0,7380.0,1.0,2.0,48.0,70.5,,,50.0,49.0,40.0,1.0,3.0,,2.0,14.0,3.0,1.0,3.0,1.0,4.0,5.576363636363637,4.969090909090909,4.4390909090909085,3.4545454545454546,4.181818181818182,5.038181818181818,3.8461538461538463
1.0,350.0,8190.0,4.0,2.0,64.0,71.8,,,,0.0,55.0,2.0,1.0,1.0,1.0,13.0,1.0,1.0,1.0,1.0,4.0,5.0,6.0,4.67,6.0,5.67,6.0,4.0
1.0,2310.0,7860.0,3.0,2.0,61.0,80.9,,,,40.0,55.0,2.0,1.0,1.0,1.0,18.0,4.0,1.0,2.0,1.0,,5.333333333333333,5.33,4.22,6.22,4.22,4.78,4.0
2.0,9140.0,6190.0,1.0,1.0,26.0,28.5,8621.25,14.0,89.0,52.0,31.0,1.0,3.0,5.0,1.0,12.0,1.0,5.0,0.0,1.0,4.0,,,,,,,2.0
3.0,3300.0,8180.0,1.0,2.0,61.0,60.5,4991.25,10.0,40.0,52.0,61.0,2.0,1.0,1.0,1.0,18.0,1.0,5.0,0.0,1.0,,4.6675,4.6675,4.0024999999999995,3.665,4.75,4.04,3.8333333333333335
2.0,4220.0,9470.0,2.0,2.0,24.0,20.7,11797.5,16.0,24.0,51.0,71.0,2.0,1.0,1.0,1.0,12.0,1.0,5.0,0.0,1.0,4.0,1.67,2.0,1.33,4.33,3.0,2.0,3.0
,2200.0,7870.0,5.0,,74.0,84.5,,,,0.0,70.0,2.0,1.0,1.0,1.0,16.0,3.0,1.0,,1.0,,5.658888888888889,5.612222222222222,5.184722222222223,5.074166666666667,3.1766666666666667,5.342777777777778,4.944444444444445
1.0,1965.0,7460.0,7.0,2.0,43.0,55.1,,,,0.0,60.0,2.0,1.0,1.0,1.0,16.0,3.0,1.0,1.0,1.0,2.0,4.221666666666667,4.278333333333333,3.6666666666666665,3.776666666666667,4.776666666666666,4.193333333333333,3.2857142857142856
2.0,3600.0,8170.0,4.0,2.0,48.0,24.2,11797.5,16.0,,52.0,57.0,2.0,3.0,1.0,1.0,11.0,0.0,5.0,5.0,1.0,4.0,2.915,3.0,2.3325,5.0825,4.6675,3.125,2.25
2.0,5110.0,8180.0,2.0,2.0,40.0,33.4,16335.0,18.0,30.0,52.0,37.0,2.0,3.0,3.0,1.0,16.0,3.0,1.0,3.0,1.0,2.0,2.67,4.0,2.67,4.5,4.5,3.08,3.0
2.0,6260.0,770.0,1.0,2.0,28.0,25.2,11797.5,16.0,30.0,49.0,26.0,1.0,1.0,3.0,1.0,12.0,1.0,5.0,0.0,1.0,4.0,2.33,2.67,1.67,4.0,4.33,3.17,2.0
2.0,7200.0,4670.0,1.0,2.0,45.0,31.2,19965.0,19.0,46.0,52.0,59.0,1.0,1.0,1.0,1.0,12.0,1.0,3.0,4.0,1.0,1.0,3.67,4.33,3.0,3.83,4.33,3.58,3.0
1.0,4220.0,7860.0,2.0,2.0,24.0,20.7,,,9.0,0.0,65.0,1.0,1.0,1.0,1.0,12.0,1.0,1.0,3.0,1.0,1.0,1.67,2.0,1.33,4.33,3.0,2.0,3.0
1.0,4230.0,,1.0,2.0,25.0,12.6,29947.5,21.0,40.0,52.0,71.0,2.0,1.0,1.0,2.0,17.0,4.0,1.0,2.0,1.0,4.0,1.67,2.0,1.0,5.33,2.67,1.67,2.0
2.0,725.0,2280.0,7.0,2.0,49.0,62.1,,,,0.0,41.0,2.0,1.0,1.0,1.0,18.0,4.0,1.0,1.0,1.0,4.0,5.0,5.33,5.0,6.33,3.33,4.83,4.0
1.0,20.0,7680.0,1.0,2.0,50.0,68.6,24502.5,20.0,50.0,52.0,58.0,1.0,1.0,1.0,1.0,17.0,3.0,1.0,3.0,1.0,2.0,5.33,6.0,5.67,6.33,4.67,6.0,4.0
,1300.0,7290.0,5.0,1.0,73.0,84.0,,,,0.0,79.0,1.0,1.0,1.0,1.0,17.0,3.0,1.0,2.0,1.0,2.0,5.335,5.835,5.17,3.5,3.665,5.335,4.5
,10.0,7570.0,5.0,,72.0,77.4,19965.0,19.0,,52.0,83.0,2.0,1.0,1.0,1.0,16.0,4.0,2.0,0.0,1.0,,6.5,6.835,6.5,5.0,4.33,6.33,5.0
1.0,4620.0,8590.0,1.0,1.0,35.0,42.9,97883.49087,26.0,50.0,52.0,57.0,1.0,1.0,1.0,1.0,16.0,3.0,1.0,2.0,1.0,4.0,4.5,5.0,3.165,6.0,4.0,3.67,3.5
,2100.0,7270.0,5.0,1.0,69.0,91.1,97883.49087,26.0,,12.0,,1.0,1.0,1.0,1.0,16.0,4.0,1.0,2.0,1.0,,6.0,6.0,6.33,4.0,4.33,6.0,5.0
1.0,4200.0,7860.0,1.0,2.0,37.0,33.2,29947.5,21.0,40.0,52.0,65.0,1.0,1.0,1.0,2.0,11.0,0.0,1.0,2.0,1.0,1.0,3.67,5.67,3.33,3.67,5.0,3.83,2.0
,710.0,6990.0,5.0,2.0,51.0,78.3,,,,0.0,74.0,2.0,1.0,1.0,1.0,16.0,4.0,1.0,2.0,1.0,4.0,5.33,5.33,5.0,6.0,3.67,5.17,4.0
1.0,430.0,6180.0,1.0,2.0,39.0,67.7,50820.0,24.0,40.0,52.0,61.0,2.0,1.0,1.0,1.0,18.0,4.0,1.0,0.0,1.0,,5.5,5.29125,4.875,4.8325,4.375,5.04125,4.0
1.0,800.0,8560.0,1.0,2.0,60.0,76.3,29947.5,21.0,55.0,50.0,24.0,2.0,1.0,1.0,1.0,16.0,3.0,5.0,0.0,1.0,,5.0,5.0,4.67,4.67,4.67,4.5,4.0
1.0,3930.0,8370.0,4.0,2.0,34.0,34.7,1270.5,3.0,,52.0,61.0,1.0,2.0,1.0,1.0,6.0,0.0,5.0,0.0,1.0,4.0,3.665,4.835,3.165,3.835,5.165,3.335,2.0
2.0,2320.0,7860.0,3.0,2.0,64.0,82.5,,,,0.0,56.0,2.0,3.0,1.0,2.0,16.0,3.0,5.0,0.0,1.0,,5.5,5.165,4.165,6.5,4.5,5.08,4.0
,,6990.0,5.0,2.0,,,,,,0.0,72.0,2.0,1.0,1.0,1.0,16.0,3.0,5.0,0.0,1.0,,,,,,,,
1.0,120.0,9170.0,7.0,2.0,53.0,69.3,,,,0.0,,2.0,1.0,1.0,2.0,12.0,1.0,1.0,2.0,1.0,,5.5,5.835,5.335,4.5,5.165,5.915,4.0
2.0,9050.0,6070.0,1.0,2.0,44.0,52.6,,,,,49.0,2.0,1.0,1.0,1.0,18.0,3.0,3.0,0.0,1.0,1.0,3.67,4.67,3.0,6.33,6.0,4.83,2.0
,6260.0,770.0,5.0,2.0,28.0,25.2,,,,20.0,78.0,1.0,1.0,1.0,1.0,13.0,1.0,1.0,2.0,1.0,,2.33,2.67,1.67,4.0,4.33,3.17,2.0
2.0,4200.0,7690.0,3.0,2.0,37.0,33.2,,,,0.0,63.0,2.0,3.0,5.0,2.0,13.0,1.0,5.0,1.0,1.0,1.0,3.67,5.67,3.33,3.67,5.0,3.83,2.0
1.0,135.0,,1.0,2.0,54.0,73.2,97883.49087,26.0,50.0,52.0,57.0,2.0,1.0,1.0,1.0,18.0,4.0,5.0,0.0,1.0,4.0,5.33,5.67,5.0,6.0,5.67,5.67,4.0
2.0,860.0,7070.0,1.0,2.0,43.0,66.2,97883.49087,26.0,40.0,50.0,26.0,1.0,3.0,1.0,2.0,16.0,3.0,5.0,0.0,1.0,,4.33,5.0,4.0,5.0,4.67,4.0,4.0
,3600.0,8190.0,5.0,2.0,48.0,24.2,,,,0.0,89.0,2.0,1.0,1.0,2.0,12.0,1.0,1.0,2.0,1.0,4.0,2.915,3.0,2.3325,5.0825,4.6675,3.125,2.25
1.0,2600.0,6480.0,1.0,1.0,46.0,60.1,24502.5,20.0,40.0,50.0,79.0,1.0,1.0,1.0,1.0,15.0,1.0,3.0,1.0,1.0,4.0,5.6675,5.75,4.25,3.4175,2.665,4.75,3.5
1.0,1760.0,8190.0,1.0,2.0,42.0,86.8,19965.0,19.0,40.0,12.0,22.0,2.0,1.0,1.0,1.0,16.0,3.0,5.0,0.0,1.0,4.0,5.67,5.33,5.33,4.0,4.33,5.0,4.0
2.0,2860.0,7490.0,4.0,2.0,56.0,54.6,,,,0.0,49.0,2.0,3.0,5.0,2.0,17.0,4.0,1.0,2.0,1.0,,3.67,3.67,4.0,5.33,3.67,4.17,4.0
2.0,2320.0,7860.0,1.0,2.0,64.0,82.5,,,40.0,38.0,52.0,2.0,1.0,1.0,1.0,16.0,4.0,5.0,,1.0,,5.5,5.165,4.165,6.5,4.5,5.08,4.0
,540.0,9480.0,5.0,2.0,46.0,59.8,,,,0.0,70.0,1.0,1.0,1.0,1.0,17.0,4.0,3.0,0.0,1.0,4.0,4.085,4.835,3.75,4.415,4.915,4.625,3.5
4.0,4760.0,5170.0,2.0,2.0,31.0,39.7,,,18.0,52.0,23.0,1.0,3.0,5.0,1.0,15.0,1.0,5.0,0.0,1.0,4.0,3.0,3.0,2.67,5.0,4.0,2.33,2.0
2.0,3300.0,8090.0,2.0,2.0,61.0,60.5,,,16.0,40.0,25.0,2.0,3.0,1.0,1.0,16.0,1.0,5.0,0.0,1.0,4.0,4.6675,4.6675,4.0024999999999995,3.665,4.75,4.04,3.8333333333333335
2.0,1360.0,770.0,4.0,2.0,65.0,85.2,,,,48.0,41.0,2.0,3.0,5.0,2.0,17.0,4.0,1.0,2.0,1.0,4.0,5.33,5.5,5.33,4.0,5.0,5.25,4.0
2.0,4760.0,5370.0,2.0,2.0,31.0,39.7,4991.25,10.0,5.0,26.0,37.0,1.0,3.0,1.0,2.0,16.0,3.0,5.0,0.0,1.0,4.0,3.0,3.0,2.67,5.0,4.0,2.33,2.0
2.0,4500.0,8980.0,1.0,2.0,36.0,21.5,1270.5,3.0,50.0,40.0,32.0,1.0,1.0,1.0,1.0,16.0,1.0,1.0,0.0,1.0,,4.67,3.33,3.0,5.0,2.33,3.5,3.0
1.0,800.0,5190.0,1.0,2.0,60.0,76.3,36300.0,22.0,35.0,52.0,32.0,1.0,3.0,1.0,1.0,16.0,3.0,5.0,0.0,1.0,4.0,5.0,5.0,4.67,4.67,4.67,4.5,4.0
1.0,9420.0,6070.0,1.0,2.0,35.0,41.6,19965.0,19.0,56.0,52.0,54.0,1.0,2.0,1.0,1.0,12.0,1.0,5.0,4.0,1.0,1.0,3.33,5.0,2.67,4.33,4.33,4.17,2.5
1.0,6230.0,3870.0,2.0,1.0,44.0,28.7,3267.0,8.0,5.0,12.0,56.0,1.0,2.0,1.0,1.0,13.0,1.0,5.0,1.0,1.0,,3.67,4.33,2.83,3.0,4.83,3.83,2.0
2.0,710.0,7390.0,1.0,2.0,51.0,78.3,97883.49087,26.0,45.0,52.0,28.0,2.0,1.0,1.0,1.0,16.0,3.0,5.0,0.0,1.0,,5.33,5.33,5.0,6.0,3.67,5.17,4.0
2.0,2850.0,7470.0,4.0,2.0,67.0,73.6,97883.49087,26.0,,40.0,46.0,2.0,1.0,1.0,1.0,16.0,1.0,5.0,0.0,1.0,4.0,5.5,4.67,4.335,3.335,3.165,4.5,4.0
,4760.0,5170.0,6.0,2.0,31.0,39.7,,,,52.0,20.0,2.0,3.0,2.0,1.0,14.0,1.0,5.0,0.0,1.0,4.0,3.0,3.0,2.67,5.0,4.0,2.33,2.0
2.0,2850.0,8560.0,2.0,1.0,67.0,73.6,11797.5,16.0,20.0,50.0,31.0,1.0,1.0,1.0,1.0,16.0,4.0,5.0,0.0,1.0,,5.5,4.67,4.335,3.335,3.165,4.5,4.0
1.0,9130.0,6170.0,1.0,2.0,35.0,32.0,19965.0,19.0,43.0,50.0,49.0,1.0,,5.0,2.0,12.0,0.0,5.0,0.0,1.0,2.0,2.223333333333333,3.6666666666666665,2.11,2.8866666666666667,4.556666666666667,3.056666666666666,2.0
2.0,3600.0,8170.0,1.0,2.0,48.0,24.2,13612.5,17.0,40.0,52.0,59.0,2.0,2.0,5.0,2.0,16.0,3.0,4.0,2.0,1.0,4.0,2.915,3.0,2.3325,5.0825,4.6675,3.125,2.25
,,,4.0,,,,,,,0.0,65.0,1.0,1.0,1.0,2.0,,0.0,1.0,2.0,1.0,,,,,,,,
2.0,4220.0,7690.0,7.0,2.0,24.0,20.7,1996.5,5.0,,0.0,74.0,2.0,2.0,5.0,2.0,3.0,0.0,1.0,5.0,1.0,,1.67,2.0,1.33,4.33,3.0,2.0,3.0
,,,7.0,,,,,,,2.0,47.0,2.0,,5.0,2.0,17.0,3.0,4.0,3.0,1.0,,,,,,,,
1.0,2000.0,8290.0,7.0,2.0,51.0,63.7,,,,0.0,62.0,2.0,3.0,,1.0,14.0,2.0,1.0,8.0,1.0,2.0,5.465999999999999,5.0,4.668,6.6,3.601999999999999,4.566,4.8
2.0,3600.0,8170.0,2.0,2.0,48.0,24.2,,,30.0,,37.0,2.0,3.0,5.0,2.0,13.0,1.0,4.0,3.0,1.0,,2.915,3.0,2.3325,5.0825,4.6675,3.125,2.25
1.0,3600.0,8270.0,1.0,2.0,48.0,24.2,16335.0,18.0,40.0,40.0,50.0,2.0,,3.0,2.0,12.0,1.0,3.0,2.0,1.0,,2.915,3.0,2.3325,5.0825,4.6675,3.125,2.25
2.0,5700.0,770.0,2.0,2.0,47.0,38.8,8621.25,14.0,20.0,42.0,34.0,2.0,,3.0,,14.0,2.0,5.0,3.0,1.0,4.0,3.3325,3.0,2.9175,5.0825,4.8325,3.6225,2.5
1.0,2100.0,7270.0,2.0,2.0,69.0,91.1,7713.75,13.0,35.0,42.0,36.0,1.0,3.0,1.0,2.0,16.0,4.0,1.0,0.0,1.0,4.0,6.0,6.0,6.33,4.0,4.33,6.0,5.0
,5700.0,7270.0,5.0,2.0,47.0,38.8,,,,0.0,75.0,2.0,2.0,1.0,1.0,14.0,1.0,2.0,2.0,1.0,4.0,3.3325,3.0,2.9175,5.0825,4.8325,3.6225,2.5
,4220.0,7870.0,8.0,2.0,24.0,20.7,,,,0.0,41.0,2.0,,5.0,1.0,13.0,1.0,3.0,3.0,1.0,4.0,1.67,2.0,1.33,4.33,3.0,2.0,3.0
,,,7.0,,,,,,,0.0,36.0,2.0,3.0,1.0,2.0,7.0,0.0,1.0,3.0,1.0,,,,,,,,
2.0,4700.0,4970.0,1.0,1.0,38.0,43.0,,,42.0,52.0,41.0,1.0,3.0,1.0,2.0,17.0,1.0,1.0,8.0,1.0,,3.67,4.67,3.67,4.33,4.0,4.0,2.0
,5610.0,1370.0,5.0,2.0,35.0,23.7,,,,0.0,79.0,1.0,1.0,1.0,1.0,12.0,1.0,1.0,2.0,1.0,4.0,2.67,3.0,2.67,5.33,4.33,2.83,2.0
2.0,3930.0,7680.0,1.0,2.0,34.0,34.7,11797.5,16.0,40.0,52.0,26.0,1.0,2.0,1.0,1.0,13.0,1.0,5.0,0.0,1.0,,3.665,4.835,3.165,3.835,5.165,3.335,2.0
,3600.0,8370.0,5.0,2.0,48.0,24.2,,,,0.0,55.0,2.0,2.0,1.0,1.0,12.0,0.0,5.0,1.0,1.0,,2.915,3.0,2.3325,5.0825,4.6675,3.125,2.25
2.0,3600.0,8190.0,1.0,2.0,48.0,24.2,,,35.0,0.0,34.0,1.0,,5.0,1.0,12.0,1.0,5.0,0.0,1.0,,2.915,3.0,2.3325,5.0825,4.6675,3.125,2.25
2.0,9130.0,6380.0,1.0,2.0,35.0,32.0,29947.5,21.0,40.0,48.0,54.0,1.0,2.0,1.0,1.0,12.0,1.0,5.0,0.0,1.0,4.0,2.223333333333333,3.6666666666666665,2.11,2.8866666666666667,4.556666666666667,3.056666666666666,2.0
1.0,350.0,8270.0,1.0,2.0,64.0,71.8,58080.0,25.0,50.0,47.0,61.0,2.0,2.0,1.0,1.0,15.0,1.0,5.0,0.0,1.0,4.0,5.0,6.0,4.67,6.0,5.67,6.0,4.0
,5700.0,7270.0,5.0,2.0,47.0,38.8,,,,0.0,72.0,2.0,2.0,1.0,1.0,14.0,1.0,5.0,0.0,1.0,4.0,3.3325,3.0,2.9175,5.0825,4.8325,3.6225,2.5
4.0,5400.0,7480.0,1.0,2.0,38.0,25.7,11797.5,16.0,40.0,50.0,54.0,2.0,2.0,1.0,1.0,16.0,1.0,5.0,0.0,1.0,,3.0,3.0,2.33,5.67,4.0,2.67,2.0
4.0,3245.0,8190.0,3.0,2.0,62.0,71.4,29947.5,21.0,,2.0,57.0,2.0,2.0,5.0,1.0,20.0,4.0,4.0,1.0,1.0,,,,,,,,
1.0,1300.0,7290.0,1.0,2.0,73.0,84.0,,,40.0,44.0,60.0,1.0,3.0,5.0,2.0,18.0,3.0,1.0,0.0,1.0,4.0,5.335,5.835,5.17,3.5,3.665,5.335,4.5
,2320.0,7860.0,5.0,2.0,64.0,82.5,,,,0.0,86.0,2.0,,1.0,2.0,16.0,4.0,5.0,0.0,1.0,,5.5,5.165,4.165,6.5,4.5,5.08,4.0
,3800.0,9470.0,5.0,2.0,40.0,45.1,,,,0.0,66.0,1.0,1.0,1.0,1.0,12.0,1.0,1.0,2.0,1.0,,3.665,4.17,3.165,5.165,5.335,3.415,2.5
3.0,5700.0,8190.0,1.0,2.0,47.0,38.8,19965.0,19.0,35.0,52.0,55.0,2.0,3.0,5.0,2.0,12.0,1.0,2.0,3.0,1.0,,3.3325,3.0,2.9175,5.0825,4.8325,3.6225,2.5
1.0,3600.0,9290.0,1.0,2.0,48.0,24.2,24502.5,20.0,40.0,52.0,48.0,1.0,2.0,1.0,2.0,12.0,1.0,1.0,2.0,1.0,4.0,2.915,3.0,2.3325,5.0825,4.6675,3.125,2.25
2.0,3600.0,8170.0,2.0,2.0,48.0,24.2,,,28.0,10.0,34.0,2.0,2.0,5.0,2.0,14.0,1.0,5.0,2.0,1.0,,2.915,3.0,2.3325,5.0825,4.6675,3.125,2.25
3.0,2310.0,7860.0,1.0,2.0,61.0,80.9,13612.5,17.0,36.0,,32.0,2.0,3.0,5.0,2.0,16.0,2.0,3.0,0.0,1.0,1.0,5.333333333333333,5.33,4.22,6.22,4.22,4.78,4.0
,5700.0,9370.0,5.0,2.0,47.0,38.8,4083.75,9.0,,52.0,68.0,2.0,3.0,1.0,1.0,15.0,1.0,3.0,0.0,1.0,1.0,3.3325,3.0,2.9175,5.0825,4.8325,3.6225,2.5
4.0,4720.0,5390.0,7.0,2.0,28.0,21.6,,,,,35.0,2.0,2.0,1.0,1.0,12.0,1.0,5.0,0.0,1.0,4.0,2.5,2.835,2.0,4.5,4.0,2.335,2.0
1.0,3600.0,8370.0,2.0,2.0,48.0,24.2,,,28.0,,44.0,2.0,1.0,3.0,1.0,12.0,0.0,5.0,5.0,1.0,,2.915,3.0,2.3325,5.0825,4.6675,3.125,2.25
1.0,4000.0,8680.0,7.0,2.0,50.0,32.6,,,,19.0,48.0,1.0,2.0,1.0,2.0,12.0,1.0,4.0,2.0,1.0,1.0,5.0,6.0,5.33,4.67,3.67,4.5,3.0
,,,8.0,,,,,,,0.0,43.0,1.0,,3.0,1.0,14.0,1.0,3.0,7.0,1.0,4.0,,,,,,,
,4700.0,5790.0,6.0,2.0,38.0,43.0,4991.25,10.0,,15.0,43.0,2.0,2.0,3.0,1.0,13.0,1.0,4.0,4.0,1.0,,3.67,4.67,3.67,4.33,4.0,4.0,2.0
1.0,4020.0,8680.0,4.0,2.0,33.0,13.6,,,,0.0,45.0,2.0,1.0,3.0,1.0,12.0,1.0,4.0,6.0,1.0,4.0,2.732,3.665999999999999,2.268,4.066,3.6,2.6,2.2
,5400.0,7980.0,5.0,2.0,38.0,25.7,,,,0.0,63.0,2.0,,3.0,1.0,13.0,1.0,5.0,1.0,1.0,4.0,3.0,3.0,2.33,5.67,4.0,2.67,2.0
4.0,9620.0,6080.0,4.0,2.0,25.0,23.3,,,,,27.0,1.0,,3.0,1.0,12.0,1.0,5.0,0.0,1.0,4.0,2.0,2.0,2.0,4.33,4.33,2.17,2.0
2.0,3600.0,8170.0,2.0,2.0,48.0,24.2,11797.5,16.0,31.0,52.0,37.0,2.0,3.0,5.0,2.0,16.0,3.0,3.0,2.0,1.0,,2.915,3.0,2.3325,5.0825,4.6675,3.125,2.25
,3930.0,8690.0,5.0,2.0,34.0,34.7,,,,0.0,60.0,2.0,2.0,1.0,1.0,12.0,1.0,1.0,1.0,1.0,4.0,3.665,4.835,3.165,3.835,5.165,3.335,2.0
1.0,,,4.0,,,,,,,,22.0,1.0,2.0,1.0,1.0,,0.0,,4.0,1.0,4.0,,,,,,,
2.0,9620.0,4470.0,4.0,2.0,25.0,23.3,,,,0.0,44.0,1.0,2.0,1.0,1.0,10.0,0.0,5.0,0.0,1.0,4.0,2.0,2.0,2.0,4.33,4.33,2.17,2.0
1.0,4220.0,8290.0,1.0,2.0,24.0,20.7,,,40.0,52.0,24.0,1.0,3.0,1.0,2.0,12.0,1.0,5.0,0.0,1.0,,1.67,2.0,1.33,4.33,3.0,2.0,3.0
1.0,,,3.0,2.0,,,,,,0.0,51.0,1.0,2.0,,1.0,13.0,1.0,5.0,6.0,1.0,4.0,,,,,,,
2.0,5240.0,8370.0,2.0,2.0,31.0,37.6,,,25.0,52.0,39.0,2.0,2.0,1.0,1.0,14.0,1.0,5.0,2.0,1.0,4.0,3.835,4.0,3.335,6.165,4.5,3.58,2.5
1.0,2100.0,9170.0,1.0,2.0,69.0,91.1,,,40.0,,55.0,1.0,2.0,1.0,1.0,20.0,3.0,5.0,1.0,1.0,4.0,6.0,6.0,6.33,4.0,4.33,6.0,5.0
,3600.0,8270.0,8.0,2.0,48.0,24.2,4083.75,9.0,,52.0,48.0,2.0,1.0,3.0,1.0,11.0,0.0,5.0,4.0,1.0,4.0,2.915,3.0,2.3325,5.0825,4.6675,3.125,2.25
1.0,4820.0,6970.0,1.0,1.0,58.0,71.0,97883.49087,26.0,45.0,52.0,60.0,1.0,1.0,1.0,1.0,16.0,3.0,1.0,0.0,1.0,4.0,5.17,5.08,4.42,4.75,4.42,5.17,4.0
1.0,5860.0,9470.0,1.0,2.0,32.0,35.8,58080.0,25.0,40.0,52.0,60.0,2.0,1.0,1.0,1.0,16.0,3.0,3.0,2.0,1.0,1.0,2.33,2.67,2.33,5.67,4.33,2.5,2.0
,3820.0,9470.0,7.0,2.0,58.0,73.5,,,,0.0,70.0,2.0,3.0,5.0,2.0,17.0,3.0,2.0,1.0,1.0,4.0,4.7925,4.5,4.4575,4.1675,5.0425,5.0024999999999995,3.25
,2160.0,,5.0,2.0,44.0,56.8,,,,0.0,65.0,1.0,1.0,1.0,1.0,18.0,4.0,1.0,2.0,1.0,4.0,4.0,3.835,2.835,4.0,4.5,3.665,2.5
3.0,2010.0,8180.0,1.0,2.0,54.0,62.9,,,40.0,52.0,54.0,1.0,2.0,1.0,1.0,13.0,1.0,5.0,0.0,1.0,4.0,5.890000000000001,5.4433333333333325,4.0,6.446666666666666,4.67,4.886666666666667,4.666666666666667
3.0,5630.0,8270.0,7.0,2.0,34.0,31.6,,,,0.0,45.0,2.0,2.0,4.0,1.0,11.0,0.0,5.0,4.0,1.0,4.0,2.33,2.67,2.33,5.0,4.33,2.5,2.0
2.0,9610.0,9170.0,2.0,2.0,22.0,17.5,,,25.0,52.0,38.0,2.0,3.0,2.0,1.0,12.0,1.0,1.0,5.0,1.0,4.0,1.33,2.33,1.0,3.67,3.67,1.83,2.0
2.0,8140.0,2870.0,1.0,2.0,38.0,28.4,726.0,2.0,40.0,30.0,22.0,1.0,3.0,5.0,2.0,15.0,0.0,5.0,1.0,1.0,4.0,2.415,3.25,2.25,3.75,5.25,3.0,2.0
,2310.0,7860.0,5.0,2.0,61.0,80.9,,,,0.0,76.0,2.0,1.0,1.0,1.0,16.0,3.0,2.0,1.0,1.0,1.0,5.333333333333333,5.33,4.22,6.22,4.22,4.78,4.0
2.0,2010.0,8190.0,1.0,2.0,54.0,62.9,97883.49087,26.0,45.0,52.0,42.0,1.0,1.0,1.0,1.0,20.0,4.0,1.0,3.0,1.0,4.0,5.890000000000001,5.4433333333333325,4.0,6.446666666666666,4.67,4.886666666666667,4.666666666666667
1.0,3050.0,5070.0,7.0,2.0,66.0,92.0,,,,0.0,89.0,2.0,1.0,1.0,1.0,16.0,3.0,2.0,2.0,1.0,4.0,4.67,4.67,5.67,5.0,5.33,4.67,5.0
,,,5.0,2.0,,,,,,0.0,89.0,2.0,1.0,1.0,1.0,12.0,1.0,2.0,5.0,1.0,4.0,,,,,,,
2.0,4760.0,5480.0,7.0,2.0,31.0,39.7,,,,0.0,56.0,2.0,1.0,1.0,1.0,16.0,3.0,1.0,3.0,1.0,4.0,3.0,3.0,2.67,5.0,4.0,2.33,2.0
1.0,2016.0,9170.0,1.0,2.0,44.0,43.8,24502.5,20.0,40.0,40.0,55.0,2.0,2.0,1.0,1.0,14.0,2.0,5.0,1.0,1.0,,3.67,4.0,3.33,6.0,5.0,3.5,4.0
2.0,120.0,8180.0,1.0,2.0,53.0,69.3,97883.49087,26.0,60.0,52.0,41.0,1.0,1.0,1.0,1.0,18.0,4.0,1.0,3.0,1.0,4.0,5.5,5.835,5.335,4.5,5.165,5.915,4.0
3.0,4850.0,7590.0,4.0,2.0,45.0,62.0,97883.49087,26.0,,52.0,53.0,1.0,1.0,1.0,1.0,16.0,3.0,1.0,2.0,1.0,,4.89,4.89,3.78,4.553333333333334,3.78,4.613333333333333,3.6666666666666665
3.0,2720.0,8290.0,1.0,2.0,65.0,59.4,7713.75,13.0,34.0,15.0,60.0,2.0,1.0,1.0,1.0,16.0,4.0,3.0,2.0,1.0,4.0,5.890000000000001,4.886666666666667,4.556666666666667,5.113333333333333,4.113333333333333,3.89,2.6666666666666665
,4710.0,6990.0,5.0,2.0,48.0,57.5,,,,0.0,72.0,2.0,1.0,5.0,1.0,13.0,1.0,1.0,2.0,1.0,,4.33,5.33,4.0,5.0,5.0,5.17,4.0
,110.0,7380.0,5.0,2.0,60.0,83.8,,,,0.0,72.0,1.0,1.0,1.0,1.0,16.0,3.0,3.0,1.0,1.0,4.0,5.33,5.0,5.33,4.33,5.67,6.5,4.0
,2630.0,6680.0,5.0,2.0,46.0,61.4,,,,0.0,72.0,2.0,1.0,1.0,1.0,16.0,3.0,3.0,3.0,1.0,,5.24,5.048571428571429,3.954285714285714,4.428571428571429,3.238571428571429,4.3342857142857145,3.5714285714285716
,50.0,7390.0,5.0,2.0,53.0,73.9,,,,0.0,89.0,2.0,1.0,1.0,1.0,16.0,3.0,2.0,3.0,1.0,4.0,5.665,5.67,5.0,4.835,5.165,5.835,4.0
,2540.0,7860.0,5.0,2.0,48.0,26.1,,,,0.0,71.0,2.0,1.0,1.0,1.0,12.0,1.0,1.0,3.0,1.0,,,,,,,,3.0
,2340.0,8090.0,5.0,2.0,38.0,59.1,1996.5,5.0,,4.0,74.0,2.0,1.0,1.0,1.0,17.0,3.0,2.0,3.0,1.0,,5.0,5.446666666666666,4.11,6.0,3.0,4.28,3.5
1.0,4510.0,8980.0,3.0,1.0,36.0,24.6,,,,52.0,30.0,2.0,1.0,1.0,1.0,16.0,3.0,5.0,0.0,1.0,4.0,4.0,5.0,2.67,6.33,2.0,3.17,3.0
,2830.0,6480.0,5.0,1.0,51.0,73.4,,,,0.0,77.0,2.0,1.0,1.0,1.0,16.0,3.0,2.0,0.0,1.0,,5.33,6.0,5.0,4.33,4.0,4.33,4.0
,5120.0,7570.0,5.0,2.0,45.0,38.3,,,,0.0,73.0,2.0,1.0,1.0,1.0,12.0,1.0,3.0,2.0,1.0,,3.67,3.67,3.0,4.67,5.0,3.67,3.0
1.0,1820.0,8370.0,2.0,1.0,71.0,88.7,8621.25,14.0,15.0,45.0,65.0,2.0,1.0,1.0,1.0,20.0,4.0,1.0,2.0,1.0,,5.609999999999999,5.78,5.11,6.609999999999999,3.946666666666667,5.583333333333333,5.0
2.0,1965.0,7460.0,1.0,2.0,43.0,55.1,19965.0,19.0,40.0,52.0,59.0,1.0,1.0,1.0,1.0,16.0,3.0,5.0,3.0,1.0,4.0,4.221666666666667,4.278333333333333,3.6666666666666665,3.776666666666667,4.776666666666666,4.193333333333333,3.2857142857142856
1.0,9200.0,6080.0,2.0,2.0,59.0,60.4,13612.5,17.0,42.0,52.0,49.0,1.0,1.0,1.0,1.0,13.0,1.0,1.0,0.0,1.0,,2.5,3.39,2.443333333333334,4.11,5.833333333333333,3.72,2.0
4.0,150.0,2190.0,1.0,2.0,52.0,71.6,50820.0,24.0,40.0,52.0,64.0,2.0,1.0,1.0,1.0,19.0,4.0,1.0,2.0,1.0,4.0,4.0,4.67,4.33,4.0,5.0,5.33,4.0
,740.0,2190.0,5.0,2.0,33.0,63.7,,,,0.0,70.0,1.0,1.0,1.0,1.0,18.0,4.0,1.0,1.0,1.0,4.0,5.066,5.134,4.268,4.134,3.868,4.568,3.7142857142857144
,4840.0,7380.0,5.0,2.0,43.0,61.2,11797.5,16.0,,52.0,68.0,1.0,1.0,1.0,1.0,14.0,1.0,1.0,0.0,1.0,4.0,5.17,5.08,4.42,4.75,4.42,5.17,3.0
2.0,3230.0,7860.0,1.0,2.0,59.0,88.3,50820.0,24.0,36.0,45.0,31.0,1.0,1.0,1.0,2.0,18.0,4.0,1.0,1.0,1.0,1.0,5.67,5.33,4.67,6.67,4.0,5.17,5.0
2.0,2600.0,7470.0,7.0,1.0,46.0,60.1,,,,0.0,36.0,2.0,1.0,1.0,1.0,16.0,3.0,1.0,2.0,1.0,4.0,5.6675,5.75,4.25,3.4175,2.665,4.75,3.5
2.0,9620.0,5390.0,2.0,2.0,25.0,23.3,8621.25,14.0,32.0,52.0,36.0,1.0,1.0,1.0,1.0,16.0,1.0,5.0,2.0,1.0,4.0,2.0,2.0,2.0,4.33,4.33,2.17,2.0
2.0,3320.0,8090.0,2.0,2.0,59.0,69.3,,,24.0,52.0,45.0,2.0,1.0,1.0,1.0,16.0,3.0,1.0,2.0,1.0,,4.7,4.468,3.898000000000001,5.468,5.434,4.682,3.0
1.0,2310.0,7860.0,2.0,2.0,61.0,80.9,3267.0,8.0,10.0,24.0,67.0,1.0,1.0,1.0,1.0,20.0,4.0,1.0,2.0,1.0,2.0,5.333333333333333,5.33,4.22,6.22,4.22,4.78,4.0
2.0,520.0,7590.0,2.0,2.0,45.0,50.0,,,10.0,0.0,52.0,2.0,1.0,1.0,1.0,16.0,3.0,1.0,4.0,1.0,4.0,4.0,4.0,3.67,4.0,4.0,3.5,3.0
2.0,5240.0,7860.0,1.0,2.0,31.0,37.6,36300.0,22.0,55.0,44.0,35.0,2.0,3.0,5.0,2.0,20.0,4.0,2.0,0.0,1.0,1.0,3.835,4.0,3.335,6.165,4.5,3.58,2.5
1.0,5240.0,8190.0,1.0,2.0,31.0,37.6,19965.0,19.0,40.0,52.0,28.0,2.0,2.0,1.0,2.0,18.0,4.0,5.0,0.0,1.0,1.0,3.835,4.0,3.335,6.165,4.5,3.58,2.5
2.0,2630.0,7890.0,1.0,1.0,46.0,61.4,24502.5,20.0,40.0,51.0,41.0,2.0,2.0,1.0,1.0,16.0,4.0,5.0,0.0,1.0,,5.24,5.048571428571429,3.954285714285714,4.428571428571429,3.238571428571429,4.3342857142857145,3.5714285714285716
1.0,50.0,6670.0,1.0,2.0,53.0,73.9,11797.5,16.0,50.0,40.0,23.0,2.0,1.0,1.0,1.0,17.0,4.0,5.0,0.0,1.0,4.0,5.665,5.67,5.0,4.835,5.165,5.835,4.0
,9130.0,6380.0,6.0,2.0,35.0,32.0,7713.75,13.0,,,27.0,2.0,2.0,,2.0,17.0,3.0,5.0,0.0,1.0,,2.223333333333333,3.6666666666666665,2.11,2.8866666666666667,4.556666666666667,3.056666666666666,2.0
2.0,9610.0,,2.0,2.0,22.0,17.5,11797.5,16.0,30.0,49.0,55.0,1.0,3.0,2.0,2.0,16.0,3.0,1.0,0.0,1.0,3.0,1.33,2.33,1.0,3.67,3.67,1.83,2.0
,4220.0,7690.0,5.0,2.0,24.0,20.7,,,,0.0,69.0,2.0,1.0,1.0,2.0,4.0,0.0,2.0,1.0,1.0,,1.67,2.0,1.33,4.33,3.0,2.0,3.0
,9120.0,9370.0,5.0,2.0,35.0,31.6,,,,0.0,65.0,2.0,1.0,1.0,1.0,12.0,1.0,5.0,0.0,1.0,4.0,3.0,4.33,2.0,5.0,5.0,3.0,2.0
3.0,2010.0,9170.0,1.0,2.0,54.0,62.9,29947.5,21.0,52.0,52.0,38.0,2.0,2.0,1.0,2.0,14.0,2.0,1.0,3.0,1.0,4.0,5.890000000000001,5.4433333333333325,4.0,6.446666666666666,4.67,4.886666666666667,4.666666666666667
1.0,9130.0,4870.0,1.0,2.0,35.0,32.0,16335.0,18.0,40.0,52.0,37.0,1.0,1.0,1.0,1.0,12.0,1.0,5.0,0.0,1.0,,2.223333333333333,3.6666666666666665,2.11,2.8866666666666667,4.556666666666667,3.056666666666666,2.0
,9130.0,8680.0,5.0,2.0,35.0,32.0,,,,0.0,70.0,1.0,1.0,1.0,1.0,12.0,1.0,4.0,2.0,1.0,4.0,2.223333333333333,3.6666666666666665,2.11,2.8866666666666667,4.556666666666667,3.056666666666666,2.0
,6520.0,770.0,5.0,2.0,35.0,34.1,,,,0.0,62.0,1.0,1.0,1.0,1.0,12.0,1.0,1.0,3.0,1.0,1.0,3.0,3.67,2.33,3.33,5.0,3.17,2.0
,2320.0,7860.0,5.0,2.0,64.0,82.5,,,,0.0,70.0,2.0,1.0,1.0,1.0,18.0,4.0,3.0,3.0,1.0,1.0,5.5,5.165,4.165,6.5,4.5,5.08,4.0
,120.0,8180.0,5.0,2.0,53.0,69.3,,,,0.0,64.0,2.0,1.0,1.0,1.0,15.0,2.0,3.0,2.0,1.0,4.0,5.5,5.835,5.335,4.5,5.165,5.915,4.0
,2010.0,8370.0,5.0,2.0,54.0,62.9,,,,0.0,60.0,2.0,1.0,5.0,1.0,16.0,3.0,2.0,0.0,1.0,,5.890000000000001,5.4433333333333325,4.0,6.446666666666666,4.67,4.886666666666667,4.666666666666667
1.0,3649.0,8180.0,1.0,2.0,53.0,30.0,19965.0,19.0,40.0,52.0,42.0,2.0,2.0,1.0,1.0,13.0,1.0,5.0,0.0,1.0,4.0,4.0,2.67,3.0,4.0,4.67,3.5,3.0
4.0,4610.0,8370.0,1.0,2.0,48.0,20.1,,,40.0,52.0,27.0,1.0,2.0,1.0,2.0,16.0,3.0,1.0,0.0,1.0,,4.0,3.33,2.67,5.67,4.0,3.0,2.0
2.0,2200.0,7870.0,1.0,2.0,74.0,84.5,29947.5,21.0,60.0,52.0,,2.0,2.0,1.0,1.0,20.0,4.0,5.0,0.0,1.0,4.0,5.658888888888889,5.612222222222222,5.184722222222223,5.074166666666667,3.1766666666666667,5.342777777777778,4.944444444444445
,1410.0,3360.0,5.0,2.0,73.0,86.5,,,,0.0,66.0,1.0,1.0,1.0,1.0,18.0,3.0,1.0,1.0,1.0,2.0,5.0,5.22,4.776666666666666,3.33,4.556666666666667,5.113333333333333,4.0
1.0,725.0,9090.0,1.0,2.0,49.0,62.1,36300.0,22.0,40.0,52.0,58.0,2.0,2.0,1.0,2.0,16.0,3.0,3.0,1.0,1.0,4.0,5.0,5.33,5.0,6.33,3.33,4.83,4.0
,800.0,1680.0,5.0,2.0,60.0,76.3,5898.75,11.0,,8.0,69.0,1.0,1.0,1.0,1.0,16.0,3.0,1.0,1.0,1.0,4.0,5.0,5.0,4.67,4.67,4.67,4.5,4.0
2.0,2100.0,7270.0,1.0,2.0,69.0,91.1,97883.49087,26.0,40.0,52.0,37.0,2.0,3.0,1.0,1.0,16.0,4.0,1.0,1.0,1.0,4.0,6.0,6.0,6.33,4.0,4.33,6.0,5.0
,2320.0,7870.0,6.0,2.0,64.0,82.5,24502.5,20.0,,42.0,49.0,2.0,1.0,1.0,1.0,16.0,3.0,1.0,2.0,1.0,1.0,5.5,5.165,4.165,6.5,4.5,5.08,4.0
,10.0,9170.0,5.0,2.0,72.0,77.4,,,,0.0,72.0,1.0,1.0,1.0,1.0,19.0,4.0,1.0,1.0,1.0,4.0,6.5,6.835,6.5,5.0,4.33,6.33,5.0
,2310.0,7860.0,6.0,,61.0,80.9,,,,0.0,22.0,2.0,1.0,1.0,1.0,16.0,4.0,5.0,0.0,1.0,,5.333333333333333,5.33,4.22,6.22,4.22,4.78,4.0
,1020.0,3390.0,5.0,2.0,60.0,87.9,,,,0.0,80.0,1.0,1.0,1.0,1.0,20.0,4.0,1.0,1.0,1.0,4.0,5.0,5.0,4.67,4.33,5.0,5.0,4.0
2.0,120.0,7070.0,1.0,2.0,53.0,69.3,97883.49087,26.0,40.0,52.0,57.0,1.0,1.0,1.0,1.0,18.0,4.0,1.0,2.0,1.0,,5.5,5.835,5.335,4.5,5.165,5.915,4.0
,5300.0,8660.0,5.0,2.0,30.0,24.1,29947.5,21.0,,0.0,75.0,2.0,1.0,1.0,1.0,15.0,1.0,1.0,2.0,1.0,4.0,2.33,3.0,2.33,6.0,3.67,2.17,2.0
2.0,1105.0,7970.0,1.0,2.0,61.0,74.8,19965.0,19.0,40.0,20.0,32.0,1.0,1.0,1.0,1.0,16.0,3.0,4.0,2.0,1.0,,4.67,4.33,4.67,4.0,5.33,5.5,4.0
4.0,5550.0,6370.0,7.0,2.0,45.0,58.4,3267.0,8.0,,0.0,34.0,2.0,3.0,3.0,1.0,14.0,1.0,1.0,0.0,4.0,,2.33,3.0,2.67,3.67,4.0,3.5,2.0
2.0,4610.0,9480.0,1.0,2.0,48.0,20.1,13612.5,17.0,30.0,52.0,34.0,1.0,3.0,2.0,1.0,12.0,1.0,5.0,0.0,4.0,4.0,4.0,3.33,2.67,5.67,4.0,3.0,2.0
,,,8.0,,,,,,,0.0,34.0,1.0,3.0,2.0,1.0,12.0,1.0,5.0,0.0,4.0,4.0,,,,,,,
1.0,20.0,7390.0,1.0,2.0,50.0,68.6,36300.0,22.0,50.0,46.0,64.0,1.0,1.0,1.0,1.0,14.0,1.0,1.0,3.0,4.0,4.0,5.33,6.0,5.67,6.33,4.67,6.0,4.0
,8500.0,3890.0,5.0,1.0,42.0,27.1,,,,0.0,71.0,1.0,3.0,2.0,2.0,9.0,1.0,1.0,0.0,4.0,,3.33,3.33,2.67,4.33,3.67,3.17,2.0
2.0,3930.0,7680.0,1.0,2.0,34.0,34.7,726.0,2.0,40.0,28.0,21.0,1.0,3.0,5.0,2.0,12.0,1.0,5.0,0.0,4.0,4.0,3.665,4.835,3.165,3.835,5.165,3.335,2.0
2.0,3245.0,8090.0,2.0,2.0,62.0,71.4,4083.75,9.0,25.0,52.0,29.0,,1.0,1.0,1.0,20.0,4.0,1.0,2.0,4.0,4.0,,,,,,,
2.0,5400.0,9370.0,2.0,2.0,38.0,25.7,7713.75,13.0,25.0,52.0,62.0,2.0,1.0,3.0,1.0,15.0,1.0,3.0,2.0,4.0,4.0,3.0,3.0,2.33,5.67,4.0,2.67,2.0
,4050.0,8680.0,5.0,2.0,21.0,14.0,,,,0.0,73.0,2.0,3.0,1.0,2.0,13.0,0.0,1.0,0.0,4.0,4.0,1.67,1.83,1.67,4.5,4.0,1.92,2.0
1.0,1050.0,7860.0,3.0,2.0,48.0,64.5,,,,44.0,62.0,1.0,1.0,1.0,1.0,15.0,1.0,1.0,3.0,4.0,,5.165,4.5,4.165,4.165,5.0,4.92,3.5
,7810.0,4970.0,5.0,2.0,28.0,18.8,,,,0.0,,1.0,3.0,2.0,2.0,1.0,0.0,2.0,3.0,4.0,1.0,2.1133333333333333,2.3333333333333335,1.7766666666666666,3.776666666666667,3.89,2.056666666666666,2.0
,910.0,6890.0,5.0,2.0,45.0,62.1,,,,0.0,74.0,2.0,1.0,1.0,1.0,14.0,1.0,2.0,1.0,4.0,4.0,5.0,5.33,4.335,5.835,4.335,4.5,4.0
2.0,9620.0,5390.0,1.0,2.0,25.0,23.3,,,40.0,0.0,26.0,2.0,,2.0,1.0,6.0,0.0,5.0,2.0,4.0,,2.0,2.0,2.0,4.33,4.33,2.17,2.0
3.0,,,7.0,,,,,,,0.0,58.0,2.0,3.0,1.0,1.0,17.0,3.0,5.0,4.0,4.0,4.0,,,,,,,
2.0,4720.0,8680.0,1.0,2.0,28.0,21.6,1633.5,4.0,37.0,12.0,18.0,2.0,3.0,2.0,1.0,12.0,1.0,5.0,0.0,4.0,4.0,2.5,2.835,2.0,4.5,4.0,2.335,2.0
3.0,9600.0,5080.0,1.0,2.0,35.0,20.9,16335.0,18.0,44.0,52.0,22.0,1.0,1.0,2.0,1.0,12.0,1.0,5.0,1.0,4.0,4.0,2.33,3.0,2.33,4.33,4.33,2.5,2.0
4.0,9130.0,6290.0,4.0,2.0,35.0,32.0,1270.5,3.0,,20.0,30.0,1.0,2.0,1.0,1.0,12.0,1.0,5.0,0.0,4.0,4.0,2.223333333333333,3.6666666666666665,2.11,2.8866666666666667,4.556666666666667,3.056666666666666,2.0
1.0,3850.0,9470.0,1.0,2.0,60.0,65.3,36300.0,22.0,60.0,52.0,39.0,1.0,3.0,5.0,1.0,16.0,3.0,5.0,2.0,4.0,4.0,5.67,5.67,5.17,5.67,5.67,4.75,3.0
,,,6.0,,,,,,,5.0,19.0,1.0,3.0,2.0,1.0,13.0,1.0,5.0,0.0,4.0,,,,,,,,
2.0,2540.0,7860.0,2.0,2.0,48.0,26.1,2359.5,6.0,15.0,52.0,41.0,2.0,2.0,1.0,1.0,12.0,1.0,5.0,1.0,4.0,,,,,,,,3.0
2.0,4510.0,8890.0,2.0,2.0,36.0,24.6,,,20.0,0.0,38.0,2.0,3.0,2.0,2.0,11.0,0.0,2.0,2.0,4.0,,4.0,5.0,2.67,6.33,2.0,3.17,3.0
2.0,410.0,7070.0,1.0,2.0,41.0,54.6,7713.75,13.0,80.0,52.0,24.0,2.0,3.0,1.0,1.0,18.0,3.0,1.0,0.0,4.0,,5.0,5.67,4.33,4.33,3.67,4.83,4.0
,6660.0,9570.0,5.0,2.0,49.0,53.9,,,,0.0,66.0,1.0,1.0,1.0,1.0,14.0,1.0,1.0,2.0,4.0,1.0,4.33,5.0,3.67,4.33,5.67,4.5,3.0
,7740.0,2670.0,6.0,2.0,34.0,33.9,726.0,2.0,,0.0,33.0,1.0,1.0,1.0,1.0,12.0,1.0,5.0,1.0,4.0,3.0,3.0,2.33,2.33,3.33,5.0,3.33,2.0
1.0,3255.0,8190.0,1.0,2.0,64.0,84.2,29947.5,21.0,64.0,52.0,48.0,2.0,2.0,1.0,1.0,16.0,3.0,2.0,5.0,4.0,4.0,5.3340000000000005,4.934,4.8,6.066,5.734,5.1,4.4
4.0,4030.0,8680.0,2.0,2.0,21.0,13.6,5898.75,11.0,25.0,52.0,21.0,2.0,3.0,2.0,1.0,15.0,1.0,5.0,0.0,4.0,,1.67,1.67,1.67,4.67,4.67,2.0,2.0
2.0,4060.0,8680.0,2.0,2.0,24.0,14.6,5898.75,11.0,8.0,20.0,28.0,1.0,3.0,2.0,1.0,11.0,1.0,5.0,0.0,4.0,,1.835,2.25,1.835,4.415,3.835,2.21,2.0
1.0,8140.0,770.0,4.0,2.0,38.0,28.4,181.5,1.0,,52.0,28.0,1.0,3.0,2.0,1.0,12.0,1.0,2.0,2.0,4.0,1.0,2.415,3.25,2.25,3.75,5.25,3.0,2.0
1.0,4610.0,8180.0,7.0,2.0,48.0,20.1,,,,0.0,29.0,2.0,3.0,2.0,1.0,12.0,1.0,5.0,5.0,4.0,4.0,4.0,3.33,2.67,5.67,4.0,3.0,2.0
,,,6.0,,,,,,,0.0,18.0,1.0,3.0,2.0,1.0,11.0,0.0,5.0,0.0,4.0,4.0,,,,,,,
1.0,8920.0,3980.0,1.0,2.0,32.0,31.9,24502.5,20.0,60.0,52.0,40.0,1.0,3.0,5.0,1.0,14.0,2.0,1.0,1.0,4.0,4.0,3.3325,3.1675,2.5,3.8325,4.415,2.83,2.25
,7360.0,3870.0,5.0,2.0,33.0,46.6,,,,0.0,62.0,1.0,1.0,1.0,1.0,17.0,2.0,1.0,2.0,4.0,1.0,3.33,5.33,2.67,4.33,5.67,4.67,2.0
2.0,2720.0,8590.0,7.0,2.0,65.0,59.4,,,,4.0,39.0,1.0,1.0,1.0,1.0,12.0,1.0,1.0,2.0,4.0,4.0,5.890000000000001,4.886666666666667,4.556666666666667,5.113333333333333,4.113333333333333,3.89,2.6666666666666665
1.0,9140.0,6190.0,1.0,1.0,26.0,28.5,16335.0,18.0,26.0,52.0,,2.0,3.0,5.0,1.0,12.0,1.0,4.0,3.0,4.0,4.0,,,,,,,2.0
2.0,630.0,770.0,1.0,2.0,47.0,65.3,19965.0,19.0,40.0,48.0,53.0,2.0,1.0,2.0,1.0,18.0,1.0,5.0,0.0,4.0,4.0,4.556666666666667,4.333333333333333,4.0,5.446666666666666,4.333333333333333,4.163333333333333,3.3333333333333335
1.0,2000.0,8090.0,1.0,2.0,51.0,63.7,43560.0,23.0,40.0,49.0,41.0,2.0,1.0,5.0,2.0,18.0,4.0,1.0,0.0,4.0,3.0,5.465999999999999,5.0,4.668,6.6,3.601999999999999,4.566,4.8
,4850.0,4585.0,5.0,2.0,45.0,62.0,,,,0.0,72.0,1.0,3.0,1.0,2.0,14.0,4.0,1.0,3.0,4.0,4.0,4.89,4.89,3.78,4.553333333333334,3.78,4.613333333333333,3.6666666666666665
1.0,2910.0,7490.0,1.0,1.0,48.0,51.5,,,40.0,,34.0,2.0,3.0,5.0,1.0,14.0,1.0,5.0,1.0,4.0,,4.33,5.0,3.67,4.67,2.67,3.5,3.0
1.0,800.0,7280.0,1.0,1.0,60.0,76.3,29947.5,21.0,50.0,52.0,35.0,2.0,3.0,1.0,2.0,16.0,4.0,1.0,0.0,4.0,4.0,5.0,5.0,4.67,4.67,4.67,4.5,4.0
1.0,5610.0,7860.0,1.0,2.0,35.0,23.7,16335.0,18.0,30.0,48.0,46.0,2.0,1.0,5.0,2.0,14.0,2.0,1.0,2.0,4.0,1.0,2.67,3.0,2.67,5.33,4.33,2.83,2.0
,2310.0,7860.0,5.0,2.0,61.0,80.9,,,,0.0,80.0,2.0,1.0,1.0,1.0,18.0,4.0,5.0,0.0,4.0,4.0,5.333333333333333,5.33,4.22,6.22,4.22,4.78,4.0
1.0,5860.0,9370.0,1.0,2.0,32.0,35.8,19965.0,19.0,40.0,51.0,34.0,2.0,1.0,1.0,1.0,17.0,3.0,3.0,1.0,4.0,1.0,2.33,2.67,2.33,5.67,4.33,2.5,2.0
1.0,5700.0,8090.0,4.0,2.0,47.0,38.8,13612.5,17.0,,52.0,35.0,2.0,3.0,2.0,2.0,12.0,1.0,5.0,3.0,4.0,,3.3325,3.0,2.9175,5.0825,4.8325,3.6225,2.5
2.0,8965.0,3990.0,4.0,2.0,35.0,26.8,24502.5,20.0,,40.0,54.0,1.0,1.0,2.0,1.0,12.0,1.0,3.0,2.0,4.0,,3.0,3.443333333333334,2.776666666666667,3.556666666666666,4.556666666666667,3.276666666666667,2.0
,2310.0,7860.0,5.0,2.0,61.0,80.9,,,,0.0,73.0,1.0,1.0,1.0,1.0,17.0,3.0,1.0,4.0,4.0,4.0,5.333333333333333,5.33,4.22,6.22,4.22,4.78,4.0
1.0,5700.0,7270.0,1.0,2.0,47.0,38.8,19965.0,19.0,32.0,52.0,49.0,2.0,1.0,1.0,1.0,12.0,1.0,1.0,2.0,4.0,4.0,3.3325,3.0,2.9175,5.0825,4.8325,3.6225,2.5
2.0,5240.0,6190.0,1.0,2.0,31.0,37.6,19965.0,19.0,50.0,49.0,55.0,2.0,3.0,1.0,1.0,12.0,1.0,5.0,2.0,4.0,4.0,3.835,4.0,3.335,6.165,4.5,3.58,2.5
1.0,4610.0,8370.0,2.0,1.0,48.0,20.1,,,6.0,0.0,37.0,2.0,3.0,2.0,2.0,12.0,0.0,1.0,3.0,4.0,,4.0,3.33,2.67,5.67,4.0,3.0,2.0
4.0,4720.0,8680.0,2.0,2.0,28.0,21.6,3267.0,8.0,20.0,50.0,44.0,2.0,,2.0,2.0,12.0,0.0,,3.0,4.0,,2.5,2.835,2.0,4.5,4.0,2.335,2.0
2.0,6520.0,3580.0,1.0,2.0,35.0,34.1,29947.5,21.0,50.0,50.0,47.0,1.0,3.0,2.0,1.0,11.0,0.0,1.0,6.0,4.0,4.0,3.0,3.67,2.33,3.33,5.0,3.17,2.0
1.0,2750.0,8680.0,1.0,2.0,51.0,52.3,16335.0,18.0,40.0,48.0,37.0,1.0,3.0,2.0,1.0,13.0,1.0,5.0,3.0,4.0,4.0,5.83,4.415,4.75,5.25,2.585,4.17,4.0
2.0,2540.0,7860.0,3.0,2.0,48.0,26.1,4083.75,9.0,,52.0,,2.0,2.0,1.0,1.0,17.0,3.0,5.0,0.0,4.0,4.0,,,,,,,3.0
3.0,6260.0,770.0,2.0,2.0,28.0,25.2,1996.5,5.0,40.0,38.0,48.0,1.0,1.0,2.0,2.0,10.0,0.0,1.0,2.0,4.0,4.0,2.33,2.67,1.67,4.0,4.33,3.17,2.0
,4110.0,8680.0,7.0,2.0,31.0,19.6,,,,0.0,54.0,2.0,3.0,2.0,2.0,13.0,1.0,1.0,1.0,4.0,,2.33,2.33,2.0,6.0,3.33,2.0,2.0
2.0,6360.0,770.0,2.0,2.0,32.0,28.7,11797.5,16.0,30.0,28.0,28.0,1.0,1.0,2.0,1.0,14.0,1.0,5.0,0.0,4.0,,3.33,3.0,2.33,3.67,3.33,4.0,2.0
2.0,5520.0,9090.0,1.0,2.0,32.0,38.2,4991.25,10.0,40.0,50.0,42.0,2.0,3.0,2.0,1.0,13.0,1.0,5.0,3.0,4.0,4.0,3.665,4.335,3.335,4.665,5.335,4.0,2.0
,800.0,7270.0,5.0,2.0,60.0,76.3,,,,0.0,64.0,2.0,1.0,2.0,1.0,16.0,1.0,4.0,2.0,4.0,4.0,5.0,5.0,4.67,4.67,4.67,4.5,4.0
,4230.0,9290.0,5.0,1.0,25.0,12.6,,,,0.0,89.0,2.0,3.0,2.0,2.0,0.0,0.0,5.0,8.0,4.0,,1.67,2.0,1.0,5.33,2.67,1.67,2.0
,,,8.0,,,,,,,0.0,82.0,2.0,3.0,5.0,2.0,6.0,0.0,5.0,2.0,4.0,4.0,,,,,,,
1.0,3255.0,8190.0,1.0,2.0,64.0,84.2,29947.5,21.0,44.0,52.0,37.0,2.0,1.0,2.0,2.0,16.0,3.0,1.0,0.0,4.0,,5.3340000000000005,4.934,4.8,6.066,5.734,5.1,4.4
,7750.0,2370.0,5.0,2.0,35.0,25.0,,,,0.0,80.0,2.0,1.0,2.0,2.0,6.0,0.0,5.0,0.0,4.0,,2.4466666666666668,2.443333333333334,2.33,3.6633333333333336,4.556666666666667,2.8366666666666664,2.0
,,,6.0,,,,,,,0.0,19.0,1.0,3.0,2.0,1.0,13.0,1.0,5.0,0.0,4.0,4.0,,,,,,,
2.0,5240.0,4680.0,1.0,2.0,31.0,37.6,16335.0,18.0,40.0,50.0,69.0,2.0,3.0,2.0,1.0,14.0,1.0,1.0,2.0,4.0,4.0,3.835,4.0,3.335,6.165,4.5,3.58,2.5
4.0,3930.0,5170.0,2.0,2.0,34.0,34.7,2722.5,7.0,26.0,18.0,51.0,2.0,1.0,2.0,1.0,12.0,1.0,5.0,4.0,4.0,4.0,3.665,4.835,3.165,3.835,5.165,3.335,2.0
1.0,5860.0,9480.0,1.0,2.0,32.0,35.8,19965.0,19.0,40.0,45.0,68.0,2.0,1.0,2.0,1.0,12.0,1.0,2.0,4.0,4.0,1.0,2.33,2.67,2.33,5.67,4.33,2.5,2.0
2.0,5620.0,4390.0,1.0,2.0,25.0,23.8,11797.5,16.0,40.0,50.0,58.0,1.0,3.0,2.0,2.0,14.0,1.0,1.0,0.0,4.0,2.0,2.0,2.83,1.83,4.5,4.25,2.29,2.0
4.0,4740.0,9070.0,4.0,2.0,24.0,30.9,16335.0,18.0,,52.0,59.0,2.0,3.0,2.0,2.0,16.0,1.0,2.0,4.0,4.0,,2.33,2.67,2.0,4.33,4.0,2.17,2.0
,800.0,3960.0,5.0,2.0,60.0,76.3,,,,0.0,66.0,1.0,1.0,1.0,1.0,16.0,3.0,3.0,1.0,4.0,4.0,5.0,5.0,4.67,4.67,4.67,4.5,4.0
1.0,4230.0,8660.0,1.0,2.0,25.0,12.6,,,6.0,52.0,22.0,2.0,3.0,5.0,2.0,10.0,0.0,5.0,0.0,4.0,4.0,1.67,2.0,1.0,5.33,2.67,1.67,2.0
3.0,430.0,4260.0,2.0,1.0,39.0,67.7,,,20.0,52.0,34.0,1.0,3.0,1.0,1.0,16.0,3.0,5.0,0.0,4.0,,5.5,5.29125,4.875,4.8325,4.375,5.04125,4.0
,430.0,7780.0,5.0,2.0,39.0,67.7,,,,0.0,82.0,1.0,1.0,1.0,1.0,16.0,3.0,1.0,3.0,4.0,4.0,5.5,5.29125,4.875,4.8325,4.375,5.04125,4.0
,2320.0,7860.0,5.0,2.0,64.0,82.5,,,,0.0,74.0,1.0,1.0,1.0,2.0,16.0,2.0,3.0,4.0,4.0,1.0,5.5,5.165,4.165,6.5,4.5,5.08,4.0
2.0,2025.0,9370.0,1.0,2.0,56.0,53.8,43560.0,23.0,8.0,48.0,61.0,2.0,3.0,1.0,2.0,14.0,1.0,3.0,1.0,4.0,4.0,5.5,5.665,4.165,7.0,3.33,4.585,4.0
2.0,2630.0,7370.0,2.0,1.0,46.0,61.4,11797.5,16.0,40.0,52.0,64.0,1.0,1.0,5.0,1.0,17.0,2.0,1.0,1.0,4.0,4.0,5.24,5.048571428571429,3.954285714285714,4.428571428571429,3.238571428571429,4.3342857142857145,3.5714285714285716
,4000.0,8680.0,8.0,2.0,50.0,32.6,,,,48.0,42.0,1.0,1.0,4.0,1.0,14.0,2.0,5.0,0.0,4.0,4.0,5.0,6.0,5.33,4.67,3.67,4.5,3.0
3.0,630.0,7580.0,4.0,2.0,47.0,65.3,58080.0,25.0,,48.0,37.0,1.0,3.0,1.0,2.0,,0.0,5.0,0.0,4.0,4.0,4.556666666666667,4.333333333333333,4.0,5.446666666666666,4.333333333333333,4.163333333333333,3.3333333333333335
3.0,4720.0,8680.0,2.0,2.0,28.0,21.6,,,51.0,20.0,19.0,2.0,3.0,2.0,1.0,10.0,0.0,5.0,0.0,4.0,4.0,2.5,2.835,2.0,4.5,4.0,2.335,2.0
2.0,4620.0,8570.0,1.0,2.0,35.0,42.9,29947.5,21.0,45.0,48.0,37.0,2.0,1.0,1.0,1.0,17.0,3.0,5.0,0.0,4.0,1.0,4.5,5.0,3.165,6.0,4.0,3.67,3.5
3.0,430.0,6990.0,1.0,2.0,39.0,67.7,58080.0,25.0,50.0,52.0,70.0,2.0,1.0,1.0,1.0,18.0,3.0,3.0,1.0,4.0,,5.5,5.29125,4.875,4.8325,4.375,5.04125,4.0
3.0,4720.0,8590.0,7.0,2.0,28.0,21.6,,,,0.0,50.0,2.0,1.0,2.0,1.0,12.0,1.0,1.0,3.0,4.0,2.0,2.5,2.835,2.0,4.5,4.0,2.335,2.0
,4230.0,,8.0,2.0,25.0,12.6,,,,,39.0,2.0,3.0,2.0,2.0,10.0,0.0,1.0,3.0,4.0,4.0,1.67,2.0,1.0,5.33,2.67,1.67,2.0
2.0,,,1.0,2.0,,,,,40.0,,66.0,2.0,3.0,2.0,2.0,2.0,0.0,1.0,2.0,4.0,4.0,,,,,,,
2.0,4200.0,7690.0,7.0,1.0,37.0,33.2,726.0,2.0,,52.0,46.0,2.0,1.0,2.0,2.0,10.0,0.0,5.0,4.0,4.0,4.0,3.67,5.67,3.33,3.67,5.0,3.83,2.0
1.0,4030.0,8680.0,1.0,2.0,21.0,13.6,7713.75,13.0,36.0,52.0,41.0,2.0,3.0,2.0,2.0,6.0,0.0,5.0,3.0,4.0,4.0,1.67,1.67,1.67,4.67,4.67,2.0,2.0
3.0,1460.0,3190.0,1.0,2.0,70.0,83.8,97883.49087,26.0,60.0,26.0,48.0,1.0,3.0,1.0,2.0,18.0,4.0,1.0,7.0,4.0,1.0,5.886666666666667,5.4433333333333325,5.336666666666666,3.3366666666666664,3.776666666666667,5.5566666666666675,4.0
,2200.0,7870.0,5.0,2.0,74.0,84.5,,,,1.0,82.0,2.0,1.0,1.0,2.0,15.0,2.0,2.0,2.0,4.0,4.0,5.658888888888889,5.612222222222222,5.184722222222223,5.074166666666667,3.1766666666666667,5.342777777777778,4.944444444444445
2.0,5700.0,4580.0,7.0,2.0,47.0,38.8,,,,0.0,68.0,2.0,1.0,1.0,1.0,14.0,1.0,1.0,2.0,4.0,4.0,3.3325,3.0,2.9175,5.0825,4.8325,3.6225,2.5
,230.0,7860.0,5.0,2.0,59.0,75.5,97883.49087,26.0,,0.0,69.0,2.0,3.0,1.0,2.0,18.0,3.0,3.0,0.0,4.0,4.0,5.7524999999999995,6.0825,5.25,6.25,3.915,5.3325,4.5
1.0,410.0,7070.0,2.0,2.0,41.0,54.6,19965.0,19.0,3.0,52.0,89.0,2.0,1.0,1.0,1.0,16.0,1.0,3.0,2.0,4.0,4.0,5.0,5.67,4.33,4.33,3.67,4.83,4.0
1.0,5000.0,6990.0,1.0,2.0,46.0,52.0,97883.49087,26.0,60.0,51.0,62.0,1.0,1.0,1.0,1.0,16.0,3.0,1.0,2.0,4.0,4.0,4.33,5.33,4.33,5.33,5.67,4.83,3.0
,3255.0,8190.0,5.0,2.0,64.0,84.2,,,,0.0,82.0,2.0,3.0,1.0,2.0,18.0,1.0,3.0,2.0,4.0,4.0,5.3340000000000005,4.934,4.8,6.066,5.734,5.1,4.4
,1700.0,7460.0,5.0,2.0,75.0,87.8,,,,0.0,60.0,1.0,1.0,1.0,1.0,16.0,4.0,1.0,1.0,4.0,4.0,6.0,5.835,6.0,2.5,3.0,5.835,5.0
2.0,4760.0,5380.0,4.0,2.0,31.0,39.7,726.0,2.0,,8.0,18.0,2.0,1.0,2.0,1.0,13.0,1.0,5.0,0.0,4.0,4.0,3.0,3.0,2.67,5.0,4.0,2.33,2.0
,3850.0,9470.0,5.0,2.0,60.0,65.3,,,,0.0,64.0,1.0,1.0,1.0,1.0,18.0,3.0,1.0,0.0,4.0,4.0,5.67,5.67,5.17,5.67,5.67,4.75,3.0
,3010.0,7980.0,5.0,1.0,72.0,92.1,24502.5,20.0,,50.0,79.0,1.0,1.0,1.0,1.0,20.0,4.0,2.0,6.0,4.0,4.0,5.9175,6.4175,5.75,6.0,4.1675,5.75,5.0
1.0,430.0,7380.0,1.0,2.0,39.0,67.7,,,45.0,52.0,60.0,2.0,1.0,1.0,1.0,18.0,4.0,5.0,0.0,4.0,4.0,5.5,5.29125,4.875,4.8325,4.375,5.04125,4.0
2.0,5300.0,8660.0,1.0,2.0,30.0,24.1,181.5,1.0,40.0,8.0,38.0,1.0,1.0,1.0,1.0,18.0,4.0,5.0,0.0,4.0,4.0,2.33,3.0,2.33,6.0,3.67,2.17,2.0
3.0,3850.0,9470.0,1.0,2.0,60.0,65.3,97883.49087,26.0,40.0,52.0,39.0,1.0,1.0,1.0,1.0,16.0,3.0,1.0,1.0,4.0,,5.67,5.67,5.17,5.67,5.67,4.75,3.0
2.0,5120.0,3490.0,1.0,2.0,45.0,38.3,24502.5,20.0,40.0,52.0,,2.0,3.0,2.0,1.0,14.0,1.0,5.0,0.0,4.0,,3.67,3.67,3.0,4.67,5.0,3.67,3.0
,5300.0,8660.0,6.0,2.0,30.0,24.1,,,,3.0,35.0,2.0,1.0,1.0,2.0,15.0,3.0,5.0,0.0,4.0,4.0,2.33,3.0,2.33,6.0,3.67,2.17,2.0
1.0,10.0,7390.0,1.0,2.0,72.0,77.4,50820.0,24.0,55.0,52.0,61.0,1.0,1.0,1.0,1.0,16.0,3.0,3.0,3.0,4.0,4.0,6.5,6.835,6.5,5.0,4.33,6.33,5.0
3.0,5240.0,5790.0,1.0,2.0,31.0,37.6,1996.5,5.0,39.0,10.0,36.0,1.0,1.0,1.0,2.0,16.0,3.0,1.0,0.0,4.0,4.0,3.835,4.0,3.335,6.165,4.5,3.58,2.5
,,,6.0,,,,,,,18.0,22.0,2.0,1.0,1.0,1.0,16.0,3.0,5.0,0.0,4.0,,,,,,,,
1.0,2310.0,7860.0,2.0,2.0,61.0,80.9,13612.5,17.0,25.0,40.0,33.0,2.0,1.0,1.0,1.0,12.0,1.0,1.0,2.0,4.0,,5.333333333333333,5.33,4.22,6.22,4.22,4.78,4.0
1.0,710.0,7390.0,1.0,1.0,51.0,78.3,36300.0,22.0,50.0,52.0,47.0,1.0,1.0,1.0,1.0,17.0,3.0,5.0,0.0,4.0,,5.33,5.33,5.0,6.0,3.67,5.17,4.0
1.0,4850.0,4290.0,1.0,1.0,45.0,62.0,97883.49087,26.0,70.0,52.0,60.0,1.0,1.0,1.0,1.0,15.0,1.0,3.0,3.0,4.0,4.0,4.89,4.89,3.78,4.553333333333334,3.78,4.613333333333333,3.6666666666666665
2.0,2010.0,8090.0,1.0,2.0,54.0,62.9,24502.5,20.0,40.0,52.0,54.0,1.0,3.0,2.0,1.0,16.0,2.0,5.0,0.0,4.0,1.0,5.890000000000001,5.4433333333333325,4.0,6.446666666666666,4.67,4.886666666666667,4.666666666666667
1.0,410.0,7070.0,2.0,2.0,41.0,54.6,4991.25,10.0,10.0,10.0,63.0,1.0,1.0,1.0,1.0,17.0,4.0,3.0,0.0,4.0,4.0,5.0,5.67,4.33,4.33,3.67,4.83,4.0
2.0,2630.0,7460.0,1.0,2.0,46.0,61.4,97883.49087,26.0,40.0,52.0,54.0,2.0,1.0,1.0,1.0,16.0,4.0,1.0,2.0,4.0,,5.24,5.048571428571429,3.954285714285714,4.428571428571429,3.238571428571429,4.3342857142857145,3.5714285714285716
1.0,5400.0,8190.0,1.0,2.0,38.0,25.7,16335.0,18.0,40.0,50.0,65.0,2.0,3.0,1.0,2.0,16.0,4.0,1.0,1.0,4.0,4.0,3.0,3.0,2.33,5.67,4.0,2.67,2.0
1.0,9050.0,6070.0,1.0,2.0,44.0,52.6,19965.0,19.0,35.0,33.0,51.0,1.0,1.0,1.0,1.0,14.0,2.0,5.0,0.0,4.0,1.0,3.67,4.67,3.0,6.33,6.0,4.83,2.0
,,,8.0,,,,,,,,69.0,,3.0,,1.0,4.0,0.0,1.0,,4.0,4.0,,,,,,,
2.0,136.0,7580.0,4.0,2.0,53.0,68.6,19965.0,19.0,,42.0,36.0,1.0,3.0,5.0,1.0,15.0,1.0,3.0,0.0,4.0,4.0,5.33,5.0,5.67,6.0,4.33,5.33,4.0
2.0,430.0,,1.0,1.0,39.0,67.7,,,45.0,,,2.0,,1.0,1.0,16.0,2.0,,0.0,4.0,1.0,5.5,5.29125,4.875,4.8325,4.375,5.04125,4.0
1.0,5700.0,9370.0,1.0,2.0,47.0,38.8,29947.5,21.0,50.0,51.0,27.0,2.0,2.0,2.0,1.0,13.0,1.0,5.0,0.0,4.0,4.0,3.3325,3.0,2.9175,5.0825,4.8325,3.6225,2.5
4.0,2700.0,8560.0,4.0,1.0,58.0,55.0,,,,0.0,61.0,1.0,1.0,5.0,1.0,16.0,3.0,5.0,0.0,4.0,4.0,5.67,4.67,4.67,6.0,2.0,4.17,2.0
1.0,20.0,5180.0,4.0,2.0,50.0,68.6,36300.0,22.0,,52.0,31.0,1.0,3.0,5.0,1.0,16.0,3.0,5.0,0.0,4.0,4.0,5.33,6.0,5.67,6.33,4.67,6.0,4.0
,5110.0,5380.0,7.0,2.0,40.0,33.4,,,,0.0,35.0,2.0,3.0,5.0,2.0,12.0,1.0,5.0,3.0,4.0,4.0,2.67,4.0,2.67,4.5,4.5,3.08,3.0
2.0,600.0,7470.0,1.0,2.0,32.0,62.4,36300.0,22.0,40.0,52.0,50.0,2.0,3.0,1.0,1.0,16.0,3.0,1.0,3.0,4.0,,4.0,4.67,4.0,4.67,3.67,4.5,4.0
,8030.0,3960.0,5.0,2.0,40.0,38.3,,,,0.0,66.0,1.0,3.0,2.0,1.0,15.0,1.0,1.0,0.0,4.0,4.0,2.67,3.33,2.67,2.0,5.33,3.33,3.0
1.0,6260.0,770.0,1.0,2.0,28.0,25.2,11797.5,16.0,40.0,52.0,31.0,1.0,3.0,5.0,1.0,12.0,1.0,5.0,1.0,4.0,,2.33,2.67,1.67,4.0,4.33,3.17,2.0
2.0,,,1.0,1.0,,,,,20.0,50.0,29.0,2.0,1.0,1.0,2.0,12.0,0.0,5.0,0.0,4.0,4.0,,,,,,,
1.0,3930.0,8660.0,7.0,2.0,34.0,34.7,,,,0.0,35.0,2.0,2.0,1.0,1.0,13.0,1.0,5.0,1.0,4.0,4.0,3.665,4.835,3.165,3.835,5.165,3.335,2.0
1.0,9140.0,6190.0,1.0,1.0,26.0,28.5,9982.5,15.0,50.0,52.0,27.0,2.0,3.0,2.0,2.0,15.0,1.0,5.0,0.0,4.0,,,,,,,,2.0
1.0,2000.0,7860.0,1.0,2.0,51.0,63.7,7713.75,13.0,40.0,40.0,33.0,1.0,2.0,1.0,1.0,16.0,3.0,5.0,0.0,4.0,1.0,5.465999999999999,5.0,4.668,6.6,3.601999999999999,4.566,4.8
,3600.0,8270.0,5.0,2.0,48.0,24.2,,,,0.0,69.0,2.0,2.0,1.0,1.0,12.0,1.0,5.0,2.0,4.0,4.0,2.915,3.0,2.3325,5.0825,4.6675,3.125,2.25
1.0,2100.0,7270.0,1.0,2.0,69.0,91.1,58080.0,25.0,50.0,52.0,36.0,1.0,1.0,1.0,1.0,14.0,2.0,5.0,0.0,4.0,4.0,6.0,6.0,6.33,4.0,4.33,6.0,5.0
2.0,9120.0,6180.0,1.0,2.0,35.0,31.6,24502.5,20.0,70.0,52.0,38.0,1.0,3.0,5.0,1.0,12.0,1.0,4.0,1.0,4.0,,3.0,4.33,2.0,5.0,5.0,3.0,2.0
2.0,4760.0,5380.0,1.0,2.0,31.0,39.7,11797.5,16.0,39.0,52.0,50.0,2.0,2.0,3.0,1.0,12.0,1.0,3.0,1.0,4.0,,3.0,3.0,2.67,5.0,4.0,2.33,2.0
2.0,4800.0,7470.0,1.0,2.0,38.0,61.5,50820.0,24.0,40.0,52.0,33.0,2.0,1.0,3.0,1.0,16.0,3.0,5.0,0.0,4.0,4.0,5.0,5.33,4.67,6.33,4.67,5.33,4.0
4.0,3255.0,8190.0,1.0,2.0,64.0,84.2,,,42.0,52.0,39.0,2.0,1.0,1.0,1.0,16.0,3.0,5.0,0.0,4.0,,5.3340000000000005,4.934,4.8,6.066,5.734,5.1,4.4
2.0,2000.0,7870.0,1.0,2.0,51.0,63.7,29947.5,21.0,40.0,52.0,69.0,2.0,1.0,1.0,1.0,18.0,4.0,5.0,0.0,4.0,1.0,5.465999999999999,5.0,4.668,6.6,3.601999999999999,4.566,4.8
1.0,1820.0,8080.0,1.0,2.0,71.0,88.7,4991.25,10.0,40.0,50.0,,2.0,1.0,1.0,1.0,18.0,4.0,3.0,1.0,4.0,4.0,5.609999999999999,5.78,5.11,6.609999999999999,3.946666666666667,5.583333333333333,5.0
4.0,3600.0,8180.0,4.0,2.0,48.0,24.2,,,,15.0,32.0,2.0,2.0,1.0,1.0,12.0,1.0,4.0,5.0,2.0,4.0,2.915,3.0,2.3325,5.0825,4.6675,3.125,2.25
2.0,,,7.0,,,,,,,,57.0,1.0,2.0,1.0,1.0,12.0,0.0,3.0,3.0,2.0,4.0,,,,,,,
1.0,4760.0,5790.0,,2.0,31.0,39.7,24502.5,20.0,,52.0,40.0,1.0,2.0,1.0,1.0,12.0,1.0,5.0,2.0,2.0,1.0,3.0,3.0,2.67,5.0,4.0,2.33,2.0
4.0,5620.0,5390.0,2.0,2.0,25.0,23.8,6806.25,12.0,16.0,52.0,27.0,2.0,1.0,1.0,1.0,12.0,0.0,5.0,0.0,2.0,,2.0,2.83,1.83,4.5,4.25,2.29,2.0
1.0,6260.0,770.0,1.0,2.0,28.0,25.2,43560.0,23.0,50.0,52.0,54.0,1.0,1.0,1.0,1.0,12.0,1.0,1.0,2.0,2.0,1.0,2.33,2.67,1.67,4.0,4.33,3.17,2.0
1.0,2015.0,9470.0,1.0,2.0,47.0,65.3,13612.5,17.0,40.0,40.0,44.0,2.0,2.0,1.0,1.0,18.0,3.0,5.0,1.0,2.0,,4.0,3.67,3.67,5.33,6.0,4.67,4.0
1.0,5140.0,6990.0,1.0,2.0,40.0,41.8,16335.0,18.0,40.0,52.0,32.0,2.0,1.0,2.0,1.0,12.0,1.0,1.0,2.0,2.0,,3.33,3.33,3.0,5.0,4.33,3.33,3.0
2.0,1050.0,7380.0,1.0,2.0,48.0,64.5,24502.5,20.0,40.0,52.0,70.0,2.0,1.0,1.0,1.0,18.0,4.0,3.0,0.0,2.0,4.0,5.165,4.5,4.165,4.165,5.0,4.92,3.5
,5000.0,6870.0,5.0,2.0,46.0,52.0,,,,0.0,73.0,2.0,1.0,1.0,1.0,15.0,1.0,3.0,4.0,2.0,1.0,4.33,5.33,4.33,5.33,5.67,4.83,3.0
1.0,4220.0,5790.0,1.0,2.0,24.0,20.7,,,40.0,52.0,32.0,1.0,3.0,2.0,1.0,14.0,1.0,1.0,1.0,2.0,,1.67,2.0,1.33,4.33,3.0,2.0,3.0
2.0,3850.0,9470.0,1.0,2.0,60.0,65.3,43560.0,23.0,40.0,52.0,61.0,1.0,2.0,1.0,1.0,16.0,3.0,5.0,8.0,2.0,1.0,5.67,5.67,5.17,5.67,5.67,4.75,3.0
,,,5.0,,,,,,,0.0,,2.0,2.0,1.0,1.0,12.0,1.0,1.0,2.0,2.0,,,,,,,,
1.0,5300.0,8660.0,1.0,2.0,30.0,24.1,16335.0,18.0,40.0,52.0,67.0,2.0,1.0,1.0,1.0,12.0,1.0,2.0,0.0,2.0,4.0,2.33,3.0,2.33,6.0,3.67,2.17,2.0
3.0,9620.0,6390.0,1.0,2.0,25.0,23.3,16335.0,18.0,40.0,51.0,55.0,1.0,1.0,1.0,1.0,12.0,1.0,5.0,1.0,2.0,4.0,2.0,2.0,2.0,4.33,4.33,2.17,2.0
2.0,1530.0,7390.0,1.0,2.0,70.0,86.1,36300.0,22.0,45.0,52.0,33.0,1.0,1.0,1.0,1.0,16.0,3.0,5.0,0.0,2.0,4.0,5.636363636363637,5.484545454545454,5.211818181818182,3.4545454545454546,4.271818181818182,5.531818181818182,4.181818181818182
2.0,1820.0,7860.0,1.0,2.0,71.0,88.7,43560.0,23.0,32.0,40.0,,2.0,2.0,1.0,1.0,19.0,4.0,1.0,3.0,2.0,,5.609999999999999,5.78,5.11,6.609999999999999,3.946666666666667,5.583333333333333,5.0
1.0,3649.0,8190.0,1.0,2.0,53.0,30.0,11797.5,16.0,40.0,30.0,31.0,2.0,1.0,2.0,2.0,0.0,0.0,5.0,2.0,2.0,,4.0,2.67,3.0,4.0,4.67,3.5,3.0
2.0,160.0,4690.0,1.0,2.0,44.0,52.5,16335.0,18.0,40.0,52.0,31.0,1.0,1.0,1.0,1.0,12.0,1.0,5.0,0.0,2.0,4.0,4.44,5.22,4.22,5.33,4.78,5.17,4.0
1.0,350.0,8190.0,1.0,2.0,64.0,71.8,43560.0,23.0,40.0,52.0,38.0,1.0,1.0,1.0,1.0,20.0,4.0,5.0,1.0,2.0,4.0,5.0,6.0,4.67,6.0,5.67,6.0,4.0
3.0,800.0,7280.0,2.0,2.0,60.0,76.3,,,30.0,10.0,38.0,2.0,3.0,2.0,2.0,15.0,1.0,5.0,2.0,2.0,4.0,5.0,5.0,4.67,4.67,4.67,4.5,4.0
1.0,9130.0,4670.0,2.0,2.0,35.0,32.0,7713.75,13.0,35.0,40.0,67.0,1.0,1.0,1.0,1.0,12.0,1.0,1.0,2.0,2.0,4.0,2.223333333333333,3.6666666666666665,2.11,2.8866666666666667,4.556666666666667,3.056666666666666,2.0
1.0,2000.0,7860.0,1.0,2.0,51.0,63.7,24502.5,20.0,40.0,39.0,31.0,2.0,1.0,1.0,1.0,20.0,4.0,1.0,2.0,2.0,1.0,5.465999999999999,5.0,4.668,6.6,3.601999999999999,4.566,4.8
3.0,3850.0,9470.0,1.0,2.0,60.0,65.3,43560.0,23.0,40.0,52.0,39.0,1.0,1.0,1.0,1.0,16.0,3.0,1.0,2.0,2.0,,5.67,5.67,5.17,5.67,5.67,4.75,3.0
3.0,430.0,7870.0,1.0,2.0,39.0,67.7,29947.5,21.0,40.0,50.0,38.0,2.0,2.0,1.0,1.0,16.0,4.0,1.0,3.0,2.0,,5.5,5.29125,4.875,4.8325,4.375,5.04125,4.0
,8255.0,1990.0,5.0,2.0,36.0,31.1,,,,0.0,81.0,1.0,1.0,1.0,1.0,9.0,1.0,2.0,3.0,2.0,,3.33,3.0,3.0,2.33,4.0,3.0,2.0
1.0,2540.0,8470.0,1.0,2.0,48.0,26.1,,,40.0,,47.0,2.0,1.0,1.0,1.0,15.0,2.0,3.0,1.0,2.0,,,,,,,,3.0
2.0,2340.0,7890.0,2.0,2.0,38.0,59.1,4991.25,10.0,25.0,46.0,55.0,2.0,1.0,1.0,1.0,20.0,3.0,1.0,1.0,2.0,4.0,5.0,5.446666666666666,4.11,6.0,3.0,4.28,3.5
,430.0,7870.0,5.0,2.0,39.0,67.7,,,,0.0,66.0,2.0,1.0,1.0,1.0,18.0,4.0,1.0,2.0,2.0,,5.5,5.29125,4.875,4.8325,4.375,5.04125,4.0
2.0,2310.0,7860.0,1.0,2.0,61.0,80.9,29947.5,21.0,12.0,38.0,44.0,2.0,1.0,1.0,1.0,18.0,4.0,1.0,3.0,2.0,1.0,5.333333333333333,5.33,4.22,6.22,4.22,4.78,4.0
,,,6.0,,,,,,,8.0,18.0,2.0,1.0,1.0,1.0,11.0,0.0,5.0,0.0,2.0,4.0,,,,,,,
,4840.0,7680.0,5.0,2.0,43.0,61.2,,,,0.0,71.0,1.0,1.0,1.0,1.0,16.0,3.0,2.0,3.0,2.0,4.0,5.17,5.08,4.42,4.75,4.42,5.17,3.0
2.0,1006.0,7380.0,1.0,2.0,65.0,80.7,97883.49087,26.0,67.0,52.0,54.0,1.0,1.0,1.0,1.0,16.0,3.0,1.0,2.0,2.0,4.0,5.0,5.0,4.835,4.17,4.665,4.835,4.0
2.0,4250.0,7870.0,2.0,2.0,37.0,18.6,4083.75,9.0,30.0,30.0,19.0,1.0,1.0,1.0,1.0,14.0,1.0,5.0,0.0,2.0,,2.4466666666666668,3.3333333333333335,2.223333333333333,3.6633333333333336,4.333333333333333,3.11,2.0
1.0,5700.0,7270.0,1.0,2.0,47.0,38.8,43560.0,23.0,37.0,52.0,58.0,2.0,1.0,1.0,1.0,13.0,1.0,2.0,0.0,2.0,4.0,3.3325,3.0,2.9175,5.0825,4.8325,3.6225,2.5
4.0,5220.0,9570.0,1.0,2.0,51.0,41.1,13612.5,17.0,40.0,49.0,58.0,2.0,1.0,1.0,1.0,12.0,1.0,2.0,3.0,2.0,,3.0,3.78,3.0,4.89,3.78,3.61,2.0
,4110.0,8680.0,5.0,2.0,31.0,19.6,,,,0.0,71.0,2.0,1.0,1.0,1.0,12.0,1.0,1.0,2.0,2.0,,2.33,2.33,2.0,6.0,3.33,2.0,2.0
3.0,220.0,770.0,1.0,2.0,53.0,59.1,58080.0,25.0,60.0,52.0,60.0,1.0,1.0,1.0,1.0,16.0,3.0,1.0,2.0,2.0,,5.33,5.67,4.67,5.0,5.33,5.83,4.0
,4700.0,4970.0,5.0,2.0,38.0,43.0,,,,0.0,69.0,1.0,1.0,1.0,1.0,17.0,1.0,3.0,1.0,2.0,,3.67,4.67,3.67,4.33,4.0,4.0,2.0
1.0,4110.0,8680.0,2.0,2.0,31.0,19.6,9982.5,15.0,50.0,44.0,55.0,2.0,1.0,1.0,2.0,15.0,1.0,1.0,2.0,2.0,4.0,2.33,2.33,2.0,6.0,3.33,2.0,2.0
,5110.0,7290.0,5.0,2.0,40.0,33.4,,,,0.0,89.0,2.0,1.0,1.0,2.0,12.0,1.0,2.0,4.0,2.0,4.0,2.67,4.0,2.67,4.5,4.5,3.08,3.0
2.0,5260.0,7890.0,1.0,2.0,36.0,35.3,13612.5,17.0,40.0,50.0,42.0,1.0,1.0,1.0,1.0,16.0,3.0,1.0,4.0,2.0,4.0,2.33,2.67,2.0,3.33,4.33,2.17,2.0
,9620.0,190.0,8.0,2.0,25.0,23.3,,,,0.0,50.0,1.0,1.0,1.0,1.0,12.0,1.0,5.0,0.0,2.0,4.0,2.0,2.0,2.0,4.33,4.33,2.17,2.0
2.0,3255.0,8180.0,1.0,1.0,64.0,84.2,3267.0,8.0,60.0,52.0,32.0,2.0,2.0,1.0,1.0,16.0,3.0,5.0,0.0,2.0,,5.3340000000000005,4.934,4.8,6.066,5.734,5.1,4.4
,1010.0,6990.0,5.0,2.0,63.0,81.0,,,,0.0,69.0,1.0,1.0,1.0,1.0,13.0,1.0,1.0,3.0,2.0,4.0,5.67,5.0,4.33,2.33,5.0,5.5,4.0
3.0,5610.0,3960.0,1.0,2.0,35.0,23.7,11797.5,16.0,40.0,40.0,28.0,1.0,1.0,1.0,1.0,12.0,1.0,5.0,0.0,2.0,4.0,2.67,3.0,2.67,5.33,4.33,2.83,2.0
2.0,710.0,4170.0,1.0,2.0,51.0,78.3,58080.0,25.0,60.0,52.0,58.0,1.0,1.0,1.0,1.0,16.0,3.0,1.0,0.0,2.0,4.0,5.33,5.33,5.0,6.0,3.67,5.17,4.0
,5700.0,4180.0,5.0,2.0,47.0,38.8,,,,0.0,76.0,2.0,1.0,1.0,1.0,14.0,1.0,3.0,0.0,2.0,,3.3325,3.0,2.9175,5.0825,4.8325,3.6225,2.5
1.0,160.0,6390.0,2.0,2.0,44.0,52.5,,,25.0,52.0,,2.0,1.0,1.0,1.0,14.0,1.0,2.0,2.0,2.0,4.0,4.44,5.22,4.22,5.33,4.78,5.17,4.0
1.0,5840.0,8090.0,1.0,2.0,38.0,39.2,11797.5,16.0,39.0,52.0,60.0,2.0,1.0,1.0,1.0,14.0,1.0,3.0,3.0,2.0,4.0,3.0,3.33,2.33,4.67,4.5,3.0,2.0
3.0,9130.0,6390.0,1.0,2.0,35.0,32.0,19965.0,19.0,40.0,52.0,26.0,1.0,1.0,1.0,1.0,16.0,3.0,5.0,0.0,2.0,,2.223333333333333,3.6666666666666665,2.11,2.8866666666666667,4.556666666666667,3.056666666666666,2.0
4.0,5620.0,6390.0,1.0,2.0,25.0,23.8,11797.5,16.0,43.0,52.0,47.0,2.0,3.0,5.0,2.0,12.0,0.0,1.0,2.0,2.0,4.0,2.0,2.83,1.83,4.5,4.25,2.29,2.0
2.0,9620.0,670.0,1.0,2.0,25.0,23.3,36300.0,22.0,40.0,40.0,52.0,2.0,2.0,1.0,1.0,14.0,1.0,1.0,0.0,2.0,1.0,2.0,2.0,2.0,4.33,4.33,2.17,2.0
4.0,4230.0,8190.0,1.0,2.0,25.0,12.6,6806.25,12.0,80.0,10.0,46.0,2.0,2.0,1.0,1.0,12.0,1.0,5.0,6.0,2.0,4.0,1.67,2.0,1.0,5.33,2.67,1.67,2.0
,5000.0,,5.0,2.0,46.0,52.0,,,,52.0,80.0,2.0,2.0,1.0,1.0,13.0,1.0,2.0,0.0,2.0,,4.33,5.33,4.33,5.33,5.67,4.83,3.0
4.0,9620.0,6370.0,2.0,2.0,25.0,23.3,9982.5,15.0,28.0,47.0,45.0,1.0,2.0,1.0,1.0,14.0,1.0,3.0,0.0,2.0,1.0,2.0,2.0,2.0,4.33,4.33,2.17,2.0
2.0,9600.0,6390.0,1.0,2.0,35.0,20.9,16335.0,18.0,40.0,52.0,35.0,1.0,3.0,2.0,2.0,13.0,1.0,5.0,0.0,2.0,4.0,2.33,3.0,2.33,4.33,4.33,2.5,2.0
2.0,5510.0,6380.0,2.0,2.0,29.0,39.9,24502.5,20.0,30.0,52.0,35.0,1.0,2.0,1.0,1.0,16.0,1.0,5.0,0.0,2.0,4.0,2.0,2.67,2.0,4.0,4.0,2.67,2.0
1.0,3600.0,8370.0,1.0,2.0,48.0,24.2,9982.5,15.0,40.0,52.0,66.0,1.0,2.0,1.0,1.0,13.0,1.0,1.0,3.0,2.0,4.0,2.915,3.0,2.3325,5.0825,4.6675,3.125,2.25
2.0,,,1.0,2.0,,,,,80.0,,46.0,2.0,2.0,1.0,1.0,16.0,3.0,4.0,6.0,2.0,1.0,,,,,,,
,4020.0,8270.0,5.0,2.0,33.0,13.6,,,,0.0,78.0,2.0,2.0,1.0,1.0,11.0,0.0,2.0,1.0,2.0,,2.732,3.665999999999999,2.268,4.066,3.6,2.6,2.2
1.0,4600.0,9290.0,7.0,2.0,35.0,21.8,,,,0.0,74.0,2.0,2.0,1.0,2.0,12.0,1.0,1.0,5.0,2.0,,4.0,4.5,2.5,6.0,3.0,3.33,2.0
2.0,9610.0,6180.0,4.0,2.0,22.0,17.5,1996.5,5.0,,3.0,51.0,1.0,2.0,1.0,1.0,12.0,1.0,5.0,3.0,2.0,,1.33,2.33,1.0,3.67,3.67,1.83,2.0
,9360.0,8770.0,4.0,2.0,24.0,21.0,,,,,59.0,1.0,2.0,1.0,1.0,12.0,1.0,3.0,0.0,2.0,,1.67,3.0,1.67,3.33,4.67,2.17,2.0
2.0,4600.0,7860.0,7.0,2.0,35.0,21.8,,,,40.0,36.0,2.0,2.0,1.0,1.0,13.0,1.0,5.0,4.0,2.0,4.0,4.0,4.5,2.5,6.0,3.0,3.33,2.0
2.0,120.0,7780.0,1.0,2.0,53.0,69.3,43560.0,23.0,40.0,52.0,52.0,2.0,2.0,1.0,1.0,17.0,4.0,5.0,0.0,2.0,,5.5,5.835,5.335,4.5,5.165,5.915,4.0
,2100.0,7270.0,5.0,2.0,69.0,91.1,24502.5,20.0,,40.0,63.0,2.0,2.0,1.0,1.0,16.0,4.0,3.0,3.0,2.0,1.0,6.0,6.0,6.33,4.0,4.33,6.0,5.0
,9620.0,6380.0,5.0,2.0,25.0,23.3,,,,0.0,78.0,1.0,2.0,1.0,1.0,14.0,2.0,3.0,0.0,2.0,1.0,2.0,2.0,2.0,4.33,4.33,2.17,2.0
1.0,8800.0,1080.0,4.0,2.0,24.0,17.1,,,,5.0,42.0,2.0,2.0,1.0,1.0,13.0,1.0,1.0,0.0,2.0,4.0,2.0,3.33,1.67,3.67,5.33,2.0,2.0
,2320.0,7860.0,5.0,2.0,64.0,82.5,,,,0.0,77.0,1.0,2.0,1.0,1.0,19.0,3.0,1.0,1.0,2.0,,5.5,5.165,4.165,6.5,4.5,5.08,4.0
1.0,2540.0,7860.0,1.0,2.0,48.0,26.1,13612.5,17.0,36.0,45.0,39.0,2.0,2.0,1.0,1.0,13.0,1.0,1.0,2.0,2.0,,,,,,,,3.0
,5700.0,9170.0,5.0,2.0,47.0,38.8,,,,0.0,83.0,2.0,1.0,1.0,1.0,9.0,0.0,3.0,5.0,2.0,4.0,3.3325,3.0,2.9175,5.0825,4.8325,3.6225,2.5
,2630.0,7470.0,5.0,1.0,46.0,61.4,,,,0.0,60.0,1.0,1.0,1.0,1.0,16.0,3.0,5.0,0.0,2.0,4.0,5.24,5.048571428571429,3.954285714285714,4.428571428571429,3.238571428571429,4.3342857142857145,3.5714285714285716
1.0,1020.0,7380.0,1.0,2.0,60.0,87.9,58080.0,25.0,40.0,42.0,26.0,1.0,3.0,1.0,1.0,16.0,3.0,5.0,0.0,2.0,4.0,5.0,5.0,4.67,4.33,5.0,5.0,4.0
1.0,4250.0,7770.0,1.0,2.0,37.0,18.6,3267.0,8.0,27.0,44.0,45.0,1.0,1.0,1.0,1.0,16.0,3.0,5.0,0.0,2.0,1.0,2.4466666666666668,3.3333333333333335,2.223333333333333,3.6633333333333336,4.333333333333333,3.11,2.0
1.0,5240.0,4670.0,1.0,2.0,31.0,37.6,13612.5,17.0,40.0,1.0,23.0,2.0,1.0,3.0,1.0,14.0,2.0,5.0,0.0,2.0,4.0,3.835,4.0,3.335,6.165,4.5,3.58,2.5
,,,8.0,,,,,,,0.0,56.0,2.0,2.0,1.0,1.0,12.0,1.0,5.0,0.0,2.0,4.0,,,,,,,
2.0,5620.0,4970.0,2.0,2.0,25.0,23.8,6806.25,12.0,14.0,52.0,54.0,2.0,1.0,1.0,1.0,20.0,4.0,3.0,0.0,2.0,,2.0,2.83,1.83,4.5,4.25,2.29,2.0
,3930.0,7860.0,5.0,2.0,34.0,34.7,,,,0.0,85.0,2.0,2.0,1.0,1.0,8.0,0.0,5.0,8.0,2.0,4.0,3.665,4.835,3.165,3.835,5.165,3.335,2.0
,2200.0,7870.0,5.0,2.0,74.0,84.5,,,,0.0,,2.0,1.0,1.0,1.0,17.0,4.0,3.0,1.0,2.0,4.0,5.658888888888889,5.612222222222222,5.184722222222223,5.074166666666667,3.1766666666666667,5.342777777777778,4.944444444444445
,2310.0,7860.0,5.0,2.0,61.0,80.9,726.0,2.0,,6.0,69.0,2.0,1.0,1.0,1.0,16.0,3.0,5.0,1.0,2.0,,5.333333333333333,5.33,4.22,6.22,4.22,4.78,4.0
2.0,710.0,7380.0,1.0,2.0,51.0,78.3,24502.5,20.0,40.0,52.0,30.0,1.0,1.0,1.0,1.0,17.0,3.0,5.0,0.0,2.0,,5.33,5.33,5.0,6.0,3.67,5.17,4.0
3.0,4820.0,6970.0,1.0,2.0,58.0,71.0,97883.49087,26.0,5.0,44.0,37.0,1.0,1.0,1.0,2.0,19.0,4.0,1.0,1.0,2.0,4.0,5.17,5.08,4.42,4.75,4.42,5.17,4.0
3.0,735.0,7590.0,1.0,2.0,57.0,75.6,97883.49087,26.0,50.0,52.0,37.0,2.0,1.0,1.0,2.0,16.0,4.0,1.0,2.0,2.0,4.0,4.67,4.0,3.67,3.33,4.33,4.33,4.0
2.0,1030.0,6990.0,1.0,2.0,55.0,71.8,58080.0,25.0,40.0,49.0,30.0,2.0,1.0,1.0,1.0,16.0,3.0,5.0,0.0,2.0,4.0,5.0,5.67,5.0,4.0,4.33,5.33,3.5
3.0,850.0,6970.0,1.0,2.0,63.0,79.3,24502.5,20.0,40.0,30.0,26.0,1.0,1.0,1.0,1.0,16.0,3.0,5.0,0.0,2.0,,5.0,5.33,4.67,4.33,3.67,4.67,4.0
,950.0,7670.0,5.0,2.0,39.0,64.4,8621.25,14.0,,20.0,71.0,1.0,1.0,1.0,1.0,18.0,4.0,5.0,0.0,2.0,4.0,5.0,5.33,4.665,4.33,4.5,5.0,4.25
2.0,2630.0,3190.0,1.0,2.0,46.0,61.4,29947.5,21.0,40.0,52.0,60.0,1.0,1.0,1.0,1.0,14.0,2.0,5.0,0.0,2.0,4.0,5.24,5.048571428571429,3.954285714285714,4.428571428571429,3.238571428571429,4.3342857142857145,3.5714285714285716
,4700.0,5090.0,5.0,2.0,38.0,43.0,,,,0.0,74.0,1.0,3.0,1.0,2.0,16.0,3.0,1.0,3.0,2.0,4.0,3.67,4.67,3.67,4.33,4.0,4.0,2.0
,8930.0,6480.0,7.0,2.0,32.0,32.7,,,,,61.0,1.0,1.0,1.0,1.0,12.0,1.0,5.0,,2.0,,2.0,2.67,2.0,4.0,5.0,2.5,2.0
1.0,3255.0,8190.0,2.0,2.0,64.0,84.2,19965.0,19.0,24.0,52.0,43.0,2.0,1.0,1.0,1.0,17.0,3.0,1.0,3.0,2.0,4.0,5.3340000000000005,4.934,4.8,6.066,5.734,5.1,4.4
2.0,310.0,8680.0,1.0,2.0,39.0,41.0,24502.5,20.0,50.0,50.0,59.0,1.0,1.0,2.0,2.0,16.0,3.0,1.0,5.0,2.0,4.0,4.33,5.67,4.33,4.67,4.67,4.5,2.0
,710.0,7390.0,5.0,2.0,51.0,78.3,97883.49087,26.0,,48.0,53.0,2.0,1.0,1.0,1.0,16.0,3.0,5.0,0.0,2.0,4.0,5.33,5.33,5.0,6.0,3.67,5.17,4.0
3.0,3645.0,8190.0,7.0,2.0,51.0,28.7,,,,0.0,49.0,2.0,2.0,1.0,1.0,12.0,1.0,5.0,5.0,2.0,,4.67,3.33,3.33,5.67,5.67,4.17,3.0
2.0,5000.0,3990.0,1.0,2.0,46.0,52.0,36300.0,22.0,40.0,48.0,40.0,2.0,1.0,1.0,1.0,16.0,3.0,1.0,1.0,2.0,4.0,4.33,5.33,4.33,5.33,5.67,4.83,3.0
1.0,7430.0,8790.0,1.0,2.0,33.0,53.9,97883.49087,26.0,55.0,52.0,39.0,1.0,1.0,1.0,2.0,17.0,3.0,1.0,3.0,2.0,2.0,3.665,4.25,2.6675,3.4175,3.5,3.5425,3.0
,2300.0,8470.0,5.0,2.0,53.0,41.1,181.5,1.0,,0.0,60.0,2.0,1.0,1.0,1.0,12.0,1.0,1.0,3.0,2.0,4.0,5.0,4.665,3.665,6.5,3.67,4.335,3.5
,7020.0,3390.0,5.0,2.0,38.0,52.1,,,,0.0,77.0,1.0,1.0,1.0,1.0,12.0,1.0,1.0,0.0,2.0,4.0,4.165,4.0,2.67,3.665,5.0,4.33,3.0
,50.0,5380.0,5.0,2.0,53.0,73.9,,,,0.0,67.0,1.0,1.0,1.0,1.0,13.0,1.0,1.0,3.0,2.0,1.0,5.665,5.67,5.0,4.835,5.165,5.835,4.0
1.0,420.0,8370.0,1.0,2.0,52.0,67.8,43560.0,23.0,40.0,52.0,45.0,1.0,1.0,1.0,1.0,17.0,3.0,1.0,4.0,2.0,,5.33,5.67,5.0,6.33,4.33,5.5,4.0
2.0,4220.0,4470.0,1.0,2.0,24.0,20.7,9982.5,15.0,40.0,52.0,47.0,1.0,,2.0,2.0,12.0,1.0,1.0,2.0,2.0,4.0,1.67,2.0,1.33,4.33,3.0,2.0,3.0
2.0,6050.0,180.0,1.0,2.0,27.0,14.0,19965.0,19.0,70.0,52.0,43.0,1.0,1.0,2.0,2.0,9.0,0.0,1.0,2.0,2.0,,2.3333333333333335,2.443333333333334,1.6133333333333333,2.8866666666666667,3.8866666666666663,2.17,2.0
2.0,2310.0,7860.0,1.0,2.0,61.0,80.9,19965.0,19.0,9.0,36.0,46.0,2.0,1.0,1.0,1.0,17.0,3.0,1.0,2.0,2.0,1.0,5.333333333333333,5.33,4.22,6.22,4.22,4.78,4.0
,4130.0,7860.0,5.0,2.0,16.0,13.3,,,,0.0,53.0,2.0,1.0,1.0,1.0,14.0,1.0,2.0,3.0,2.0,4.0,1.67,2.0,1.67,5.33,3.0,1.67,2.0
1.0,60.0,9590.0,1.0,2.0,52.0,82.4,58080.0,25.0,65.0,52.0,65.0,2.0,1.0,1.0,1.0,16.0,4.0,2.0,0.0,3.0,,,,,,,,4.0
,4620.0,8590.0,8.0,1.0,35.0,42.9,,,,47.0,58.0,2.0,1.0,1.0,1.0,13.0,1.0,3.0,2.0,3.0,4.0,4.5,5.0,3.165,6.0,4.0,3.67,3.5
2.0,120.0,9480.0,1.0,2.0,53.0,69.3,50820.0,24.0,50.0,52.0,47.0,1.0,1.0,1.0,1.0,16.0,3.0,1.0,4.0,3.0,4.0,5.5,5.835,5.335,4.5,5.165,5.915,4.0
2.0,110.0,7380.0,1.0,2.0,60.0,83.8,97883.49087,26.0,50.0,52.0,45.0,1.0,2.0,1.0,1.0,14.0,1.0,1.0,2.0,3.0,4.0,5.33,5.0,5.33,4.33,5.67,6.5,4.0
,520.0,5390.0,5.0,2.0,45.0,50.0,726.0,2.0,,3.0,67.0,1.0,1.0,1.0,1.0,17.0,3.0,1.0,2.0,3.0,,4.0,4.0,3.67,4.0,4.0,3.5,3.0
1.0,4600.0,9290.0,1.0,2.0,35.0,21.8,16335.0,18.0,36.0,52.0,37.0,2.0,3.0,5.0,2.0,13.0,1.0,1.0,2.0,3.0,4.0,4.0,4.5,2.5,6.0,3.0,3.33,2.0
,840.0,6380.0,5.0,2.0,58.0,81.9,97883.49087,26.0,,52.0,60.0,1.0,1.0,5.0,1.0,17.0,4.0,1.0,4.0,3.0,,,,,,,,4.0
,50.0,6680.0,5.0,2.0,53.0,73.9,,,,0.0,74.0,2.0,2.0,1.0,1.0,16.0,4.0,1.0,1.0,3.0,4.0,5.665,5.67,5.0,4.835,5.165,5.835,4.0
,3600.0,8190.0,5.0,2.0,48.0,24.2,,,,0.0,70.0,2.0,2.0,1.0,2.0,12.0,1.0,1.0,3.0,3.0,4.0,2.915,3.0,2.3325,5.0825,4.6675,3.125,2.25
1.0,530.0,9570.0,1.0,2.0,42.0,59.9,36300.0,22.0,40.0,50.0,66.0,2.0,2.0,1.0,1.0,16.0,3.0,3.0,0.0,3.0,,4.0,4.67,4.0,4.67,4.67,5.0,4.0
,120.0,6870.0,5.0,2.0,53.0,69.3,,,,0.0,65.0,2.0,3.0,1.0,1.0,14.0,2.0,2.0,0.0,3.0,,5.5,5.835,5.335,4.5,5.165,5.915,4.0
4.0,2320.0,7860.0,1.0,2.0,64.0,82.5,36300.0,22.0,40.0,45.0,47.0,2.0,2.0,1.0,1.0,18.0,4.0,1.0,5.0,3.0,2.0,5.5,5.165,4.165,6.5,4.5,5.08,4.0
1.0,430.0,9370.0,1.0,2.0,39.0,67.7,43560.0,23.0,40.0,48.0,32.0,1.0,2.0,1.0,1.0,14.0,1.0,5.0,0.0,3.0,4.0,5.5,5.29125,4.875,4.8325,4.375,5.04125,4.0
2.0,5120.0,8680.0,1.0,2.0,45.0,38.3,29947.5,21.0,40.0,52.0,49.0,2.0,1.0,1.0,1.0,13.0,1.0,1.0,3.0,3.0,2.0,3.67,3.67,3.0,4.67,5.0,3.67,3.0
2.0,3600.0,8190.0,1.0,1.0,48.0,24.2,6806.25,12.0,32.0,52.0,58.0,2.0,1.0,1.0,2.0,18.0,3.0,3.0,0.0,3.0,4.0,2.915,3.0,2.3325,5.0825,4.6675,3.125,2.25
,4840.0,6690.0,8.0,1.0,43.0,61.2,24502.5,20.0,,50.0,66.0,2.0,2.0,1.0,1.0,16.0,3.0,2.0,6.0,3.0,,5.17,5.08,4.42,4.75,4.42,5.17,3.0
2.0,1007.0,9480.0,1.0,2.0,63.0,77.2,58080.0,25.0,40.0,50.0,52.0,2.0,1.0,2.0,1.0,19.0,4.0,3.0,2.0,3.0,4.0,4.67,5.33,4.33,4.33,5.33,5.67,4.0
2.0,5120.0,7870.0,1.0,2.0,45.0,38.3,19965.0,19.0,45.0,52.0,34.0,2.0,1.0,1.0,1.0,15.0,1.0,5.0,0.0,3.0,,3.67,3.67,3.0,4.67,5.0,3.67,3.0
2.0,3258.0,8180.0,1.0,1.0,72.0,92.2,16335.0,18.0,60.0,40.0,46.0,1.0,2.0,1.0,2.0,20.0,4.0,1.0,2.0,3.0,4.0,5.67,5.67,5.0,6.67,5.67,5.5,5.0
1.0,1020.0,7290.0,1.0,2.0,60.0,87.9,43560.0,23.0,32.0,48.0,59.0,2.0,1.0,1.0,1.0,17.0,4.0,1.0,2.0,3.0,4.0,5.0,5.0,4.67,4.33,5.0,5.0,4.0
1.0,5940.0,7970.0,1.0,2.0,17.0,45.3,19965.0,19.0,40.0,52.0,66.0,2.0,1.0,1.0,1.0,12.0,1.0,5.0,0.0,3.0,,,,,,,,
2.0,2200.0,7870.0,1.0,2.0,74.0,84.5,24502.5,20.0,40.0,52.0,35.0,1.0,1.0,1.0,1.0,16.0,4.0,5.0,0.0,3.0,4.0,5.658888888888889,5.612222222222222,5.184722222222223,5.074166666666667,3.1766666666666667,5.342777777777778,4.944444444444445
3.0,2025.0,7380.0,1.0,2.0,56.0,53.8,,,40.0,12.0,23.0,1.0,1.0,1.0,1.0,16.0,3.0,5.0,0.0,3.0,,5.5,5.665,4.165,7.0,3.33,4.585,4.0
,5240.0,8680.0,6.0,2.0,31.0,37.6,3267.0,8.0,,24.0,22.0,2.0,1.0,1.0,1.0,16.0,3.0,5.0,0.0,3.0,,3.835,4.0,3.335,6.165,4.5,3.58,2.5
2.0,430.0,9590.0,1.0,2.0,39.0,67.7,24502.5,20.0,40.0,48.0,25.0,1.0,3.0,1.0,2.0,16.0,4.0,5.0,0.0,3.0,4.0,5.5,5.29125,4.875,4.8325,4.375,5.04125,4.0
2.0,1240.0,9170.0,4.0,2.0,65.0,85.0,29947.5,21.0,,40.0,32.0,1.0,1.0,5.0,1.0,18.0,4.0,5.0,0.0,3.0,4.0,,,,,,,4.0
2.0,2550.0,7860.0,1.0,2.0,50.0,70.3,58080.0,25.0,52.0,52.0,55.0,2.0,1.0,5.0,2.0,20.0,4.0,3.0,1.0,3.0,1.0,5.113333333333333,5.5,4.223333333333334,5.9433333333333325,3.28,4.806666666666667,5.0
2.0,2830.0,6570.0,1.0,2.0,51.0,73.4,24502.5,20.0,49.0,52.0,45.0,1.0,1.0,1.0,1.0,17.0,3.0,5.0,0.0,3.0,,5.33,6.0,5.0,4.33,4.0,4.33,4.0
2.0,430.0,9570.0,1.0,2.0,39.0,67.7,58080.0,25.0,40.0,52.0,59.0,2.0,1.0,1.0,1.0,18.0,4.0,1.0,3.0,3.0,,5.5,5.29125,4.875,4.8325,4.375,5.04125,4.0
,9830.0,9870.0,5.0,2.0,62.0,50.4,,,,0.0,52.0,1.0,1.0,3.0,1.0,16.0,3.0,3.0,5.0,3.0,4.0,,,,,,,
1.0,6260.0,770.0,1.0,2.0,28.0,25.2,,,40.0,52.0,33.0,1.0,1.0,5.0,2.0,17.0,3.0,1.0,1.0,3.0,4.0,2.33,2.67,1.67,4.0,4.33,3.17,2.0
2.0,9830.0,9870.0,1.0,2.0,62.0,50.4,9982.5,15.0,40.0,52.0,20.0,1.0,1.0,1.0,1.0,10.0,1.0,4.0,0.0,3.0,,,,,,,,
2.0,3420.0,5070.0,1.0,2.0,55.0,37.2,11797.5,16.0,40.0,52.0,28.0,1.0,2.0,1.0,1.0,17.0,4.0,5.0,0.0,3.0,4.0,3.556666666666666,3.4450000000000003,3.2216666666666662,5.4433333333333325,5.166666666666667,3.526666666666667,3.0
,,,7.0,,,,,,,0.0,43.0,2.0,3.0,1.0,2.0,0.0,0.0,1.0,4.0,3.0,,,,,,,,
2.0,1300.0,7290.0,2.0,1.0,73.0,84.0,4083.75,9.0,20.0,52.0,42.0,1.0,2.0,1.0,2.0,20.0,3.0,5.0,0.0,3.0,4.0,5.335,5.835,5.17,3.5,3.665,5.335,4.5
,5700.0,7390.0,5.0,2.0,47.0,38.8,,,,0.0,66.0,2.0,1.0,1.0,1.0,16.0,3.0,2.0,2.0,3.0,,3.3325,3.0,2.9175,5.0825,4.8325,3.6225,2.5
1.0,5700.0,6970.0,7.0,2.0,47.0,38.8,,,,0.0,52.0,2.0,1.0,1.0,2.0,16.0,3.0,1.0,2.0,3.0,4.0,3.3325,3.0,2.9175,5.0825,4.8325,3.6225,2.5
4.0,1020.0,5790.0,1.0,2.0,60.0,87.9,43560.0,23.0,70.0,52.0,49.0,1.0,3.0,1.0,2.0,16.0,3.0,1.0,1.0,3.0,4.0,5.0,5.0,4.67,4.33,5.0,5.0,4.0
1.0,,,1.0,2.0,,,29947.5,21.0,40.0,52.0,40.0,1.0,3.0,4.0,1.0,18.0,4.0,5.0,0.0,3.0,1.0,,,,,,,
1.0,1400.0,7380.0,1.0,2.0,70.0,81.5,97883.49087,26.0,40.0,50.0,53.0,2.0,2.0,1.0,1.0,19.0,4.0,1.0,0.0,3.0,4.0,5.33,5.0,5.0,4.0,5.0,6.0,4.0
2.0,800.0,9170.0,7.0,2.0,60.0,76.3,,,,0.0,31.0,2.0,1.0,2.0,1.0,16.0,3.0,1.0,0.0,3.0,4.0,5.0,5.0,4.67,4.67,4.67,4.5,4.0
2.0,9750.0,7770.0,1.0,2.0,26.0,31.3,24502.5,20.0,54.0,38.0,36.0,1.0,1.0,1.0,1.0,12.0,1.0,3.0,1.0,3.0,4.0,,,,,,,
2.0,3600.0,8370.0,1.0,2.0,48.0,24.2,11797.5,16.0,37.0,52.0,20.0,2.0,1.0,1.0,1.0,12.0,1.0,5.0,0.0,3.0,4.0,2.915,3.0,2.3325,5.0825,4.6675,3.125,2.25
2.0,410.0,7080.0,1.0,2.0,41.0,54.6,16335.0,18.0,40.0,50.0,34.0,1.0,1.0,1.0,1.0,14.0,2.0,3.0,0.0,3.0,,5.0,5.67,4.33,4.33,3.67,4.83,4.0
1.0,160.0,4290.0,1.0,2.0,44.0,52.5,50820.0,24.0,40.0,52.0,58.0,1.0,1.0,1.0,1.0,16.0,2.0,3.0,5.0,3.0,,4.44,5.22,4.22,5.33,4.78,5.17,4.0
2.0,4760.0,5390.0,2.0,2.0,31.0,39.7,,,13.0,,,2.0,3.0,1.0,2.0,12.0,0.0,2.0,1.0,3.0,4.0,3.0,3.0,2.67,5.0,4.0,2.33,2.0
3.0,2100.0,7270.0,1.0,2.0,69.0,91.1,43560.0,23.0,40.0,40.0,68.0,1.0,1.0,1.0,1.0,20.0,4.0,2.0,3.0,3.0,4.0,6.0,6.0,6.33,4.0,4.33,6.0,5.0
2.0,2900.0,6670.0,1.0,2.0,43.0,57.3,,,70.0,40.0,36.0,1.0,2.0,1.0,1.0,15.0,2.0,5.0,2.0,3.0,4.0,4.11,4.776666666666666,3.3333333333333335,4.443333333333333,3.8866666666666663,4.0,3.0
3.0,1020.0,6480.0,1.0,2.0,60.0,87.9,43560.0,23.0,40.0,52.0,29.0,2.0,1.0,1.0,1.0,16.0,3.0,5.0,0.0,3.0,4.0,5.0,5.0,4.67,4.33,5.0,5.0,4.0
1.0,1760.0,7380.0,1.0,2.0,42.0,86.8,50820.0,24.0,40.0,52.0,35.0,1.0,1.0,1.0,1.0,16.0,4.0,1.0,2.0,3.0,4.0,5.67,5.33,5.33,4.0,4.33,5.0,4.0
4.0,4760.0,4770.0,1.0,2.0,31.0,39.7,24502.5,20.0,40.0,52.0,61.0,1.0,1.0,1.0,1.0,12.0,1.0,4.0,1.0,3.0,4.0,3.0,3.0,2.67,5.0,4.0,2.33,2.0
,3500.0,8180.0,5.0,2.0,69.0,46.6,,,,0.0,89.0,2.0,1.0,1.0,1.0,17.0,3.0,2.0,1.0,3.0,4.0,5.33,5.0,4.0,6.33,5.67,4.33,3.0
1.0,2310.0,7860.0,1.0,2.0,61.0,80.9,36300.0,22.0,40.0,42.0,47.0,1.0,1.0,1.0,1.0,16.0,4.0,1.0,3.0,3.0,1.0,5.333333333333333,5.33,4.22,6.22,4.22,4.78,4.0
1.0,1220.0,9590.0,1.0,2.0,53.0,80.2,16335.0,18.0,40.0,52.0,23.0,1.0,1.0,1.0,1.0,12.0,1.0,3.0,0.0,3.0,4.0,6.0,5.67,5.0,2.0,3.33,5.17,5.0
,3010.0,8190.0,6.0,2.0,72.0,92.1,181.5,1.0,,3.0,38.0,2.0,3.0,1.0,2.0,17.0,4.0,1.0,2.0,3.0,,5.9175,6.4175,5.75,6.0,4.1675,5.75,5.0
3.0,2900.0,6670.0,1.0,2.0,43.0,57.3,,,40.0,48.0,,1.0,,,1.0,16.0,2.0,,,3.0,,4.11,4.776666666666666,3.3333333333333335,4.443333333333333,3.8866666666666663,4.0,3.0
1.0,1860.0,7460.0,1.0,2.0,66.0,82.7,58080.0,25.0,50.0,52.0,41.0,1.0,1.0,1.0,1.0,16.0,4.0,5.0,0.0,3.0,4.0,5.434,5.234,4.832,4.066,3.134,5.068,4.6
2.0,220.0,6680.0,1.0,2.0,53.0,59.1,29947.5,21.0,40.0,52.0,30.0,2.0,1.0,1.0,1.0,16.0,3.0,3.0,0.0,3.0,4.0,5.33,5.67,4.67,5.0,5.33,5.83,4.0
2.0,2825.0,6570.0,2.0,2.0,46.0,74.6,9982.5,15.0,10.0,52.0,34.0,2.0,1.0,1.0,1.0,18.0,4.0,1.0,2.0,3.0,,5.67,5.67,4.67,5.33,4.67,5.33,4.0
2.0,3255.0,8190.0,1.0,2.0,64.0,84.2,24502.5,20.0,36.0,52.0,55.0,2.0,1.0,1.0,1.0,18.0,3.0,3.0,1.0,3.0,1.0,5.3340000000000005,4.934,4.8,6.066,5.734,5.1,4.4
,6260.0,770.0,5.0,2.0,28.0,25.2,,,,0.0,53.0,1.0,2.0,1.0,1.0,12.0,1.0,3.0,2.0,3.0,4.0,2.33,2.67,1.67,4.0,4.33,3.17,2.0
1.0,230.0,7860.0,3.0,2.0,59.0,75.5,19965.0,19.0,,44.0,36.0,1.0,2.0,1.0,1.0,14.0,1.0,5.0,0.0,3.0,4.0,5.7524999999999995,6.0825,5.25,6.25,3.915,5.3325,4.5
1.0,5120.0,8590.0,1.0,2.0,45.0,38.3,36300.0,22.0,10.0,52.0,67.0,2.0,1.0,5.0,2.0,16.0,3.0,1.0,2.0,3.0,4.0,3.67,3.67,3.0,4.67,5.0,3.67,3.0
2.0,5400.0,7970.0,1.0,2.0,38.0,25.7,9982.5,15.0,40.0,52.0,25.0,2.0,1.0,1.0,1.0,12.0,1.0,5.0,0.0,3.0,,3.0,3.0,2.33,5.67,4.0,2.67,2.0
1.0,2200.0,7870.0,1.0,1.0,74.0,84.5,24502.5,20.0,40.0,52.0,66.0,1.0,1.0,1.0,1.0,17.0,3.0,1.0,2.0,3.0,,5.658888888888889,5.612222222222222,5.184722222222223,5.074166666666667,3.1766666666666667,5.342777777777778,4.944444444444445
1.0,1220.0,9370.0,1.0,2.0,53.0,80.2,43560.0,23.0,40.0,50.0,45.0,2.0,1.0,1.0,1.0,18.0,4.0,1.0,0.0,3.0,2.0,6.0,5.67,5.0,2.0,3.33,5.17,5.0
2.0,4760.0,5170.0,4.0,2.0,31.0,39.7,4991.25,10.0,,36.0,19.0,1.0,2.0,1.0,1.0,12.0,1.0,5.0,0.0,3.0,4.0,3.0,3.0,2.67,5.0,4.0,2.33,2.0
1.0,5000.0,7380.0,1.0,2.0,46.0,52.0,29947.5,21.0,40.0,52.0,55.0,2.0,3.0,1.0,2.0,14.0,1.0,3.0,2.0,3.0,,4.33,5.33,4.33,5.33,5.67,4.83,3.0
2.0,136.0,8180.0,1.0,2.0,53.0,68.6,29947.5,21.0,40.0,42.0,44.0,2.0,2.0,1.0,2.0,16.0,4.0,3.0,3.0,3.0,4.0,5.33,5.0,5.67,6.0,4.33,5.33,4.0
1.0,4760.0,5790.0,7.0,2.0,31.0,39.7,,,,0.0,32.0,2.0,1.0,1.0,1.0,11.0,1.0,5.0,2.0,3.0,4.0,3.0,3.0,2.67,5.0,4.0,2.33,2.0
,160.0,4090.0,5.0,2.0,44.0,52.5,16335.0,18.0,,0.0,74.0,1.0,1.0,1.0,1.0,16.0,3.0,3.0,1.0,3.0,4.0,4.44,5.22,4.22,5.33,4.78,5.17,4.0
1.0,5620.0,6390.0,7.0,2.0,25.0,23.8,,,,0.0,30.0,2.0,1.0,1.0,1.0,10.0,0.0,4.0,5.0,3.0,4.0,2.0,2.83,1.83,4.5,4.25,2.29,2.0
1.0,4430.0,8590.0,2.0,2.0,18.0,29.4,,,25.0,10.0,43.0,2.0,2.0,1.0,1.0,13.0,1.0,3.0,1.0,3.0,1.0,1.7766666666666666,3.22,1.7766666666666666,4.78,3.443333333333334,2.556666666666666,2.0
,5700.0,2670.0,5.0,2.0,47.0,38.8,,,,0.0,66.0,2.0,1.0,1.0,1.0,13.0,1.0,5.0,0.0,3.0,,3.3325,3.0,2.9175,5.0825,4.8325,3.6225,2.5
3.0,9620.0,6390.0,1.0,2.0,25.0,23.3,16335.0,18.0,40.0,52.0,27.0,1.0,2.0,1.0,1.0,13.0,1.0,5.0,0.0,3.0,4.0,2.0,2.0,2.0,4.33,4.33,2.17,2.0
1.0,2145.0,7270.0,7.0,2.0,52.0,60.3,,,,0.0,68.0,2.0,1.0,1.0,1.0,13.0,1.0,1.0,3.0,3.0,,4.0,3.0,3.67,5.0,4.33,4.33,3.0
,4920.0,7070.0,6.0,2.0,49.0,56.9,,,,1.0,26.0,2.0,3.0,5.0,1.0,15.0,1.0,5.0,2.0,3.0,4.0,5.0,5.165,4.33,5.0,3.5,4.5,3.5
,530.0,7570.0,5.0,2.0,42.0,59.9,,,,22.0,,1.0,,1.0,1.0,13.0,1.0,5.0,0.0,3.0,,4.0,4.67,4.0,4.67,4.67,5.0,4.0
2.0,600.0,770.0,1.0,2.0,32.0,62.4,50820.0,24.0,45.0,52.0,50.0,1.0,1.0,1.0,1.0,16.0,4.0,1.0,1.0,3.0,4.0,4.0,4.67,4.0,4.67,3.67,4.5,4.0
2.0,9610.0,6380.0,2.0,,22.0,17.5,8621.25,14.0,4.0,4.0,59.0,1.0,2.0,1.0,1.0,12.0,1.0,5.0,,3.0,1.0,1.33,2.33,1.0,3.67,3.67,1.83,2.0
2.0,5000.0,9370.0,1.0,2.0,46.0,52.0,43560.0,23.0,50.0,50.0,,1.0,3.0,1.0,1.0,18.0,4.0,3.0,,3.0,,4.33,5.33,4.33,5.33,5.67,4.83,3.0
1.0,,9370.0,1.0,2.0,,,,,40.0,52.0,49.0,2.0,3.0,1.0,1.0,16.0,3.0,1.0,0.0,3.0,4.0,,,,,,,
,5000.0,7070.0,5.0,2.0,46.0,52.0,,,,0.0,67.0,1.0,1.0,1.0,2.0,16.0,1.0,4.0,1.0,4.0,4.0,4.33,5.33,4.33,5.33,5.67,4.83,3.0
2.0,9610.0,8780.0,4.0,2.0,22.0,17.5,,,,0.0,52.0,1.0,2.0,1.0,1.0,13.0,1.0,5.0,2.0,4.0,,1.33,2.33,1.0,3.67,3.67,1.83,2.0
2.0,50.0,9170.0,1.0,2.0,53.0,73.9,29947.5,21.0,40.0,48.0,33.0,2.0,1.0,1.0,1.0,16.0,3.0,5.0,0.0,4.0,4.0,5.665,5.67,5.0,4.835,5.165,5.835,4.0
,6420.0,770.0,5.0,2.0,35.0,24.0,,,,0.0,71.0,1.0,1.0,1.0,1.0,16.0,3.0,5.0,0.0,4.0,4.0,3.0,3.67,2.33,3.33,4.0,3.33,2.0
2.0,3255.0,8370.0,2.0,1.0,64.0,84.2,29947.5,21.0,30.0,52.0,47.0,1.0,1.0,1.0,2.0,20.0,4.0,5.0,3.0,4.0,4.0,5.3340000000000005,4.934,4.8,6.066,5.734,5.1,4.4
1.0,4700.0,5790.0,1.0,2.0,38.0,43.0,43560.0,23.0,40.0,50.0,41.0,2.0,3.0,1.0,1.0,16.0,3.0,5.0,1.0,4.0,,3.67,4.67,3.67,4.33,4.0,4.0,2.0
2.0,1020.0,6695.0,1.0,2.0,60.0,87.9,97883.49087,26.0,40.0,52.0,33.0,1.0,3.0,1.0,2.0,16.0,4.0,1.0,1.0,4.0,,5.0,5.0,4.67,4.33,5.0,5.0,4.0
1.0,1020.0,3390.0,1.0,2.0,60.0,87.9,58080.0,25.0,45.0,52.0,33.0,2.0,3.0,1.0,2.0,18.0,4.0,5.0,0.0,4.0,4.0,5.0,5.0,4.67,4.33,5.0,5.0,4.0
1.0,,,1.0,2.0,,,,,40.0,52.0,,1.0,2.0,1.0,1.0,18.0,3.0,1.0,3.0,4.0,3.0,,,,,,,
4.0,1020.0,8180.0,1.0,2.0,60.0,87.9,,,40.0,50.0,,2.0,3.0,,2.0,,0.0,1.0,1.0,4.0,4.0,5.0,5.0,4.67,4.33,5.0,5.0,4.0
1.0,,,1.0,2.0,,,97883.49087,26.0,40.0,52.0,42.0,1.0,1.0,1.0,1.0,17.0,3.0,5.0,0.0,4.0,4.0,,,,,,,
1.0,3930.0,7680.0,1.0,2.0,34.0,34.7,16335.0,18.0,80.0,52.0,40.0,1.0,3.0,1.0,1.0,12.0,1.0,1.0,2.0,4.0,4.0,3.665,4.835,3.165,3.835,5.165,3.335,2.0
3.0,2310.0,7860.0,1.0,2.0,61.0,80.9,,,40.0,38.0,,1.0,1.0,2.0,2.0,20.0,4.0,1.0,1.0,4.0,4.0,5.333333333333333,5.33,4.22,6.22,4.22,4.78,4.0
1.0,20.0,8680.0,1.0,2.0,50.0,68.6,24502.5,20.0,45.0,52.0,60.0,2.0,1.0,2.0,1.0,16.0,3.0,3.0,1.0,4.0,4.0,5.33,6.0,5.67,6.33,4.67,6.0,4.0
1.0,2040.0,9160.0,1.0,2.0,66.0,62.6,8621.25,14.0,40.0,52.0,56.0,1.0,3.0,1.0,2.0,16.0,3.0,1.0,1.0,4.0,4.0,6.67,6.33,5.33,6.33,3.33,5.0,5.0
2.0,2300.0,8470.0,1.0,2.0,53.0,41.1,19965.0,19.0,40.0,52.0,53.0,2.0,3.0,1.0,2.0,14.0,1.0,1.0,2.0,4.0,4.0,5.0,4.665,3.665,6.5,3.67,4.335,3.5
2.0,,,1.0,2.0,,,,,40.0,46.0,52.0,2.0,1.0,,2.0,12.0,1.0,1.0,3.0,4.0,1.0,,,,,,,
,5165.0,9380.0,5.0,2.0,37.0,50.7,,,,0.0,75.0,1.0,1.0,1.0,1.0,12.0,1.0,1.0,4.0,4.0,,,,,,,,
2.0,1020.0,7380.0,1.0,2.0,60.0,87.9,24502.5,20.0,40.0,52.0,32.0,1.0,1.0,5.0,1.0,17.0,4.0,1.0,0.0,4.0,4.0,5.0,5.0,4.67,4.33,5.0,5.0,4.0
1.0,430.0,,1.0,1.0,39.0,67.7,,,9.0,24.0,44.0,2.0,3.0,1.0,2.0,16.0,3.0,3.0,1.0,4.0,4.0,5.5,5.29125,4.875,4.8325,4.375,5.04125,4.0
2.0,735.0,,1.0,2.0,57.0,75.6,97883.49087,26.0,45.0,52.0,33.0,2.0,3.0,1.0,2.0,15.0,4.0,5.0,0.0,4.0,4.0,4.67,4.0,3.67,3.33,4.33,4.33,4.0
2.0,5240.0,8680.0,4.0,2.0,31.0,37.6,11797.5,16.0,,52.0,37.0,2.0,2.0,1.0,1.0,12.0,1.0,5.0,0.0,4.0,,3.835,4.0,3.335,6.165,4.5,3.58,2.5
4.0,3420.0,7860.0,1.0,2.0,55.0,37.2,,,37.0,32.0,24.0,1.0,1.0,2.0,1.0,16.0,3.0,5.0,0.0,4.0,,3.556666666666666,3.4450000000000003,3.2216666666666662,5.4433333333333325,5.166666666666667,3.526666666666667,3.0
,,,7.0,,,,,,,0.0,,2.0,3.0,2.0,2.0,12.0,1.0,1.0,2.0,4.0,4.0,,,,,,,
1.0,430.0,9370.0,1.0,2.0,39.0,67.7,24502.5,20.0,50.0,52.0,30.0,2.0,3.0,2.0,1.0,16.0,3.0,1.0,0.0,4.0,4.0,5.5,5.29125,4.875,4.8325,4.375,5.04125,4.0
,4710.0,6290.0,5.0,2.0,48.0,57.5,,,,0.0,63.0,1.0,3.0,1.0,1.0,13.0,1.0,1.0,1.0,4.0,4.0,4.33,5.33,4.0,5.0,5.0,5.17,4.0
1.0,1020.0,7380.0,1.0,2.0,60.0,87.9,97883.49087,26.0,45.0,52.0,42.0,1.0,3.0,1.0,2.0,16.0,3.0,1.0,2.0,4.0,4.0,5.0,5.0,4.67,4.33,5.0,5.0,4.0
1.0,800.0,7280.0,1.0,2.0,60.0,76.3,29947.5,21.0,40.0,52.0,28.0,1.0,3.0,1.0,1.0,16.0,3.0,1.0,0.0,4.0,,5.0,5.0,4.67,4.67,4.67,4.5,4.0
1.0,2310.0,7860.0,1.0,2.0,61.0,80.9,97883.49087,26.0,40.0,27.0,37.0,2.0,3.0,1.0,2.0,16.0,3.0,1.0,2.0,4.0,4.0,5.333333333333333,5.33,4.22,6.22,4.22,4.78,4.0
2.0,1020.0,7380.0,1.0,2.0,60.0,87.9,,,40.0,52.0,47.0,1.0,1.0,1.0,2.0,18.0,4.0,1.0,1.0,4.0,4.0,5.0,5.0,4.67,4.33,5.0,5.0,4.0
2.0,1020.0,7380.0,1.0,2.0,60.0,87.9,97883.49087,26.0,55.0,52.0,,1.0,3.0,1.0,2.0,19.0,3.0,1.0,1.0,4.0,4.0,5.0,5.0,4.67,4.33,5.0,5.0,4.0
1.0,5000.0,7280.0,7.0,2.0,46.0,52.0,,,,0.0,60.0,2.0,1.0,1.0,1.0,16.0,3.0,5.0,0.0,4.0,,4.33,5.33,4.33,5.33,5.67,4.83,3.0
2.0,1006.0,7380.0,1.0,2.0,65.0,80.7,50820.0,24.0,40.0,50.0,36.0,2.0,3.0,1.0,2.0,16.0,4.0,1.0,2.0,4.0,4.0,5.0,5.0,4.835,4.17,4.665,4.835,4.0
2.0,1760.0,7460.0,1.0,2.0,42.0,86.8,,,45.0,0.0,29.0,2.0,3.0,1.0,2.0,16.0,4.0,1.0,1.0,4.0,,5.67,5.33,5.33,4.0,4.33,5.0,4.0
1.0,2320.0,7860.0,1.0,2.0,64.0,82.5,36300.0,22.0,40.0,46.0,43.0,1.0,1.0,1.0,1.0,19.0,3.0,3.0,4.0,4.0,1.0,5.5,5.165,4.165,6.5,4.5,5.08,4.0
2.0,1020.0,7380.0,4.0,2.0,60.0,87.9,97883.49087,26.0,,52.0,56.0,1.0,3.0,1.0,2.0,16.0,3.0,1.0,1.0,4.0,4.0,5.0,5.0,4.67,4.33,5.0,5.0,4.0
,5700.0,4790.0,5.0,2.0,47.0,38.8,,,,0.0,66.0,2.0,1.0,1.0,1.0,14.0,1.0,1.0,4.0,4.0,4.0,3.3325,3.0,2.9175,5.0825,4.8325,3.6225,2.5
,5000.0,7980.0,5.0,2.0,46.0,52.0,24502.5,20.0,,48.0,66.0,2.0,1.0,1.0,1.0,12.0,1.0,3.0,4.0,4.0,4.0,4.33,5.33,4.33,5.33,5.67,4.83,3.0
2.0,430.0,7460.0,1.0,2.0,39.0,67.7,,,40.0,52.0,,1.0,3.0,1.0,2.0,16.0,4.0,1.0,1.0,4.0,4.0,5.5,5.29125,4.875,4.8325,4.375,5.04125,4.0
2.0,3600.0,8270.0,1.0,2.0,48.0,24.2,13612.5,17.0,35.0,40.0,59.0,2.0,3.0,5.0,2.0,16.0,1.0,3.0,0.0,4.0,4.0,2.915,3.0,2.3325,5.0825,4.6675,3.125,2.25
1.0,1220.0,9370.0,3.0,2.0,53.0,80.2,50820.0,24.0,,50.0,42.0,1.0,3.0,1.0,2.0,16.0,3.0,4.0,0.0,4.0,,6.0,5.67,5.0,2.0,3.33,5.17,5.0
1.0,3260.0,8180.0,2.0,1.0,44.0,69.5,8621.25,14.0,30.0,50.0,45.0,2.0,1.0,2.0,1.0,16.0,4.0,5.0,1.0,4.0,,5.223333333333334,5.446666666666666,4.223333333333334,5.553333333333334,4.443333333333333,5.056666666666667,5.0
,4760.0,5570.0,5.0,2.0,31.0,39.7,,,,0.0,77.0,2.0,1.0,1.0,1.0,16.0,3.0,3.0,2.0,4.0,4.0,3.0,3.0,2.67,5.0,4.0,2.33,2.0
1.0,20.0,6290.0,1.0,2.0,50.0,68.6,97883.49087,26.0,50.0,52.0,67.0,1.0,2.0,1.0,1.0,16.0,4.0,1.0,2.0,4.0,4.0,5.33,6.0,5.67,6.33,4.67,6.0,4.0
,1550.0,3360.0,5.0,2.0,50.0,57.4,,,,0.0,64.0,1.0,1.0,1.0,1.0,16.0,3.0,5.0,0.0,4.0,4.0,4.528333333333333,4.235,3.9091666666666662,3.7283333333333335,5.1875,4.503333333333333,3.076923076923077
,110.0,6680.0,5.0,2.0,60.0,83.8,97883.49087,26.0,,52.0,70.0,2.0,1.0,1.0,1.0,17.0,3.0,2.0,2.0,4.0,4.0,5.33,5.0,5.33,4.33,5.67,6.5,4.0
2.0,4920.0,7070.0,1.0,1.0,49.0,56.9,24502.5,20.0,40.0,52.0,26.0,1.0,1.0,1.0,1.0,14.0,1.0,5.0,0.0,4.0,4.0,5.0,5.165,4.33,5.0,3.5,4.5,3.5
,5510.0,6290.0,5.0,2.0,29.0,39.9,,,,0.0,62.0,1.0,1.0,1.0,1.0,16.0,3.0,1.0,0.0,4.0,4.0,2.0,2.67,2.0,4.0,4.0,2.67,2.0
2.0,5240.0,7470.0,2.0,2.0,31.0,37.6,6806.25,12.0,20.0,40.0,55.0,2.0,3.0,1.0,2.0,16.0,3.0,1.0,1.0,4.0,4.0,3.835,4.0,3.335,6.165,4.5,3.58,2.5
2.0,4000.0,8680.0,1.0,2.0,50.0,32.6,1633.5,4.0,40.0,50.0,41.0,1.0,3.0,1.0,2.0,12.0,0.0,1.0,1.0,4.0,,5.0,6.0,5.33,4.67,3.67,4.5,3.0
,2310.0,7860.0,5.0,2.0,61.0,80.9,,,,0.0,74.0,2.0,1.0,1.0,1.0,17.0,4.0,2.0,1.0,4.0,,5.333333333333333,5.33,4.22,6.22,4.22,4.78,4.0
1.0,5240.0,3190.0,7.0,2.0,31.0,37.6,,,,52.0,59.0,2.0,3.0,1.0,1.0,16.0,3.0,1.0,1.0,4.0,,3.835,4.0,3.335,6.165,4.5,3.58,2.5
2.0,3930.0,9190.0,1.0,2.0,34.0,34.7,726.0,2.0,40.0,40.0,21.0,2.0,2.0,1.0,1.0,13.0,2.0,5.0,1.0,4.0,4.0,3.665,4.835,3.165,3.835,5.165,3.335,2.0
1.0,9620.0,6390.0,3.0,2.0,25.0,23.3,4083.75,9.0,,52.0,25.0,2.0,3.0,2.0,1.0,13.0,1.0,5.0,2.0,4.0,4.0,2.0,2.0,2.0,4.33,4.33,2.17,2.0
,,,6.0,,,,,,,0.0,39.0,2.0,3.0,2.0,2.0,12.0,1.0,5.0,6.0,4.0,4.0,,,,,,,
,,,6.0,,,,,,,0.0,18.0,1.0,3.0,2.0,1.0,12.0,1.0,5.0,0.0,4.0,4.0,,,,,,,
,,,7.0,,,,,,,0.0,30.0,2.0,3.0,2.0,1.0,7.0,0.0,5.0,4.0,4.0,,,,,,,,
3.0,7750.0,3580.0,4.0,2.0,35.0,25.0,,,,0.0,58.0,2.0,1.0,2.0,1.0,9.0,0.0,5.0,2.0,4.0,4.0,2.4466666666666668,2.443333333333334,2.33,3.6633333333333336,4.556666666666667,2.8366666666666664,2.0
2.0,6260.0,770.0,2.0,2.0,28.0,25.2,,,20.0,36.0,21.0,1.0,3.0,2.0,1.0,12.0,1.0,5.0,0.0,4.0,,2.33,2.67,1.67,4.0,4.33,3.17,2.0
1.0,20.0,6680.0,1.0,2.0,50.0,68.6,97883.49087,26.0,40.0,52.0,41.0,2.0,1.0,1.0,1.0,16.0,2.0,4.0,2.0,4.0,4.0,5.33,6.0,5.67,6.33,4.67,6.0,4.0
2.0,205.0,180.0,2.0,2.0,46.0,39.9,3267.0,8.0,10.0,52.0,38.0,2.0,,5.0,1.0,13.0,1.0,1.0,2.0,4.0,,4.89,5.22,4.44,4.66,3.22,4.67,4.0
2.0,3850.0,8590.0,1.0,2.0,60.0,65.3,43560.0,23.0,59.0,52.0,52.0,1.0,1.0,1.0,1.0,17.0,3.0,1.0,0.0,4.0,4.0,5.67,5.67,5.17,5.67,5.67,4.75,3.0
4.0,,,1.0,2.0,,,,,89.0,52.0,33.0,2.0,,2.0,1.0,14.0,1.0,4.0,2.0,4.0,4.0,,,,,,,
,1030.0,6690.0,5.0,1.0,55.0,71.8,,,,0.0,64.0,2.0,1.0,1.0,1.0,12.0,1.0,2.0,1.0,4.0,4.0,5.0,5.67,5.0,4.0,4.33,5.33,3.5
4.0,3649.0,8190.0,2.0,2.0,53.0,30.0,7713.75,13.0,24.0,44.0,42.0,2.0,1.0,1.0,1.0,15.0,1.0,1.0,3.0,1.0,,4.0,2.67,3.0,4.0,4.67,3.5,3.0
,4700.0,5390.0,8.0,2.0,38.0,43.0,,,,0.0,61.0,2.0,1.0,1.0,1.0,12.0,1.0,2.0,3.0,1.0,4.0,3.67,4.67,3.67,4.33,4.0,4.0,2.0
1.0,2000.0,8090.0,1.0,2.0,51.0,63.7,16335.0,18.0,40.0,44.0,39.0,1.0,1.0,1.0,1.0,13.0,1.0,3.0,1.0,1.0,4.0,5.465999999999999,5.0,4.668,6.6,3.601999999999999,4.566,4.8
1.0,3600.0,8270.0,1.0,2.0,48.0,24.2,,,45.0,0.0,49.0,2.0,1.0,1.0,1.0,13.0,1.0,5.0,1.0,1.0,1.0,2.915,3.0,2.3325,5.0825,4.6675,3.125,2.25
4.0,,,7.0,,,,,,,0.0,24.0,1.0,1.0,1.0,1.0,12.0,1.0,5.0,0.0,1.0,,,,,,,,
2.0,9130.0,7790.0,4.0,2.0,35.0,32.0,6806.25,12.0,,48.0,59.0,1.0,1.0,1.0,1.0,9.0,0.0,5.0,1.0,1.0,4.0,2.223333333333333,3.6666666666666665,2.11,2.8866666666666667,4.556666666666667,3.056666666666666,2.0
2.0,3600.0,8270.0,2.0,2.0,48.0,24.2,6806.25,12.0,16.0,52.0,37.0,2.0,1.0,5.0,1.0,13.0,1.0,5.0,2.0,1.0,4.0,2.915,3.0,2.3325,5.0825,4.6675,3.125,2.25
2.0,20.0,4690.0,1.0,2.0,50.0,68.6,24502.5,20.0,55.0,52.0,45.0,2.0,1.0,1.0,1.0,16.0,3.0,1.0,2.0,1.0,2.0,5.33,6.0,5.67,6.33,4.67,6.0,4.0
1.0,1410.0,3390.0,1.0,2.0,73.0,86.5,29947.5,21.0,40.0,49.0,42.0,1.0,1.0,1.0,1.0,14.0,2.0,1.0,1.0,1.0,4.0,5.0,5.22,4.776666666666666,3.33,4.556666666666667,5.113333333333333,4.0
,8340.0,1770.0,7.0,2.0,29.0,9.0,,,,0.0,64.0,2.0,,5.0,2.0,5.0,0.0,3.0,3.0,1.0,,2.33,2.33,2.0,4.0,2.67,1.83,2.0
,6230.0,3680.0,5.0,2.0,44.0,28.7,,,,0.0,76.0,1.0,1.0,1.0,2.0,14.0,1.0,1.0,2.0,1.0,4.0,3.67,4.33,2.83,3.0,4.83,3.83,2.0
2.0,230.0,7860.0,1.0,2.0,59.0,75.5,7713.75,13.0,26.0,52.0,32.0,2.0,3.0,1.0,1.0,13.0,1.0,1.0,0.0,1.0,,5.7524999999999995,6.0825,5.25,6.25,3.915,5.3325,4.5
,2550.0,7860.0,8.0,2.0,50.0,70.3,,,,0.0,45.0,2.0,1.0,1.0,1.0,14.0,2.0,3.0,2.0,1.0,4.0,5.113333333333333,5.5,4.223333333333334,5.9433333333333325,3.28,4.806666666666667,5.0
2.0,8500.0,3890.0,4.0,2.0,42.0,27.1,5898.75,11.0,,40.0,32.0,2.0,1.0,1.0,1.0,12.0,1.0,5.0,3.0,1.0,4.0,3.33,3.33,2.67,4.33,3.67,3.17,2.0
,,,8.0,2.0,,,,,,0.0,43.0,2.0,3.0,3.0,2.0,12.0,0.0,1.0,3.0,1.0,4.0,,,,,,,
1.0,4610.0,7580.0,1.0,2.0,48.0,20.1,,,37.0,52.0,42.0,2.0,3.0,3.0,2.0,9.0,1.0,1.0,2.0,1.0,,4.0,3.33,2.67,5.67,4.0,3.0,2.0
2.0,4610.0,,1.0,1.0,48.0,20.1,7713.75,13.0,39.0,52.0,59.0,1.0,1.0,1.0,1.0,16.0,3.0,5.0,0.0,1.0,4.0,4.0,3.33,2.67,5.67,4.0,3.0,2.0
,9140.0,6190.0,5.0,1.0,26.0,28.5,,,,0.0,77.0,1.0,1.0,1.0,1.0,8.0,0.0,3.0,6.0,1.0,4.0,,,,,,,2.0
,2000.0,8290.0,5.0,2.0,51.0,63.7,,,,0.0,74.0,2.0,1.0,1.0,1.0,10.0,0.0,2.0,0.0,1.0,,5.465999999999999,5.0,4.668,6.6,3.601999999999999,4.566,4.8
,1760.0,7460.0,5.0,2.0,42.0,86.8,,,,0.0,68.0,1.0,1.0,1.0,1.0,16.0,3.0,3.0,3.0,1.0,4.0,5.67,5.33,5.33,4.0,4.33,5.0,4.0
,8740.0,4290.0,5.0,2.0,39.0,38.1,,,,0.0,68.0,2.0,,3.0,1.0,10.0,1.0,3.0,4.0,1.0,,2.33,2.33,1.67,3.0,4.33,2.83,2.0
,3600.0,8190.0,5.0,2.0,48.0,24.2,,,,0.0,64.0,1.0,3.0,3.0,1.0,20.0,4.0,4.0,3.0,1.0,4.0,2.915,3.0,2.3325,5.0825,4.6675,3.125,2.25
,,,5.0,,,,,,,0.0,73.0,2.0,,3.0,2.0,9.0,0.0,2.0,3.0,1.0,4.0,,,,,,,
,6400.0,770.0,7.0,2.0,33.0,27.6,,,,0.0,56.0,1.0,1.0,1.0,1.0,11.0,0.0,5.0,0.0,1.0,4.0,2.5,4.0,2.33,3.335,5.17,2.83,2.0
3.0,3955.0,8590.0,7.0,2.0,32.0,36.8,,,,0.0,42.0,2.0,1.0,1.0,1.0,14.0,1.0,5.0,3.0,1.0,4.0,4.835,5.0,3.335,5.17,4.83,3.75,2.0
,3600.0,8270.0,8.0,2.0,48.0,24.2,,,,0.0,56.0,2.0,1.0,1.0,1.0,14.0,1.0,5.0,0.0,1.0,,2.915,3.0,2.3325,5.0825,4.6675,3.125,2.25
1.0,9130.0,6380.0,1.0,2.0,35.0,32.0,29947.5,21.0,60.0,48.0,53.0,1.0,1.0,1.0,1.0,12.0,1.0,1.0,1.0,1.0,4.0,2.223333333333333,3.6666666666666665,2.11,2.8866666666666667,4.556666666666667,3.056666666666666,2.0
4.0,4820.0,6890.0,1.0,2.0,58.0,71.0,24502.5,20.0,30.0,52.0,65.0,1.0,1.0,1.0,1.0,16.0,3.0,1.0,3.0,1.0,,5.17,5.08,4.42,4.75,4.42,5.17,4.0
,7750.0,3590.0,5.0,2.0,35.0,25.0,,,,0.0,74.0,2.0,3.0,1.0,2.0,8.0,0.0,1.0,2.0,1.0,1.0,2.4466666666666668,2.443333333333334,2.33,3.6633333333333336,4.556666666666667,2.8366666666666664,2.0
1.0,2040.0,9160.0,1.0,2.0,66.0,62.6,11797.5,16.0,40.0,52.0,28.0,1.0,1.0,1.0,1.0,16.0,4.0,1.0,1.0,1.0,4.0,6.67,6.33,5.33,6.33,3.33,5.0,5.0
2.0,7200.0,8770.0,1.0,2.0,45.0,31.2,24502.5,20.0,50.0,48.0,35.0,1.0,1.0,1.0,1.0,14.0,2.0,3.0,0.0,1.0,,3.67,4.33,3.0,3.83,4.33,3.58,3.0
1.0,3255.0,8170.0,1.0,2.0,64.0,84.2,24502.5,20.0,45.0,52.0,54.0,2.0,1.0,1.0,1.0,14.0,2.0,3.0,3.0,1.0,4.0,5.3340000000000005,4.934,4.8,6.066,5.734,5.1,4.4
,8740.0,3580.0,5.0,2.0,39.0,38.1,,,,0.0,78.0,2.0,1.0,1.0,1.0,10.0,0.0,2.0,4.0,1.0,,2.33,2.33,1.67,3.0,4.33,2.83,2.0
1.0,1020.0,7380.0,1.0,1.0,60.0,87.9,36300.0,22.0,50.0,46.0,31.0,1.0,1.0,1.0,2.0,14.0,1.0,1.0,0.0,1.0,4.0,5.0,5.0,4.67,4.33,5.0,5.0,4.0
1.0,3645.0,8180.0,1.0,2.0,51.0,28.7,29947.5,21.0,40.0,52.0,36.0,2.0,2.0,1.0,1.0,12.0,1.0,5.0,3.0,1.0,4.0,4.67,3.33,3.33,5.67,5.67,4.17,3.0
1.0,5620.0,4970.0,1.0,2.0,25.0,23.8,16335.0,18.0,48.0,52.0,65.0,2.0,1.0,1.0,1.0,15.0,2.0,5.0,0.0,1.0,1.0,2.0,2.83,1.83,4.5,4.25,2.29,2.0
,2825.0,7870.0,6.0,2.0,46.0,74.6,181.5,1.0,,0.0,36.0,1.0,3.0,1.0,2.0,16.0,4.0,5.0,0.0,1.0,1.0,5.67,5.67,4.67,5.33,4.67,5.33,4.0
1.0,3320.0,8190.0,1.0,2.0,59.0,69.3,97883.49087,26.0,72.0,52.0,64.0,1.0,1.0,1.0,1.0,18.0,4.0,3.0,1.0,1.0,4.0,4.7,4.468,3.898000000000001,5.468,5.434,4.682,3.0
,140.0,1790.0,5.0,1.0,50.0,68.0,,,,0.0,67.0,1.0,1.0,1.0,2.0,12.0,1.0,1.0,2.0,1.0,,5.5566666666666675,5.5,5.446666666666666,4.555,4.443333333333333,5.695,3.6666666666666665
2.0,,,1.0,2.0,,,97883.49087,26.0,40.0,49.0,33.0,2.0,1.0,1.0,1.0,16.0,4.0,5.0,0.0,1.0,,,,,,,,
,3930.0,7680.0,5.0,2.0,34.0,34.7,,,,0.0,69.0,1.0,3.0,1.0,2.0,13.0,1.0,5.0,0.0,1.0,4.0,3.665,4.835,3.165,3.835,5.165,3.335,2.0
1.0,2550.0,7860.0,1.0,2.0,50.0,70.3,1996.5,5.0,40.0,48.0,24.0,2.0,1.0,1.0,1.0,16.0,4.0,5.0,0.0,1.0,,5.113333333333333,5.5,4.223333333333334,5.9433333333333325,3.28,4.806666666666667,5.0
1.0,10.0,770.0,1.0,1.0,72.0,77.4,97883.49087,26.0,25.0,52.0,64.0,1.0,1.0,1.0,1.0,16.0,4.0,1.0,2.0,1.0,4.0,6.5,6.835,6.5,5.0,4.33,6.33,5.0
2.0,6230.0,770.0,2.0,1.0,44.0,28.7,16335.0,18.0,30.0,52.0,60.0,1.0,1.0,1.0,1.0,14.0,1.0,1.0,3.0,1.0,,3.67,4.33,2.83,3.0,4.83,3.83,2.0
,20.0,4970.0,5.0,2.0,50.0,68.6,,,,0.0,74.0,1.0,1.0,1.0,1.0,16.0,3.0,1.0,2.0,1.0,,5.33,6.0,5.67,6.33,4.67,6.0,4.0
,3050.0,5070.0,5.0,2.0,66.0,92.0,,,,0.0,74.0,1.0,1.0,1.0,1.0,17.0,3.0,3.0,3.0,1.0,4.0,4.67,4.67,5.67,5.0,5.33,4.67,5.0
1.0,2320.0,7860.0,7.0,2.0,64.0,82.5,,,,40.0,49.0,2.0,1.0,1.0,1.0,16.0,3.0,1.0,4.0,1.0,,5.5,5.165,4.165,6.5,4.5,5.08,4.0
2.0,430.0,7380.0,1.0,2.0,39.0,67.7,97883.49087,26.0,40.0,52.0,64.0,2.0,1.0,1.0,1.0,16.0,3.0,4.0,1.0,1.0,,5.5,5.29125,4.875,4.8325,4.375,5.04125,4.0
2.0,350.0,7980.0,1.0,2.0,64.0,71.8,29947.5,21.0,40.0,50.0,30.0,2.0,1.0,1.0,1.0,12.0,1.0,5.0,0.0,1.0,4.0,5.0,6.0,4.67,6.0,5.67,6.0,4.0
2.0,,,4.0,2.0,,,,,,52.0,,2.0,1.0,1.0,2.0,20.0,4.0,,0.0,1.0,,,,,,,,
2.0,,,3.0,1.0,,,19965.0,19.0,,40.0,43.0,1.0,1.0,1.0,1.0,12.0,1.0,1.0,1.0,1.0,,,,,,,,
1.0,350.0,8180.0,4.0,2.0,64.0,71.8,36300.0,22.0,,52.0,27.0,1.0,3.0,1.0,2.0,16.0,4.0,5.0,0.0,1.0,,5.0,6.0,4.67,6.0,5.67,6.0,4.0
1.0,4760.0,5570.0,1.0,2.0,31.0,39.7,11797.5,16.0,16.0,,86.0,2.0,1.0,1.0,1.0,16.0,4.0,3.0,0.0,1.0,4.0,3.0,3.0,2.67,5.0,4.0,2.33,2.0
3.0,1860.0,9480.0,1.0,2.0,66.0,82.7,19965.0,19.0,40.0,48.0,31.0,1.0,1.0,1.0,1.0,16.0,4.0,5.0,0.0,1.0,1.0,5.434,5.234,4.832,4.066,3.134,5.068,4.6
1.0,230.0,7870.0,1.0,2.0,59.0,75.5,58080.0,25.0,60.0,52.0,41.0,2.0,1.0,1.0,1.0,16.0,4.0,1.0,2.0,1.0,4.0,5.7524999999999995,6.0825,5.25,6.25,3.915,5.3325,4.5
2.0,430.0,7470.0,1.0,2.0,39.0,67.7,50820.0,24.0,40.0,52.0,30.0,2.0,,1.0,1.0,19.0,4.0,1.0,1.0,1.0,4.0,5.5,5.29125,4.875,4.8325,4.375,5.04125,4.0
,2310.0,7860.0,5.0,2.0,61.0,80.9,,,,26.0,73.0,1.0,1.0,1.0,1.0,18.0,4.0,1.0,2.0,1.0,,5.333333333333333,5.33,4.22,6.22,4.22,4.78,4.0
2.0,4720.0,5480.0,2.0,2.0,28.0,21.6,8621.25,14.0,32.0,52.0,55.0,2.0,1.0,1.0,1.0,13.0,1.0,1.0,3.0,1.0,4.0,2.5,2.835,2.0,4.5,4.0,2.335,2.0
3.0,4700.0,5180.0,1.0,2.0,38.0,43.0,13612.5,17.0,42.0,52.0,26.0,2.0,1.0,5.0,1.0,16.0,3.0,5.0,0.0,1.0,,3.67,4.67,3.67,4.33,4.0,4.0,2.0
1.0,1300.0,9370.0,2.0,2.0,73.0,84.0,19965.0,19.0,19.0,52.0,64.0,2.0,1.0,1.0,1.0,18.0,4.0,4.0,1.0,1.0,1.0,5.335,5.835,5.17,3.5,3.665,5.335,4.5
2.0,2010.0,8370.0,1.0,2.0,54.0,62.9,36300.0,22.0,40.0,52.0,47.0,2.0,1.0,1.0,1.0,18.0,4.0,1.0,3.0,1.0,1.0,5.890000000000001,5.4433333333333325,4.0,6.446666666666666,4.67,4.886666666666667,4.666666666666667
,5400.0,7970.0,5.0,2.0,38.0,25.7,,,,0.0,71.0,2.0,1.0,1.0,1.0,13.0,1.0,1.0,3.0,1.0,4.0,3.0,3.0,2.33,5.67,4.0,2.67,2.0
2.0,430.0,770.0,1.0,2.0,39.0,67.7,97883.49087,26.0,45.0,52.0,39.0,2.0,1.0,1.0,1.0,16.0,3.0,1.0,1.0,1.0,4.0,5.5,5.29125,4.875,4.8325,4.375,5.04125,4.0
1.0,4020.0,8190.0,1.0,2.0,33.0,13.6,24502.5,20.0,48.0,50.0,55.0,1.0,1.0,1.0,1.0,12.0,1.0,1.0,2.0,1.0,,2.732,3.665999999999999,2.268,4.066,3.6,2.6,2.2
,2060.0,8190.0,5.0,2.0,31.0,51.7,,,,0.0,65.0,2.0,1.0,1.0,1.0,18.0,4.0,1.0,3.0,1.0,4.0,,,,,,,
,1400.0,3360.0,5.0,2.0,70.0,81.5,,,,0.0,80.0,1.0,1.0,1.0,1.0,14.0,1.0,2.0,3.0,1.0,4.0,5.33,5.0,5.0,4.0,5.0,6.0,4.0
1.0,3255.0,8180.0,2.0,2.0,64.0,84.2,36300.0,22.0,16.0,50.0,39.0,2.0,1.0,1.0,2.0,17.0,2.0,3.0,0.0,1.0,4.0,5.3340000000000005,4.934,4.8,6.066,5.734,5.1,4.4
2.0,2310.0,7860.0,1.0,2.0,61.0,80.9,24502.5,20.0,6.0,38.0,49.0,2.0,1.0,1.0,2.0,16.0,3.0,3.0,3.0,3.0,4.0,5.333333333333333,5.33,4.22,6.22,4.22,4.78,4.0
1.0,5140.0,1290.0,1.0,1.0,40.0,41.8,19965.0,19.0,40.0,52.0,44.0,2.0,1.0,1.0,1.0,16.0,3.0,1.0,2.0,3.0,4.0,3.33,3.33,3.0,5.0,4.33,3.33,3.0
1.0,4020.0,8680.0,7.0,2.0,33.0,13.6,1633.5,4.0,,,33.0,2.0,1.0,2.0,2.0,10.0,1.0,5.0,4.0,3.0,,2.732,3.665999999999999,2.268,4.066,3.6,2.6,2.2
,,,8.0,2.0,,,,,,,,2.0,3.0,2.0,,,0.0,1.0,3.0,3.0,,,,,,,,
1.0,5550.0,6370.0,1.0,2.0,45.0,58.4,16335.0,18.0,40.0,40.0,46.0,2.0,1.0,1.0,1.0,12.0,1.0,1.0,2.0,3.0,,2.33,3.0,2.67,3.67,4.0,3.5,2.0
2.0,8255.0,1990.0,1.0,2.0,36.0,31.1,16335.0,18.0,40.0,52.0,37.0,2.0,1.0,1.0,1.0,12.0,0.0,3.0,3.0,3.0,4.0,3.33,3.0,3.0,2.33,4.0,3.0,2.0
1.0,4030.0,8680.0,7.0,2.0,21.0,13.6,,,,52.0,24.0,2.0,1.0,1.0,1.0,12.0,1.0,1.0,4.0,3.0,4.0,1.67,1.67,1.67,4.67,4.67,2.0,2.0
4.0,4220.0,7690.0,1.0,2.0,24.0,20.7,2359.5,6.0,35.0,48.0,49.0,2.0,1.0,5.0,2.0,12.0,0.0,4.0,3.0,3.0,,1.67,2.0,1.33,4.33,3.0,2.0,3.0
,6260.0,770.0,5.0,1.0,28.0,25.2,,,,0.0,75.0,1.0,,2.0,2.0,2.0,0.0,1.0,6.0,3.0,4.0,2.33,2.67,1.67,4.0,4.33,3.17,2.0
2.0,5620.0,5380.0,1.0,2.0,25.0,23.8,,,35.0,52.0,,1.0,1.0,,1.0,12.0,1.0,5.0,0.0,3.0,4.0,2.0,2.83,1.83,4.5,4.25,2.29,2.0
2.0,5510.0,5790.0,1.0,2.0,29.0,39.9,19965.0,19.0,45.0,52.0,36.0,2.0,1.0,1.0,1.0,16.0,3.0,4.0,2.0,3.0,,2.0,2.67,2.0,4.0,4.0,2.67,2.0
1.0,430.0,770.0,1.0,2.0,39.0,67.7,,,40.0,52.0,56.0,2.0,1.0,1.0,1.0,14.0,4.0,1.0,0.0,3.0,,5.5,5.29125,4.875,4.8325,4.375,5.04125,4.0
1.0,4760.0,5490.0,2.0,2.0,31.0,39.7,3267.0,8.0,24.0,26.0,60.0,2.0,1.0,1.0,1.0,16.0,3.0,1.0,3.0,3.0,,3.0,3.0,2.67,5.0,4.0,2.33,2.0
1.0,800.0,7280.0,1.0,1.0,60.0,76.3,36300.0,22.0,32.0,40.0,53.0,2.0,2.0,1.0,1.0,16.0,3.0,1.0,2.0,3.0,2.0,5.0,5.0,4.67,4.67,4.67,4.5,4.0
2.0,800.0,,1.0,2.0,60.0,76.3,29947.5,21.0,40.0,42.0,36.0,1.0,3.0,2.0,1.0,18.0,4.0,1.0,1.0,3.0,,5.0,5.0,4.67,4.67,4.67,4.5,4.0
1.0,230.0,7860.0,1.0,2.0,59.0,75.5,36300.0,22.0,40.0,46.0,53.0,2.0,1.0,1.0,1.0,18.0,4.0,1.0,2.0,3.0,,5.7524999999999995,6.0825,5.25,6.25,3.915,5.3325,4.5
3.0,205.0,180.0,4.0,2.0,46.0,39.9,2722.5,7.0,,29.0,35.0,1.0,,,1.0,18.0,4.0,2.0,4.0,3.0,4.0,4.89,5.22,4.44,4.66,3.22,4.67,4.0
,430.0,9370.0,5.0,2.0,39.0,67.7,9982.5,15.0,,25.0,66.0,1.0,2.0,1.0,1.0,12.0,1.0,1.0,1.0,3.0,4.0,5.5,5.29125,4.875,4.8325,4.375,5.04125,4.0
4.0,4010.0,8680.0,1.0,2.0,38.0,27.0,7713.75,13.0,45.0,52.0,30.0,2.0,1.0,1.0,1.0,13.0,1.0,5.0,0.0,3.0,,3.67,4.67,3.67,5.67,4.67,3.17,2.0
,1107.0,7380.0,5.0,2.0,48.0,70.5,,,,0.0,50.0,1.0,1.0,1.0,1.0,16.0,3.0,1.0,2.0,3.0,4.0,5.576363636363637,4.969090909090909,4.4390909090909085,3.4545454545454546,4.181818181818182,5.038181818181818,3.8461538461538463
1.0,800.0,9160.0,2.0,2.0,60.0,76.3,16335.0,18.0,8.0,52.0,66.0,2.0,1.0,1.0,1.0,14.0,2.0,3.0,2.0,3.0,,5.0,5.0,4.67,4.67,4.67,4.5,4.0
2.0,3230.0,8170.0,1.0,2.0,59.0,88.3,24502.5,20.0,40.0,52.0,42.0,2.0,1.0,1.0,1.0,18.0,4.0,1.0,2.0,3.0,,5.67,5.33,4.67,6.67,4.0,5.17,5.0
1.0,740.0,8190.0,1.0,2.0,33.0,63.7,97883.49087,26.0,40.0,52.0,57.0,2.0,1.0,1.0,1.0,18.0,4.0,1.0,1.0,3.0,,5.066,5.134,4.268,4.134,3.868,4.568,3.7142857142857144
1.0,7120.0,4190.0,2.0,2.0,36.0,38.1,4991.25,10.0,20.0,40.0,59.0,2.0,1.0,1.0,1.0,16.0,3.0,1.0,0.0,3.0,4.0,3.0,3.33,2.67,4.0,4.33,3.17,3.0
3.0,7200.0,8770.0,1.0,1.0,45.0,31.2,19965.0,19.0,45.0,52.0,58.0,1.0,1.0,1.0,1.0,12.0,1.0,1.0,1.0,3.0,4.0,3.67,4.33,3.0,3.83,4.33,3.58,3.0
1.0,3140.0,7970.0,7.0,2.0,60.0,88.4,,,,0.0,54.0,2.0,1.0,1.0,1.0,18.0,4.0,1.0,3.0,3.0,4.0,5.67,5.0,5.0,6.33,5.0,5.5,5.0
,300.0,2490.0,5.0,2.0,62.0,89.1,36300.0,22.0,,52.0,60.0,1.0,1.0,1.0,2.0,16.0,3.0,1.0,2.0,3.0,4.0,6.335,6.0,5.33,3.665,4.335,6.085,4.5
1.0,5700.0,7780.0,1.0,1.0,47.0,38.8,5898.75,11.0,38.0,52.0,56.0,2.0,1.0,1.0,1.0,15.0,1.0,1.0,3.0,3.0,,3.3325,3.0,2.9175,5.0825,4.8325,3.6225,2.5
1.0,4720.0,4970.0,1.0,2.0,28.0,21.6,,,40.0,0.0,46.0,2.0,3.0,1.0,2.0,15.0,1.0,2.0,2.0,3.0,4.0,2.5,2.835,2.0,4.5,4.0,2.335,2.0
,,,,,,,,,,,,1.0,2.0,1.0,,,0.0,,2.0,3.0,,,,,,,,
,430.0,7070.0,5.0,2.0,39.0,67.7,,,,0.0,75.0,2.0,1.0,1.0,1.0,14.0,1.0,1.0,4.0,3.0,4.0,5.5,5.29125,4.875,4.8325,4.375,5.04125,4.0
,4800.0,7470.0,5.0,2.0,38.0,61.5,,,,0.0,67.0,1.0,1.0,1.0,1.0,16.0,3.0,1.0,2.0,3.0,,5.0,5.33,4.67,6.33,4.67,5.33,4.0
2.0,3646.0,8190.0,3.0,2.0,49.0,37.9,36300.0,22.0,,52.0,40.0,2.0,1.0,1.0,1.0,20.0,3.0,3.0,2.0,3.0,,3.0,2.67,2.67,4.0,4.67,2.67,3.0
1.0,3600.0,8270.0,3.0,2.0,48.0,24.2,6806.25,12.0,,35.0,39.0,2.0,2.0,1.0,1.0,13.0,1.0,5.0,4.0,3.0,,2.915,3.0,2.3325,5.0825,4.6675,3.125,2.25
1.0,2310.0,7860.0,1.0,2.0,61.0,80.9,24502.5,20.0,40.0,48.0,58.0,2.0,1.0,1.0,1.0,16.0,3.0,3.0,1.0,3.0,4.0,5.333333333333333,5.33,4.22,6.22,4.22,4.78,4.0
,350.0,8180.0,5.0,2.0,64.0,71.8,,,,0.0,72.0,2.0,1.0,1.0,1.0,12.0,1.0,1.0,5.0,3.0,4.0,5.0,6.0,4.67,6.0,5.67,6.0,4.0
1.0,4850.0,3490.0,1.0,2.0,45.0,62.0,29947.5,21.0,40.0,52.0,44.0,2.0,1.0,2.0,1.0,16.0,3.0,5.0,1.0,3.0,4.0,4.89,4.89,3.78,4.553333333333334,3.78,4.613333333333333,3.6666666666666665
4.0,9130.0,,2.0,2.0,35.0,32.0,,,30.0,,39.0,1.0,2.0,1.0,2.0,16.0,3.0,3.0,0.0,3.0,,2.223333333333333,3.6666666666666665,2.11,2.8866666666666667,4.556666666666667,3.056666666666666,2.0
2.0,5240.0,,4.0,2.0,31.0,37.6,1996.5,5.0,,14.0,41.0,1.0,2.0,1.0,1.0,17.0,4.0,5.0,0.0,3.0,,3.835,4.0,3.335,6.165,4.5,3.58,2.5
3.0,6260.0,770.0,4.0,2.0,28.0,25.2,7713.75,13.0,,40.0,32.0,1.0,3.0,5.0,2.0,10.0,0.0,5.0,,3.0,4.0,2.33,2.67,1.67,4.0,4.33,3.17,2.0
2.0,4850.0,3360.0,1.0,2.0,45.0,62.0,24502.5,20.0,40.0,51.0,30.0,1.0,1.0,1.0,1.0,16.0,3.0,5.0,0.0,3.0,4.0,4.89,4.89,3.78,4.553333333333334,3.78,4.613333333333333,3.6666666666666665
2.0,4530.0,8660.0,1.0,2.0,29.0,29.5,8621.25,14.0,36.0,30.0,25.0,1.0,1.0,1.0,1.0,14.0,1.0,5.0,0.0,3.0,,2.67,3.83,2.17,6.0,4.0,3.165,2.0
2.0,4030.0,8680.0,4.0,2.0,21.0,13.6,,,,,30.0,2.0,1.0,1.0,1.0,10.0,0.0,5.0,0.0,3.0,4.0,1.67,1.67,1.67,4.67,4.67,2.0,2.0
2.0,9620.0,,1.0,1.0,25.0,23.3,13612.5,17.0,40.0,52.0,34.0,1.0,1.0,2.0,1.0,14.0,2.0,5.0,2.0,3.0,,2.0,2.0,2.0,4.33,4.33,2.17,2.0
1.0,1107.0,,1.0,2.0,48.0,70.5,,,40.0,40.0,,1.0,1.0,1.0,2.0,17.0,4.0,5.0,0.0,3.0,,5.576363636363637,4.969090909090909,4.4390909090909085,3.4545454545454546,4.181818181818182,5.038181818181818,3.8461538461538463
2.0,1107.0,6990.0,1.0,2.0,48.0,70.5,36300.0,22.0,40.0,,37.0,1.0,2.0,1.0,2.0,18.0,4.0,5.0,0.0,3.0,,5.576363636363637,4.969090909090909,4.4390909090909085,3.4545454545454546,4.181818181818182,5.038181818181818,3.8461538461538463
2.0,910.0,6870.0,1.0,2.0,45.0,62.1,29947.5,21.0,40.0,52.0,24.0,2.0,1.0,2.0,1.0,16.0,3.0,5.0,0.0,3.0,2.0,5.0,5.33,4.335,5.835,4.335,4.5,4.0
2.0,630.0,7580.0,1.0,2.0,47.0,65.3,,,40.0,48.0,25.0,2.0,3.0,5.0,2.0,13.0,1.0,5.0,0.0,3.0,,4.556666666666667,4.333333333333333,4.0,5.446666666666666,4.333333333333333,4.163333333333333,3.3333333333333335
,2145.0,7270.0,5.0,2.0,52.0,60.3,4991.25,10.0,,6.0,70.0,2.0,1.0,1.0,1.0,14.0,1.0,2.0,2.0,3.0,4.0,4.0,3.0,3.67,5.0,4.33,4.33,3.0
2.0,5620.0,5390.0,2.0,2.0,25.0,23.8,181.5,1.0,32.0,30.0,37.0,1.0,2.0,5.0,2.0,12.0,1.0,1.0,3.0,3.0,4.0,2.0,2.83,1.83,4.5,4.25,2.29,2.0
3.0,4110.0,8680.0,4.0,2.0,31.0,19.6,,,,0.0,24.0,1.0,1.0,4.0,2.0,14.0,1.0,5.0,0.0,3.0,4.0,2.33,2.33,2.0,6.0,3.33,2.0,2.0
1.0,9130.0,5592.0,1.0,2.0,35.0,32.0,,,42.0,52.0,43.0,1.0,2.0,1.0,1.0,10.0,0.0,3.0,1.0,3.0,,2.223333333333333,3.6666666666666665,2.11,2.8866666666666667,4.556666666666667,3.056666666666666,2.0
4.0,5160.0,7680.0,1.0,2.0,39.0,20.8,16335.0,18.0,70.0,52.0,33.0,2.0,2.0,1.0,1.0,18.0,1.0,5.0,0.0,3.0,,3.0,3.67,2.33,6.0,5.0,3.33,2.0
1.0,4220.0,6180.0,1.0,2.0,24.0,20.7,11797.5,16.0,,52.0,64.0,1.0,1.0,2.0,2.0,12.0,1.0,1.0,3.0,3.0,4.0,1.67,2.0,1.33,4.33,3.0,2.0,3.0
,,,5.0,2.0,,,,,,0.0,72.0,2.0,2.0,1.0,1.0,15.0,1.0,5.0,0.0,3.0,4.0,,,,,,,
4.0,9620.0,6390.0,3.0,2.0,25.0,23.3,9982.5,15.0,,36.0,,2.0,3.0,,1.0,12.0,1.0,5.0,1.0,3.0,4.0,2.0,2.0,2.0,4.33,4.33,2.17,2.0
2.0,2000.0,8290.0,7.0,2.0,51.0,63.7,,,,0.0,32.0,2.0,1.0,2.0,1.0,17.0,4.0,1.0,2.0,3.0,,5.465999999999999,5.0,4.668,6.6,3.601999999999999,4.566,4.8
3.0,6440.0,7070.0,1.0,2.0,43.0,36.2,13612.5,17.0,40.0,52.0,51.0,1.0,,,2.0,11.0,0.0,3.0,6.0,3.0,4.0,2.915,4.0,2.665,4.335,4.75,3.455,2.5
1.0,5860.0,7380.0,1.0,2.0,32.0,35.8,,,45.0,48.0,38.0,2.0,2.0,1.0,1.0,15.0,1.0,5.0,0.0,3.0,4.0,2.33,2.67,2.33,5.67,4.33,2.5,2.0
1.0,5840.0,6990.0,1.0,2.0,38.0,39.2,7713.75,13.0,40.0,35.0,23.0,2.0,1.0,2.0,1.0,12.0,1.0,5.0,0.0,3.0,4.0,3.0,3.33,2.33,4.67,4.5,3.0,2.0
3.0,9140.0,6190.0,1.0,1.0,26.0,28.5,,,12.0,,24.0,,1.0,4.0,,,0.0,1.0,1.0,3.0,,,,,,,,2.0
3.0,430.0,6990.0,1.0,2.0,39.0,67.7,24502.5,20.0,38.0,52.0,34.0,1.0,3.0,2.0,1.0,16.0,3.0,1.0,2.0,3.0,4.0,5.5,5.29125,4.875,4.8325,4.375,5.04125,4.0
2.0,4840.0,6680.0,4.0,2.0,43.0,61.2,,,,12.0,37.0,2.0,1.0,4.0,1.0,14.0,1.0,5.0,0.0,3.0,4.0,5.17,5.08,4.42,4.75,4.42,5.17,3.0
,1320.0,3580.0,5.0,2.0,75.0,89.3,,,,0.0,77.0,2.0,,,1.0,14.0,1.0,3.0,2.0,3.0,,5.0,5.33,5.33,4.33,5.0,5.5,4.0
2.0,5240.0,6380.0,7.0,1.0,31.0,37.6,1270.5,3.0,,8.0,36.0,1.0,2.0,1.0,1.0,18.0,4.0,5.0,0.0,3.0,4.0,3.835,4.0,3.335,6.165,4.5,3.58,2.5
1.0,5920.0,9470.0,1.0,2.0,39.0,49.6,24502.5,20.0,40.0,52.0,44.0,1.0,1.0,2.0,1.0,12.0,1.0,5.0,0.0,3.0,,4.0,4.0,3.5,3.83,4.665,4.165,4.0
2.0,310.0,8680.0,1.0,2.0,39.0,41.0,11797.5,16.0,50.0,52.0,29.0,1.0,2.0,1.0,1.0,13.0,1.0,5.0,0.0,3.0,4.0,4.33,5.67,4.33,4.67,4.67,4.5,2.0
,9600.0,6390.0,8.0,2.0,35.0,20.9,,,,0.0,55.0,1.0,2.0,1.0,1.0,12.0,1.0,3.0,8.0,3.0,4.0,2.33,3.0,2.33,4.33,4.33,2.5,2.0
1.0,350.0,8090.0,1.0,2.0,64.0,71.8,8621.25,14.0,45.0,52.0,23.0,2.0,2.0,1.0,1.0,15.0,1.0,1.0,1.0,3.0,4.0,5.0,6.0,4.67,6.0,5.67,6.0,4.0
,3540.0,9570.0,5.0,2.0,53.0,64.2,,,,0.0,,1.0,1.0,1.0,1.0,16.0,3.0,3.0,0.0,3.0,,5.111666666666667,4.611666666666667,4.388333333333333,5.835,4.498333333333334,4.473333333333334,4.0
2.0,5310.0,8190.0,1.0,2.0,50.0,38.3,13612.5,17.0,50.0,44.0,33.0,2.0,2.0,1.0,1.0,13.0,1.0,5.0,0.0,3.0,4.0,2.33,3.67,2.0,5.67,5.0,3.67,3.0
3.0,8640.0,1370.0,1.0,2.0,31.0,48.8,13612.5,17.0,25.0,32.0,37.0,1.0,1.0,1.0,1.0,16.0,3.0,5.0,0.0,3.0,4.0,2.665,3.83,2.33,3.5,5.335,3.5,2.0
1.0,4830.0,7670.0,1.0,2.0,38.0,45.0,97883.49087,26.0,40.0,52.0,45.0,2.0,1.0,1.0,1.0,14.0,1.0,1.0,0.0,3.0,4.0,3.33,3.33,3.33,4.67,3.0,3.17,3.0
3.0,9720.0,1070.0,4.0,2.0,32.0,24.1,,,,0.0,33.0,2.0,2.0,1.0,1.0,12.0,1.0,5.0,4.0,3.0,,2.0,2.33,1.33,4.0,4.33,2.83,2.0
,3420.0,5070.0,8.0,2.0,55.0,37.2,16335.0,18.0,,45.0,28.0,1.0,2.0,1.0,2.0,13.0,1.0,4.0,2.0,3.0,,3.556666666666666,3.4450000000000003,3.2216666666666662,5.4433333333333325,5.166666666666667,3.526666666666667,3.0
1.0,3255.0,8190.0,1.0,2.0,64.0,84.2,58080.0,25.0,40.0,52.0,57.0,2.0,3.0,1.0,2.0,15.0,3.0,1.0,2.0,3.0,4.0,5.3340000000000005,4.934,4.8,6.066,5.734,5.1,4.4
3.0,9130.0,4070.0,1.0,2.0,35.0,32.0,,,50.0,52.0,30.0,1.0,,2.0,1.0,13.0,1.0,5.0,0.0,3.0,4.0,2.223333333333333,3.6666666666666665,2.11,2.8866666666666667,4.556666666666667,3.056666666666666,2.0
2.0,5620.0,5592.0,2.0,2.0,25.0,23.8,19965.0,19.0,20.0,45.0,40.0,2.0,3.0,1.0,2.0,12.0,1.0,1.0,2.0,3.0,4.0,2.0,2.83,1.83,4.5,4.25,2.29,2.0
1.0,9640.0,6380.0,1.0,2.0,22.0,14.8,4083.75,9.0,50.0,40.0,23.0,2.0,2.0,1.0,2.0,14.0,1.0,5.0,0.0,3.0,4.0,1.67,2.0,1.33,4.33,3.0,1.67,2.0
,,,6.0,,,,,,,0.0,20.0,2.0,3.0,1.0,2.0,14.0,2.0,5.0,0.0,3.0,,,,,,,,
1.0,2310.0,7860.0,1.0,2.0,61.0,80.9,19965.0,19.0,40.0,48.0,49.0,2.0,1.0,2.0,2.0,19.0,4.0,3.0,3.0,3.0,4.0,5.333333333333333,5.33,4.22,6.22,4.22,4.78,4.0
,9130.0,6170.0,8.0,2.0,35.0,32.0,16335.0,18.0,,8.0,62.0,1.0,1.0,2.0,2.0,15.0,1.0,4.0,4.0,3.0,,2.223333333333333,3.6666666666666665,2.11,2.8866666666666667,4.556666666666667,3.056666666666666,2.0
2.0,3420.0,5070.0,1.0,2.0,55.0,37.2,16335.0,18.0,40.0,52.0,45.0,2.0,1.0,2.0,1.0,10.0,1.0,1.0,4.0,3.0,4.0,3.556666666666666,3.4450000000000003,3.2216666666666662,5.4433333333333325,5.166666666666667,3.526666666666667,3.0
2.0,,,7.0,,,,,,,0.0,30.0,2.0,3.0,2.0,2.0,17.0,3.0,1.0,2.0,3.0,4.0,,,,,,,
2.0,310.0,8680.0,1.0,2.0,39.0,41.0,24502.5,20.0,45.0,52.0,48.0,2.0,2.0,1.0,1.0,15.0,1.0,1.0,3.0,3.0,4.0,4.33,5.67,4.33,4.67,4.67,4.5,2.0
1.0,9130.0,6380.0,1.0,2.0,35.0,32.0,13612.5,17.0,30.0,48.0,41.0,2.0,2.0,1.0,1.0,13.0,1.0,5.0,4.0,3.0,4.0,2.223333333333333,3.6666666666666665,2.11,2.8866666666666667,4.556666666666667,3.056666666666666,2.0
,5000.0,5592.0,5.0,2.0,46.0,52.0,,,,0.0,81.0,2.0,2.0,1.0,1.0,13.0,1.0,3.0,2.0,3.0,4.0,4.33,5.33,4.33,5.33,5.67,4.83,3.0
,2300.0,7860.0,8.0,2.0,53.0,41.1,,,,0.0,59.0,2.0,1.0,1.0,1.0,16.0,3.0,2.0,3.0,3.0,,5.0,4.665,3.665,6.5,3.67,4.335,3.5
1.0,8740.0,3370.0,7.0,2.0,39.0,38.1,,,,52.0,,2.0,3.0,1.0,2.0,14.0,2.0,1.0,1.0,3.0,4.0,2.33,2.33,1.67,3.0,4.33,2.83,2.0
,3820.0,6370.0,5.0,2.0,58.0,73.5,,,,0.0,86.0,1.0,1.0,1.0,1.0,10.0,1.0,1.0,3.0,3.0,4.0,4.7925,4.5,4.4575,4.1675,5.0425,5.0024999999999995,3.25
1.0,205.0,180.0,1.0,2.0,46.0,39.9,6806.25,12.0,60.0,52.0,24.0,1.0,1.0,1.0,1.0,14.0,1.0,5.0,0.0,3.0,4.0,4.89,5.22,4.44,4.66,3.22,4.67,4.0
2.0,2200.0,7870.0,1.0,2.0,74.0,84.5,50820.0,24.0,54.0,52.0,52.0,2.0,1.0,1.0,1.0,16.0,4.0,1.0,3.0,3.0,4.0,5.658888888888889,5.612222222222222,5.184722222222223,5.074166666666667,3.1766666666666667,5.342777777777778,4.944444444444445
,4110.0,8680.0,6.0,2.0,31.0,19.6,726.0,2.0,,42.0,18.0,2.0,1.0,1.0,1.0,12.0,1.0,5.0,0.0,3.0,4.0,2.33,2.33,2.0,6.0,3.33,2.0,2.0
,1020.0,3590.0,5.0,2.0,60.0,87.9,,,,0.0,82.0,1.0,1.0,1.0,1.0,16.0,3.0,1.0,2.0,3.0,4.0,5.0,5.0,4.67,4.33,5.0,5.0,4.0
,10.0,770.0,5.0,1.0,72.0,77.4,,,,0.0,66.0,1.0,1.0,1.0,1.0,16.0,3.0,3.0,3.0,3.0,4.0,6.5,6.835,6.5,5.0,4.33,6.33,5.0
,5160.0,6870.0,5.0,2.0,39.0,20.8,,,,0.0,81.0,2.0,1.0,1.0,1.0,13.0,1.0,1.0,4.0,3.0,4.0,3.0,3.67,2.33,6.0,5.0,3.33,2.0
,6840.0,490.0,5.0,2.0,40.0,42.2,,,,,71.0,1.0,1.0,1.0,1.0,8.0,0.0,1.0,3.0,3.0,,2.0,2.0,2.0,3.67,5.33,3.33,2.0
2.0,7750.0,3580.0,1.0,2.0,35.0,25.0,,,40.0,52.0,62.0,1.0,1.0,1.0,1.0,11.0,0.0,1.0,3.0,3.0,3.0,2.4466666666666668,2.443333333333334,2.33,3.6633333333333336,4.556666666666667,2.8366666666666664,2.0
,310.0,8680.0,6.0,2.0,39.0,41.0,,,,16.0,34.0,2.0,1.0,1.0,1.0,16.0,2.0,1.0,8.0,3.0,4.0,4.33,5.67,4.33,4.67,4.67,4.5,2.0
,5700.0,9370.0,5.0,2.0,47.0,38.8,,,,0.0,74.0,2.0,1.0,1.0,1.0,18.0,4.0,2.0,1.0,3.0,4.0,3.3325,3.0,2.9175,5.0825,4.8325,3.6225,2.5
1.0,3400.0,9470.0,2.0,2.0,62.0,53.0,,,12.0,40.0,22.0,2.0,1.0,1.0,1.0,16.0,3.0,5.0,0.0,3.0,,,,,,,,3.0
2.0,60.0,6990.0,1.0,2.0,52.0,82.4,58080.0,25.0,50.0,52.0,42.0,2.0,1.0,1.0,1.0,16.0,3.0,1.0,2.0,3.0,4.0,,,,,,,4.0
2.0,7800.0,4970.0,2.0,2.0,45.0,19.7,9982.5,15.0,38.0,52.0,45.0,2.0,1.0,1.0,1.0,12.0,1.0,5.0,2.0,3.0,,5.0,3.67,3.0,3.0,3.33,2.5,2.0
2.0,3320.0,7970.0,2.0,2.0,59.0,69.3,11797.5,16.0,20.0,50.0,42.0,2.0,1.0,1.0,1.0,14.0,2.0,1.0,3.0,1.0,,4.7,4.468,3.898000000000001,5.468,5.434,4.682,3.0
1.0,4920.0,7070.0,1.0,1.0,49.0,56.9,29947.5,21.0,2.0,48.0,64.0,2.0,1.0,1.0,1.0,18.0,4.0,4.0,5.0,1.0,4.0,5.0,5.165,4.33,5.0,3.5,4.5,3.5
2.0,3400.0,9470.0,7.0,2.0,62.0,53.0,,,,0.0,62.0,2.0,1.0,1.0,1.0,16.0,3.0,3.0,1.0,1.0,1.0,,,,,,,3.0
,5700.0,8190.0,5.0,2.0,47.0,38.8,,,,0.0,67.0,2.0,1.0,1.0,1.0,18.0,4.0,3.0,2.0,1.0,4.0,3.3325,3.0,2.9175,5.0825,4.8325,3.6225,2.5
1.0,4620.0,8590.0,7.0,2.0,35.0,42.9,4083.75,9.0,,0.0,47.0,2.0,1.0,1.0,1.0,16.0,3.0,1.0,2.0,1.0,,4.5,5.0,3.165,6.0,4.0,3.67,3.5
2.0,860.0,6990.0,1.0,2.0,43.0,66.2,6806.25,12.0,40.0,0.0,55.0,2.0,1.0,1.0,1.0,16.0,3.0,3.0,3.0,1.0,,4.33,5.0,4.0,5.0,4.67,4.0,4.0
3.0,2310.0,7860.0,1.0,2.0,61.0,80.9,24502.5,20.0,50.0,40.0,34.0,1.0,1.0,1.0,1.0,16.0,3.0,5.0,0.0,1.0,,5.333333333333333,5.33,4.22,6.22,4.22,4.78,4.0
1.0,4830.0,7670.0,1.0,2.0,38.0,45.0,16335.0,18.0,80.0,52.0,47.0,2.0,2.0,1.0,1.0,12.0,1.0,5.0,2.0,1.0,4.0,3.33,3.33,3.33,4.67,3.0,3.17,3.0
2.0,9640.0,1680.0,7.0,2.0,22.0,14.8,,,,0.0,55.0,2.0,3.0,1.0,2.0,12.0,1.0,1.0,3.0,1.0,4.0,1.67,2.0,1.33,4.33,3.0,1.67,2.0
1.0,4060.0,8680.0,1.0,2.0,24.0,14.6,19965.0,19.0,68.0,52.0,65.0,1.0,,,1.0,13.0,1.0,5.0,0.0,1.0,,1.835,2.25,1.835,4.415,3.835,2.21,2.0
1.0,5240.0,5170.0,7.0,2.0,31.0,37.6,4083.75,9.0,,0.0,33.0,2.0,2.0,1.0,1.0,20.0,4.0,1.0,3.0,1.0,4.0,3.835,4.0,3.335,6.165,4.5,3.58,2.5
2.0,1106.0,2190.0,1.0,2.0,61.0,83.4,36300.0,22.0,60.0,52.0,29.0,1.0,1.0,1.0,1.0,16.0,3.0,5.0,0.0,1.0,4.0,5.5,4.5,4.165,3.0,4.665,5.0,3.5
2.0,4200.0,7690.0,1.0,1.0,37.0,33.2,19965.0,19.0,60.0,52.0,47.0,2.0,1.0,1.0,1.0,12.0,1.0,1.0,1.0,1.0,4.0,3.67,5.67,3.33,3.67,5.0,3.83,2.0
2.0,9620.0,4290.0,1.0,2.0,25.0,23.3,13612.5,17.0,40.0,52.0,62.0,1.0,1.0,2.0,1.0,12.0,1.0,1.0,0.0,1.0,4.0,2.0,2.0,2.0,4.33,4.33,2.17,2.0
2.0,3940.0,7780.0,4.0,2.0,38.0,27.0,726.0,2.0,,32.0,40.0,1.0,2.0,1.0,1.0,11.0,0.0,5.0,3.0,1.0,4.0,2.0,3.0,2.33,3.33,3.0,1.83,2.0
2.0,4760.0,5580.0,2.0,2.0,31.0,39.7,4083.75,9.0,22.0,,19.0,1.0,1.0,1.0,1.0,13.0,1.0,5.0,0.0,1.0,4.0,3.0,3.0,2.67,5.0,4.0,2.33,2.0
1.0,2430.0,6770.0,7.0,2.0,55.0,77.2,,,,0.0,60.0,2.0,1.0,1.0,1.0,20.0,4.0,1.0,0.0,1.0,4.0,4.67,5.17,3.67,5.83,4.17,5.42,5.0
,5860.0,9480.0,5.0,2.0,32.0,35.8,,,,0.0,89.0,2.0,2.0,1.0,1.0,12.0,1.0,2.0,1.0,1.0,,2.33,2.67,2.33,5.67,4.33,2.5,2.0
1.0,3255.0,8090.0,1.0,2.0,64.0,84.2,50820.0,24.0,40.0,52.0,55.0,2.0,1.0,1.0,1.0,18.0,4.0,1.0,3.0,1.0,,5.3340000000000005,4.934,4.8,6.066,5.734,5.1,4.4
2.0,520.0,5570.0,2.0,2.0,45.0,50.0,3267.0,8.0,20.0,30.0,67.0,2.0,1.0,1.0,1.0,14.0,2.0,1.0,0.0,1.0,4.0,4.0,4.0,3.67,4.0,4.0,3.5,3.0
2.0,2100.0,6870.0,1.0,2.0,69.0,91.1,97883.49087,26.0,40.0,52.0,58.0,2.0,1.0,1.0,1.0,20.0,4.0,1.0,1.0,1.0,,6.0,6.0,6.33,4.0,4.33,6.0,5.0
2.0,4230.0,8660.0,2.0,2.0,25.0,12.6,1633.5,4.0,30.0,48.0,44.0,2.0,2.0,1.0,1.0,12.0,1.0,5.0,1.0,1.0,,1.67,2.0,1.0,5.33,2.67,1.67,2.0
1.0,3600.0,8170.0,1.0,2.0,48.0,24.2,13612.5,17.0,43.0,52.0,55.0,2.0,1.0,1.0,1.0,14.0,1.0,5.0,1.0,1.0,4.0,2.915,3.0,2.3325,5.0825,4.6675,3.125,2.25
2.0,9350.0,9090.0,4.0,2.0,16.0,22.1,1996.5,5.0,,12.0,59.0,1.0,2.0,1.0,1.0,11.0,1.0,3.0,2.0,1.0,4.0,1.67,2.67,1.33,4.67,2.33,1.67,2.0
2.0,3930.0,7070.0,7.0,2.0,34.0,34.7,,,,52.0,31.0,2.0,2.0,1.0,1.0,12.0,1.0,5.0,1.0,1.0,,3.665,4.835,3.165,3.835,5.165,3.335,2.0
2.0,2000.0,8370.0,2.0,2.0,51.0,63.7,,,34.0,52.0,21.0,2.0,2.0,1.0,1.0,12.0,1.0,5.0,1.0,1.0,,5.465999999999999,5.0,4.668,6.6,3.601999999999999,4.566,4.8
,,,8.0,,,,,,,0.0,50.0,2.0,2.0,1.0,1.0,12.0,1.0,5.0,0.0,1.0,4.0,,,,,,,
3.0,9350.0,9090.0,2.0,2.0,16.0,22.1,24502.5,20.0,30.0,24.0,42.0,1.0,2.0,1.0,1.0,15.0,2.0,4.0,2.0,1.0,4.0,1.67,2.67,1.33,4.67,2.33,1.67,2.0
,4620.0,7580.0,6.0,2.0,35.0,42.9,726.0,2.0,,6.0,19.0,1.0,2.0,1.0,1.0,13.0,1.0,5.0,0.0,1.0,4.0,4.5,5.0,3.165,6.0,4.0,3.67,3.5
2.0,5840.0,6990.0,7.0,2.0,38.0,39.2,,,,40.0,41.0,2.0,2.0,1.0,1.0,12.0,1.0,5.0,2.0,1.0,4.0,3.0,3.33,2.33,4.67,4.5,3.0,2.0
,3600.0,8180.0,4.0,2.0,48.0,24.2,7713.75,13.0,,32.0,32.0,2.0,2.0,1.0,1.0,14.0,2.0,1.0,3.0,1.0,4.0,2.915,3.0,2.3325,5.0825,4.6675,3.125,2.25
2.0,5110.0,6990.0,1.0,2.0,40.0,33.4,13612.5,17.0,37.0,26.0,37.0,2.0,2.0,1.0,1.0,16.0,3.0,1.0,3.0,1.0,2.0,2.67,4.0,2.67,4.5,4.5,3.08,3.0
1.0,4000.0,7580.0,7.0,2.0,50.0,32.6,,,,0.0,44.0,2.0,2.0,1.0,1.0,12.0,1.0,5.0,2.0,1.0,,5.0,6.0,5.33,4.67,3.67,4.5,3.0
2.0,410.0,7070.0,1.0,2.0,41.0,54.6,24502.5,20.0,60.0,52.0,52.0,2.0,2.0,1.0,1.0,13.0,1.0,3.0,5.0,1.0,4.0,5.0,5.67,4.33,4.33,3.67,4.83,4.0
1.0,4610.0,8370.0,1.0,2.0,48.0,20.1,,,50.0,0.0,31.0,1.0,3.0,3.0,,12.0,1.0,5.0,2.0,1.0,,4.0,3.33,2.67,5.67,4.0,3.0,2.0
,8350.0,5170.0,5.0,2.0,42.0,26.5,,,,0.0,,2.0,2.0,1.0,1.0,16.0,1.0,2.0,2.0,1.0,,3.33,4.165,2.335,3.33,3.17,3.085,2.0
2.0,800.0,7280.0,1.0,2.0,60.0,76.3,16335.0,18.0,41.0,52.0,23.0,2.0,1.0,1.0,1.0,16.0,3.0,5.0,0.0,1.0,4.0,5.0,5.0,4.67,4.67,4.67,4.5,4.0
,4720.0,5790.0,6.0,2.0,28.0,21.6,,,,30.0,20.0,2.0,1.0,1.0,1.0,14.0,1.0,5.0,0.0,1.0,4.0,2.5,2.835,2.0,4.5,4.0,2.335,2.0
,5510.0,7570.0,5.0,2.0,29.0,39.9,,,,0.0,63.0,1.0,1.0,1.0,1.0,10.0,0.0,5.0,0.0,1.0,4.0,2.0,2.67,2.0,4.0,4.0,2.67,2.0
,5550.0,6370.0,5.0,2.0,45.0,58.4,,,,0.0,84.0,1.0,1.0,1.0,1.0,12.0,1.0,2.0,1.0,1.0,,2.33,3.0,2.67,3.67,4.0,3.5,2.0
1.0,1530.0,9590.0,1.0,2.0,70.0,86.1,50820.0,24.0,40.0,50.0,66.0,2.0,1.0,1.0,1.0,18.0,4.0,5.0,0.0,1.0,1.0,5.636363636363637,5.484545454545454,5.211818181818182,3.4545454545454546,4.271818181818182,5.531818181818182,4.181818181818182
2.0,3255.0,8170.0,1.0,2.0,64.0,84.2,36300.0,22.0,40.0,52.0,56.0,1.0,3.0,2.0,1.0,14.0,2.0,3.0,5.0,1.0,4.0,5.3340000000000005,4.934,4.8,6.066,5.734,5.1,4.4
2.0,4810.0,6990.0,1.0,2.0,47.0,57.8,16335.0,18.0,40.0,52.0,51.0,2.0,1.0,1.0,1.0,16.0,3.0,1.0,1.0,1.0,4.0,5.0,5.33,3.67,5.33,4.67,3.83,4.0
1.0,1020.0,6970.0,1.0,2.0,60.0,87.9,43560.0,23.0,40.0,52.0,38.0,1.0,3.0,1.0,2.0,18.0,4.0,1.0,0.0,1.0,4.0,5.0,5.0,4.67,4.33,5.0,5.0,4.0
2.0,9510.0,7460.0,1.0,2.0,47.0,38.8,13612.5,17.0,40.0,52.0,47.0,1.0,2.0,1.0,1.0,12.0,1.0,5.0,0.0,1.0,,2.33,4.67,2.67,3.0,5.67,3.0,3.0
2.0,4230.0,7690.0,7.0,1.0,25.0,12.6,,,,0.0,32.0,2.0,1.0,5.0,2.0,12.0,1.0,5.0,3.0,1.0,4.0,1.67,2.0,1.0,5.33,2.67,1.67,2.0
2.0,4230.0,7070.0,2.0,2.0,25.0,12.6,,,25.0,,66.0,1.0,3.0,3.0,2.0,12.0,1.0,1.0,,1.0,4.0,1.67,2.0,1.0,5.33,2.67,1.67,2.0
2.0,950.0,6890.0,1.0,2.0,39.0,64.4,36300.0,22.0,38.0,52.0,32.0,2.0,1.0,1.0,1.0,16.0,3.0,5.0,0.0,1.0,4.0,5.0,5.33,4.665,4.33,4.5,5.0,4.25
1.0,2750.0,8560.0,1.0,1.0,51.0,52.3,,,40.0,52.0,31.0,1.0,2.0,1.0,1.0,12.0,1.0,5.0,0.0,1.0,4.0,5.83,4.415,4.75,5.25,2.585,4.17,4.0
1.0,10.0,770.0,2.0,2.0,72.0,77.4,50820.0,24.0,4.0,52.0,69.0,1.0,1.0,1.0,1.0,14.0,1.0,1.0,3.0,1.0,,6.5,6.835,6.5,5.0,4.33,6.33,5.0
1.0,8650.0,2980.0,7.0,2.0,27.0,27.7,,,,50.0,57.0,1.0,2.0,1.0,1.0,11.0,0.0,1.0,1.0,1.0,4.0,2.1133333333333333,2.556666666666666,2.1133333333333333,3.6633333333333336,4.776666666666666,2.5533333333333332,2.0
1.0,4110.0,8680.0,1.0,2.0,31.0,19.6,13612.5,17.0,30.0,45.0,30.0,2.0,1.0,1.0,2.0,16.0,3.0,5.0,0.0,1.0,4.0,2.33,2.33,2.0,6.0,3.33,2.0,2.0
1.0,630.0,4170.0,2.0,1.0,47.0,65.3,13612.5,17.0,10.0,40.0,72.0,1.0,1.0,1.0,1.0,17.0,3.0,1.0,2.0,1.0,4.0,4.556666666666667,4.333333333333333,4.0,5.446666666666666,4.333333333333333,4.163333333333333,3.3333333333333335
,640.0,6970.0,5.0,2.0,53.0,62.4,,,,0.0,60.0,2.0,1.0,1.0,1.0,12.0,1.0,1.0,2.0,1.0,,4.67,4.33,4.67,5.33,5.0,4.17,4.0
,430.0,6780.0,5.0,2.0,39.0,67.7,,,,0.0,69.0,2.0,1.0,1.0,1.0,18.0,4.0,1.0,2.0,1.0,,5.5,5.29125,4.875,4.8325,4.375,5.04125,4.0
1.0,1107.0,6680.0,1.0,2.0,48.0,70.5,97883.49087,26.0,50.0,52.0,45.0,2.0,1.0,1.0,2.0,17.0,4.0,3.0,2.0,1.0,4.0,5.576363636363637,4.969090909090909,4.4390909090909085,3.4545454545454546,4.181818181818182,5.038181818181818,3.8461538461538463
,420.0,8370.0,5.0,2.0,52.0,67.8,43560.0,23.0,,36.0,67.0,2.0,1.0,1.0,1.0,18.0,4.0,1.0,1.0,1.0,4.0,5.33,5.67,5.0,6.33,4.33,5.5,4.0
2.0,4700.0,5170.0,1.0,2.0,38.0,43.0,24502.5,20.0,50.0,51.0,34.0,2.0,1.0,1.0,1.0,16.0,3.0,1.0,1.0,1.0,4.0,3.67,4.67,3.67,4.33,4.0,4.0,2.0
,5700.0,7860.0,5.0,2.0,47.0,38.8,,,,0.0,78.0,2.0,1.0,1.0,1.0,14.0,1.0,2.0,2.0,1.0,1.0,3.3325,3.0,2.9175,5.0825,4.8325,3.6225,2.5
2.0,8740.0,770.0,4.0,2.0,39.0,38.1,24502.5,20.0,,40.0,37.0,1.0,3.0,2.0,2.0,14.0,1.0,4.0,4.0,3.0,4.0,2.33,2.33,1.67,3.0,4.33,2.83,2.0
1.0,,,7.0,2.0,,,,,,,70.0,2.0,1.0,2.0,2.0,0.0,0.0,1.0,5.0,3.0,,,,,,,,
2.0,5400.0,8370.0,1.0,2.0,38.0,25.7,,,50.0,28.0,32.0,2.0,2.0,1.0,1.0,13.0,1.0,4.0,3.0,3.0,4.0,3.0,3.0,2.33,5.67,4.0,2.67,2.0
1.0,1550.0,2290.0,1.0,2.0,50.0,57.4,11797.5,16.0,52.0,52.0,37.0,1.0,2.0,1.0,1.0,13.0,1.0,1.0,1.0,3.0,4.0,4.528333333333333,4.235,3.9091666666666662,3.7283333333333335,5.1875,4.503333333333333,3.076923076923077
1.0,2040.0,9160.0,1.0,1.0,66.0,62.6,19965.0,19.0,60.0,52.0,61.0,1.0,1.0,1.0,1.0,18.0,4.0,1.0,6.0,3.0,4.0,6.67,6.33,5.33,6.33,3.33,5.0,5.0
1.0,9130.0,4585.0,7.0,2.0,35.0,32.0,1996.5,5.0,,30.0,51.0,2.0,1.0,2.0,2.0,12.0,1.0,1.0,4.0,3.0,1.0,2.223333333333333,3.6666666666666665,2.11,2.8866666666666667,4.556666666666667,3.056666666666666,2.0
2.0,4250.0,7770.0,2.0,1.0,37.0,18.6,,,25.0,52.0,65.0,1.0,3.0,2.0,2.0,3.0,0.0,1.0,4.0,3.0,4.0,2.4466666666666668,3.3333333333333335,2.223333333333333,3.6633333333333336,4.333333333333333,3.11,2.0
2.0,,,1.0,2.0,,,,,40.0,52.0,,2.0,1.0,2.0,1.0,16.0,3.0,5.0,0.0,3.0,4.0,,,,,,,
,300.0,2070.0,5.0,2.0,62.0,89.1,97883.49087,26.0,,52.0,64.0,1.0,1.0,1.0,1.0,16.0,3.0,1.0,3.0,3.0,4.0,6.335,6.0,5.33,3.665,4.335,6.085,4.5
,7750.0,3870.0,5.0,2.0,35.0,25.0,,,,0.0,59.0,2.0,2.0,1.0,1.0,12.0,1.0,3.0,7.0,3.0,,2.4466666666666668,2.443333333333334,2.33,3.6633333333333336,4.556666666666667,2.8366666666666664,2.0
2.0,4220.0,8680.0,7.0,2.0,24.0,20.7,726.0,2.0,,40.0,22.0,2.0,1.0,2.0,1.0,12.0,1.0,5.0,0.0,3.0,,1.67,2.0,1.33,4.33,3.0,2.0,3.0
2.0,4760.0,5080.0,2.0,2.0,31.0,39.7,1270.5,3.0,23.0,8.0,19.0,2.0,1.0,1.0,1.0,12.0,1.0,5.0,0.0,3.0,4.0,3.0,3.0,2.67,5.0,4.0,2.33,2.0
1.0,4850.0,4080.0,1.0,2.0,45.0,62.0,29947.5,21.0,70.0,50.0,55.0,1.0,1.0,1.0,1.0,13.0,1.0,3.0,3.0,3.0,4.0,4.89,4.89,3.78,4.553333333333334,3.78,4.613333333333333,3.6666666666666665
3.0,4050.0,8680.0,4.0,2.0,21.0,14.0,726.0,2.0,,40.0,18.0,2.0,2.0,1.0,1.0,12.0,0.0,5.0,0.0,3.0,4.0,1.67,1.83,1.67,4.5,4.0,1.92,2.0
1.0,2320.0,7860.0,1.0,2.0,64.0,82.5,13612.5,17.0,40.0,36.0,41.0,2.0,2.0,1.0,1.0,16.0,3.0,1.0,0.0,3.0,4.0,5.5,5.165,4.165,6.5,4.5,5.08,4.0
2.0,2320.0,7860.0,1.0,2.0,64.0,82.5,24502.5,20.0,50.0,40.0,58.0,2.0,1.0,1.0,1.0,16.0,3.0,5.0,0.0,3.0,4.0,5.5,5.165,4.165,6.5,4.5,5.08,4.0
,6440.0,570.0,5.0,2.0,43.0,36.2,,,,0.0,79.0,1.0,1.0,1.0,1.0,13.0,1.0,1.0,1.0,3.0,1.0,2.915,4.0,2.665,4.335,4.75,3.455,2.5
2.0,9610.0,8780.0,7.0,2.0,22.0,17.5,1996.5,5.0,,,21.0,2.0,1.0,2.0,2.0,9.0,0.0,1.0,0.0,3.0,,1.33,2.33,1.0,3.67,3.67,1.83,2.0
,,490.0,5.0,2.0,,,,,,0.0,76.0,1.0,1.0,1.0,1.0,9.0,0.0,1.0,2.0,3.0,,,,,,,,
1.0,6230.0,2070.0,1.0,2.0,44.0,28.7,24502.5,20.0,62.0,,32.0,1.0,1.0,2.0,1.0,12.0,1.0,5.0,0.0,3.0,4.0,3.67,4.33,2.83,3.0,4.83,3.83,2.0
,4760.0,5380.0,4.0,2.0,31.0,39.7,,,,0.0,29.0,2.0,1.0,1.0,1.0,13.0,1.0,5.0,0.0,3.0,4.0,3.0,3.0,2.67,5.0,4.0,2.33,2.0
4.0,5610.0,4970.0,1.0,2.0,35.0,23.7,4991.25,10.0,33.0,35.0,28.0,2.0,2.0,1.0,1.0,13.0,1.0,1.0,0.0,3.0,4.0,2.67,3.0,2.67,5.33,4.33,2.83,2.0
2.0,4020.0,8680.0,1.0,2.0,33.0,13.6,4991.25,10.0,40.0,32.0,26.0,2.0,,2.0,2.0,15.0,3.0,1.0,0.0,3.0,,2.732,3.665999999999999,2.268,4.066,3.6,2.6,2.2
1.0,,,7.0,,,,,,,0.0,59.0,2.0,1.0,2.0,2.0,3.0,0.0,1.0,3.0,3.0,,,,,,,,
,,,6.0,,,,,,,4.0,18.0,2.0,,2.0,1.0,14.0,2.0,5.0,0.0,3.0,4.0,,,,,,,
2.0,4030.0,5090.0,1.0,2.0,21.0,13.6,,,60.0,1.0,52.0,2.0,1.0,5.0,2.0,12.0,1.0,1.0,3.0,3.0,4.0,1.67,1.67,1.67,4.67,4.67,2.0,2.0
2.0,4020.0,8190.0,4.0,2.0,33.0,13.6,1633.5,4.0,,35.0,28.0,2.0,2.0,1.0,1.0,15.0,1.0,5.0,2.0,3.0,4.0,2.732,3.665999999999999,2.268,4.066,3.6,2.6,2.2
2.0,4610.0,8170.0,1.0,2.0,48.0,20.1,,,60.0,,50.0,2.0,2.0,1.0,1.0,10.0,0.0,5.0,1.0,3.0,,4.0,3.33,2.67,5.67,4.0,3.0,2.0
1.0,2310.0,7860.0,7.0,2.0,61.0,80.9,29947.5,21.0,,42.0,42.0,2.0,2.0,1.0,1.0,17.0,3.0,5.0,4.0,3.0,,5.333333333333333,5.33,4.22,6.22,4.22,4.78,4.0
2.0,5240.0,6670.0,1.0,2.0,31.0,37.6,1996.5,5.0,41.0,2.0,54.0,2.0,2.0,1.0,1.0,12.0,1.0,3.0,3.0,3.0,,3.835,4.0,3.335,6.165,4.5,3.58,2.5
,6320.0,770.0,8.0,2.0,42.0,31.0,,,,0.0,64.0,1.0,2.0,1.0,1.0,12.0,1.0,1.0,3.0,3.0,4.0,3.33,3.0,2.67,4.0,5.0,3.67,2.0
1.0,7210.0,770.0,1.0,2.0,42.0,35.3,,,45.0,47.0,20.0,1.0,,5.0,1.0,14.0,1.0,5.0,0.0,3.0,,3.67,3.67,3.33,4.33,5.0,3.5,3.0
,4500.0,8970.0,6.0,2.0,36.0,21.5,1633.5,4.0,,0.0,20.0,1.0,3.0,2.0,2.0,13.0,1.0,5.0,0.0,3.0,4.0,4.67,3.33,3.0,5.0,2.33,3.5,3.0
1.0,940.0,7280.0,1.0,1.0,52.0,57.0,16335.0,18.0,20.0,52.0,60.0,2.0,1.0,1.0,1.0,14.0,1.0,4.0,2.0,3.0,,3.33,3.67,3.33,4.67,3.67,3.33,3.0
2.0,6355.0,570.0,2.0,1.0,49.0,45.4,4991.25,10.0,20.0,25.0,45.0,1.0,1.0,2.0,2.0,12.0,0.0,1.0,2.0,3.0,,4.33,5.33,3.33,3.67,5.0,4.17,3.0
1.0,3320.0,8180.0,1.0,2.0,59.0,69.3,16335.0,18.0,48.0,52.0,61.0,2.0,2.0,1.0,1.0,13.0,1.0,3.0,3.0,3.0,4.0,4.7,4.468,3.898000000000001,5.468,5.434,4.682,3.0
2.0,650.0,4970.0,2.0,2.0,53.0,64.2,4991.25,10.0,35.0,50.0,22.0,2.0,1.0,2.0,1.0,14.0,2.0,5.0,0.0,3.0,4.0,5.33,5.33,4.67,6.33,4.67,4.83,4.0
1.0,9130.0,6170.0,1.0,1.0,35.0,32.0,36300.0,22.0,42.0,47.0,39.0,1.0,,1.0,1.0,14.0,1.0,5.0,6.0,3.0,,2.223333333333333,3.6666666666666665,2.11,2.8866666666666667,4.556666666666667,3.056666666666666,2.0
,1410.0,570.0,5.0,2.0,73.0,86.5,,,,0.0,77.0,1.0,1.0,1.0,1.0,20.0,4.0,2.0,4.0,3.0,4.0,5.0,5.22,4.776666666666666,3.33,4.556666666666667,5.113333333333333,4.0
2.0,5120.0,370.0,1.0,2.0,45.0,38.3,43560.0,23.0,50.0,52.0,32.0,2.0,3.0,1.0,1.0,17.0,3.0,1.0,0.0,3.0,,3.67,3.67,3.0,4.67,5.0,3.67,3.0
3.0,9130.0,3890.0,1.0,2.0,35.0,32.0,36300.0,22.0,35.0,52.0,35.0,1.0,2.0,1.0,1.0,12.0,1.0,1.0,1.0,3.0,2.0,2.223333333333333,3.6666666666666665,2.11,2.8866666666666667,4.556666666666667,3.056666666666666,2.0
,3255.0,8190.0,5.0,2.0,64.0,84.2,24502.5,20.0,,,66.0,2.0,1.0,1.0,1.0,16.0,3.0,3.0,0.0,3.0,4.0,5.3340000000000005,4.934,4.8,6.066,5.734,5.1,4.4
1.0,,,7.0,,,,,,,0.0,36.0,2.0,1.0,1.0,2.0,13.0,1.0,1.0,2.0,3.0,4.0,,,,,,,
1.0,1030.0,6672.0,2.0,2.0,55.0,71.8,,,30.0,45.0,54.0,2.0,1.0,5.0,2.0,20.0,4.0,1.0,4.0,3.0,,5.0,5.67,5.0,4.0,4.33,5.33,3.5
1.0,9130.0,770.0,1.0,2.0,35.0,32.0,24502.5,20.0,52.0,52.0,48.0,1.0,3.0,2.0,1.0,13.0,1.0,3.0,3.0,3.0,4.0,2.223333333333333,3.6666666666666665,2.11,2.8866666666666667,4.556666666666667,3.056666666666666,2.0
2.0,1050.0,3190.0,1.0,2.0,48.0,64.5,29947.5,21.0,50.0,50.0,40.0,1.0,3.0,1.0,1.0,16.0,3.0,1.0,0.0,3.0,4.0,5.165,4.5,4.165,4.165,5.0,4.92,3.5
,,,7.0,,,,,,,0.0,46.0,2.0,1.0,2.0,2.0,12.0,1.0,1.0,3.0,3.0,,,,,,,,
1.0,4020.0,4970.0,1.0,2.0,33.0,13.6,,,40.0,52.0,59.0,2.0,1.0,1.0,1.0,12.0,1.0,3.0,2.0,3.0,,2.732,3.665999999999999,2.268,4.066,3.6,2.6,2.2
1.0,4220.0,7690.0,1.0,2.0,24.0,20.7,7713.75,13.0,40.0,52.0,24.0,1.0,2.0,3.0,1.0,12.0,1.0,5.0,0.0,3.0,4.0,1.67,2.0,1.33,4.33,3.0,2.0,3.0
,4120.0,7860.0,5.0,2.0,34.0,17.0,,,,0.0,70.0,2.0,1.0,2.0,1.0,6.0,0.0,2.0,3.0,3.0,,1.67,2.33,1.67,3.67,3.67,2.33,2.0
1.0,2320.0,7860.0,1.0,2.0,64.0,82.5,29947.5,21.0,55.0,44.0,27.0,1.0,1.0,2.0,2.0,18.0,4.0,5.0,0.0,3.0,,5.5,5.165,4.165,6.5,4.5,5.08,4.0
2.0,5700.0,490.0,1.0,2.0,47.0,38.8,19965.0,19.0,40.0,52.0,55.0,2.0,2.0,1.0,1.0,16.0,1.0,1.0,2.0,3.0,,3.3325,3.0,2.9175,5.0825,4.8325,3.6225,2.5
1.0,5120.0,7580.0,2.0,1.0,45.0,38.3,2722.5,7.0,5.0,42.0,69.0,2.0,1.0,1.0,1.0,12.0,1.0,1.0,2.0,3.0,,3.67,3.67,3.0,4.67,5.0,3.67,3.0
,3060.0,8190.0,5.0,2.0,80.0,92.8,,,,0.0,77.0,1.0,1.0,1.0,1.0,20.0,4.0,1.0,4.0,3.0,4.0,6.155882352941177,5.96,6.077058823529412,5.587647058823529,5.0194117647058825,5.676470588235294,5.0
2.0,20.0,8090.0,1.0,2.0,50.0,68.6,97883.49087,26.0,89.0,52.0,41.0,1.0,3.0,1.0,2.0,20.0,4.0,1.0,1.0,3.0,4.0,5.33,6.0,5.67,6.33,4.67,6.0,4.0
,1006.0,6870.0,5.0,2.0,65.0,80.7,,,,0.0,83.0,1.0,1.0,1.0,1.0,16.0,3.0,1.0,2.0,3.0,,5.0,5.0,4.835,4.17,4.665,4.835,4.0
1.0,430.0,1270.0,7.0,2.0,39.0,67.7,,,,0.0,49.0,2.0,1.0,2.0,1.0,17.0,4.0,1.0,2.0,3.0,4.0,5.5,5.29125,4.875,4.8325,4.375,5.04125,4.0
,2310.0,7860.0,5.0,2.0,61.0,80.9,726.0,2.0,,2.0,71.0,2.0,1.0,1.0,1.0,18.0,4.0,3.0,2.0,3.0,4.0,5.333333333333333,5.33,4.22,6.22,4.22,4.78,4.0
1.0,6440.0,770.0,1.0,2.0,43.0,36.2,36300.0,22.0,60.0,36.0,24.0,1.0,1.0,2.0,1.0,14.0,1.0,1.0,2.0,3.0,,2.915,4.0,2.665,4.335,4.75,3.455,2.5
,7140.0,3580.0,8.0,2.0,56.0,53.6,,,,0.0,45.0,1.0,1.0,1.0,1.0,16.0,3.0,1.0,5.0,3.0,4.0,4.0,3.67,3.33,4.33,6.0,4.67,3.0
,3850.0,9470.0,5.0,2.0,60.0,65.3,,,,0.0,74.0,1.0,1.0,2.0,1.0,17.0,3.0,1.0,1.0,3.0,4.0,5.67,5.67,5.17,5.67,5.67,4.75,3.0
1.0,1530.0,3980.0,7.0,1.0,70.0,86.1,,,,0.0,43.0,2.0,1.0,2.0,2.0,16.0,3.0,1.0,3.0,3.0,,5.636363636363637,5.484545454545454,5.211818181818182,3.4545454545454546,4.271818181818182,5.531818181818182,4.181818181818182
4.0,5240.0,6870.0,2.0,2.0,31.0,37.6,,,30.0,52.0,30.0,1.0,2.0,1.0,1.0,12.0,1.0,5.0,0.0,3.0,,3.835,4.0,3.335,6.165,4.5,3.58,2.5
1.0,4600.0,8470.0,1.0,2.0,35.0,21.8,2722.5,7.0,40.0,52.0,19.0,2.0,1.0,1.0,1.0,12.0,1.0,5.0,0.0,3.0,,4.0,4.5,2.5,6.0,3.0,3.33,2.0
2.0,9120.0,6180.0,1.0,1.0,35.0,31.6,6806.25,12.0,15.0,49.0,61.0,2.0,2.0,4.0,1.0,12.0,1.0,5.0,0.0,3.0,,3.0,4.33,2.0,5.0,5.0,3.0,2.0
,4760.0,4870.0,5.0,2.0,31.0,39.7,,,,0.0,76.0,2.0,1.0,1.0,1.0,14.0,1.0,3.0,2.0,3.0,,3.0,3.0,2.67,5.0,4.0,2.33,2.0
,1010.0,1990.0,5.0,2.0,63.0,81.0,,,,0.0,,2.0,2.0,1.0,1.0,19.0,4.0,2.0,2.0,3.0,4.0,5.67,5.0,4.33,2.33,5.0,5.5,4.0
1.0,6260.0,770.0,2.0,2.0,28.0,25.2,1996.5,5.0,35.0,40.0,44.0,1.0,3.0,2.0,2.0,12.0,1.0,1.0,2.0,3.0,,2.33,2.67,1.67,4.0,4.33,3.17,2.0
2.0,3230.0,8190.0,1.0,2.0,59.0,88.3,24502.5,20.0,40.0,52.0,26.0,2.0,1.0,1.0,1.0,16.0,4.0,5.0,0.0,3.0,4.0,5.67,5.33,4.67,6.67,4.0,5.17,5.0
1.0,540.0,6990.0,1.0,1.0,46.0,59.8,43560.0,23.0,40.0,46.0,37.0,2.0,2.0,1.0,1.0,20.0,4.0,5.0,0.0,3.0,4.0,4.085,4.835,3.75,4.415,4.915,4.625,3.5
3.0,420.0,9170.0,1.0,2.0,52.0,67.8,19965.0,19.0,0.0,52.0,26.0,2.0,2.0,1.0,1.0,18.0,4.0,5.0,0.0,3.0,,5.33,5.67,5.0,6.33,4.33,5.5,4.0
2.0,2710.0,6570.0,3.0,1.0,58.0,72.7,29947.5,21.0,,52.0,28.0,1.0,2.0,1.0,1.0,16.0,3.0,5.0,0.0,3.0,,5.4575,5.75,5.5,5.125,3.7075,5.145,4.0
2.0,5300.0,8660.0,1.0,2.0,30.0,24.1,,,40.0,47.0,25.0,2.0,2.0,1.0,2.0,12.0,1.0,5.0,0.0,3.0,4.0,2.33,3.0,2.33,6.0,3.67,2.17,2.0
2.0,3930.0,7680.0,1.0,2.0,34.0,34.7,,,40.0,52.0,25.0,1.0,2.0,1.0,1.0,12.0,1.0,3.0,0.0,3.0,4.0,3.665,4.835,3.165,3.835,5.165,3.335,2.0
3.0,2900.0,6670.0,4.0,2.0,43.0,57.3,13612.5,17.0,,40.0,26.0,1.0,1.0,1.0,1.0,16.0,3.0,5.0,0.0,3.0,,4.11,4.776666666666666,3.3333333333333335,4.443333333333333,3.8866666666666663,4.0,3.0
2.0,,,7.0,,,,,,,0.0,27.0,2.0,1.0,2.0,1.0,12.0,1.0,1.0,2.0,3.0,4.0,,,,,,,
2.0,1020.0,7390.0,4.0,2.0,60.0,87.9,50820.0,24.0,,52.0,36.0,2.0,1.0,1.0,1.0,17.0,3.0,5.0,0.0,3.0,4.0,5.0,5.0,4.67,4.33,5.0,5.0,4.0
2.0,5840.0,6990.0,4.0,2.0,38.0,39.2,19965.0,19.0,,48.0,26.0,2.0,2.0,1.0,1.0,15.0,1.0,5.0,0.0,3.0,,3.0,3.33,2.33,4.67,4.5,3.0,2.0
1.0,2600.0,8560.0,1.0,1.0,46.0,60.1,50820.0,24.0,40.0,48.0,51.0,2.0,2.0,1.0,2.0,18.0,4.0,4.0,1.0,3.0,4.0,5.6675,5.75,4.25,3.4175,2.665,4.75,3.5
1.0,,,1.0,2.0,,,,,40.0,48.0,34.0,2.0,3.0,1.0,2.0,18.0,4.0,5.0,0.0,3.0,4.0,,,,,,,
2.0,1300.0,7770.0,1.0,2.0,73.0,84.0,19965.0,19.0,46.0,52.0,31.0,1.0,1.0,1.0,1.0,17.0,3.0,1.0,0.0,3.0,4.0,5.335,5.835,5.17,3.5,3.665,5.335,4.5
1.0,2340.0,,1.0,1.0,38.0,59.1,,,30.0,,54.0,2.0,2.0,1.0,1.0,14.0,2.0,5.0,2.0,3.0,4.0,5.0,5.446666666666666,4.11,6.0,3.0,4.28,3.5
3.0,9620.0,6380.0,2.0,2.0,25.0,23.3,7713.75,13.0,23.0,52.0,63.0,1.0,1.0,1.0,1.0,16.0,3.0,5.0,0.0,3.0,,2.0,2.0,2.0,4.33,4.33,2.17,2.0
2.0,,,1.0,2.0,,,16335.0,18.0,40.0,50.0,36.0,2.0,2.0,1.0,1.0,12.0,1.0,5.0,2.0,3.0,4.0,,,,,,,
2.0,5600.0,2170.0,1.0,2.0,40.0,49.4,16335.0,18.0,40.0,52.0,33.0,1.0,1.0,1.0,1.0,13.0,1.0,1.0,3.0,3.0,,4.0,5.33,3.0,4.33,4.67,4.5,2.0
,7330.0,4170.0,5.0,2.0,38.0,42.8,,,,0.0,74.0,1.0,1.0,5.0,2.0,0.0,0.0,1.0,3.0,3.0,4.0,3.0,4.5,2.5,3.5,5.67,3.42,2.5
2.0,5240.0,590.0,1.0,2.0,31.0,37.6,11797.5,16.0,40.0,46.0,24.0,2.0,2.0,1.0,1.0,16.0,3.0,5.0,1.0,3.0,4.0,3.835,4.0,3.335,6.165,4.5,3.58,2.5
,5120.0,9380.0,5.0,2.0,45.0,38.3,,,,0.0,67.0,2.0,2.0,1.0,1.0,13.0,1.0,1.0,2.0,3.0,4.0,3.67,3.67,3.0,4.67,5.0,3.67,3.0
,410.0,7070.0,5.0,1.0,41.0,54.6,,,,0.0,79.0,1.0,1.0,1.0,1.0,18.0,3.0,1.0,0.0,3.0,4.0,5.0,5.67,4.33,4.33,3.67,4.83,4.0
,4760.0,5370.0,5.0,2.0,31.0,39.7,,,,0.0,77.0,2.0,1.0,1.0,1.0,13.0,1.0,1.0,4.0,3.0,,3.0,3.0,2.67,5.0,4.0,2.33,2.0
1.0,4020.0,8680.0,7.0,2.0,33.0,13.6,24502.5,20.0,,40.0,30.0,2.0,3.0,3.0,2.0,13.0,1.0,5.0,4.0,3.0,4.0,2.732,3.665999999999999,2.268,4.066,3.6,2.6,2.2
,1460.0,3570.0,5.0,2.0,70.0,83.8,,,,0.0,71.0,2.0,2.0,1.0,1.0,14.0,2.0,3.0,2.0,3.0,4.0,5.886666666666667,5.4433333333333325,5.336666666666666,3.3366666666666664,3.776666666666667,5.5566666666666675,4.0
,5860.0,9380.0,5.0,2.0,32.0,35.8,,,,0.0,75.0,1.0,1.0,1.0,1.0,17.0,3.0,3.0,0.0,3.0,,2.33,2.67,2.33,5.67,4.33,2.5,2.0
,430.0,6890.0,5.0,2.0,39.0,67.7,,,,0.0,65.0,2.0,2.0,1.0,1.0,14.0,1.0,3.0,1.0,3.0,,5.5,5.29125,4.875,4.8325,4.375,5.04125,4.0
1.0,8800.0,2170.0,4.0,2.0,24.0,17.1,4083.75,9.0,,24.0,20.0,2.0,2.0,1.0,1.0,9.0,0.0,5.0,1.0,3.0,4.0,2.0,3.33,1.67,3.67,5.33,2.0,2.0
2.0,5240.0,6680.0,1.0,2.0,31.0,37.6,16335.0,18.0,70.0,49.0,35.0,1.0,2.0,1.0,1.0,13.0,1.0,5.0,2.0,3.0,,3.835,4.0,3.335,6.165,4.5,3.58,2.5
1.0,430.0,6990.0,1.0,2.0,39.0,67.7,24502.5,20.0,40.0,51.0,49.0,2.0,2.0,1.0,1.0,18.0,2.0,5.0,0.0,3.0,4.0,5.5,5.29125,4.875,4.8325,4.375,5.04125,4.0
,3255.0,8190.0,5.0,2.0,64.0,84.2,,,,0.0,69.0,2.0,1.0,1.0,1.0,15.0,2.0,2.0,2.0,3.0,4.0,5.3340000000000005,4.934,4.8,6.066,5.734,5.1,4.4
1.0,1430.0,7380.0,1.0,2.0,63.0,81.6,24502.5,20.0,40.0,52.0,35.0,1.0,1.0,1.0,2.0,16.0,3.0,1.0,0.0,3.0,4.0,5.5825,5.5024999999999995,5.1675,3.9175,4.4975000000000005,5.54,4.25
1.0,1650.0,9480.0,1.0,,63.0,88.0,58080.0,25.0,40.0,52.0,69.0,1.0,1.0,1.0,2.0,17.0,4.0,1.0,1.0,3.0,,5.67,5.5,5.5,4.665,3.83,5.0,5.0
2.0,136.0,6690.0,1.0,2.0,53.0,68.6,,,38.0,22.0,36.0,2.0,3.0,1.0,1.0,20.0,3.0,1.0,4.0,3.0,,5.33,5.0,5.67,6.0,4.33,5.33,4.0
,4710.0,7380.0,5.0,2.0,48.0,57.5,,,,0.0,71.0,1.0,1.0,1.0,1.0,12.0,1.0,3.0,2.0,3.0,4.0,4.33,5.33,4.0,5.0,5.0,5.17,4.0
1.0,2310.0,7860.0,1.0,2.0,61.0,80.9,24502.5,20.0,50.0,36.0,42.0,2.0,1.0,1.0,1.0,18.0,4.0,5.0,0.0,3.0,,5.333333333333333,5.33,4.22,6.22,4.22,4.78,4.0
2.0,6515.0,770.0,1.0,2.0,36.0,20.5,,,40.0,34.0,37.0,1.0,1.0,2.0,1.0,12.0,1.0,1.0,1.0,3.0,4.0,2.67,3.67,3.0,3.33,4.33,3.33,2.0
2.0,,,7.0,,,,,,,0.0,53.0,2.0,1.0,2.0,2.0,15.0,0.0,1.0,2.0,3.0,,,,,,,,
1.0,2320.0,7860.0,1.0,2.0,64.0,82.5,24502.5,20.0,40.0,52.0,47.0,1.0,1.0,1.0,1.0,19.0,4.0,1.0,2.0,3.0,4.0,5.5,5.165,4.165,6.5,4.5,5.08,4.0
4.0,6420.0,770.0,1.0,1.0,35.0,24.0,9982.5,15.0,55.0,32.0,29.0,1.0,1.0,1.0,1.0,14.0,1.0,1.0,2.0,3.0,1.0,3.0,3.67,2.33,3.33,4.0,3.33,2.0
4.0,4700.0,5270.0,1.0,2.0,38.0,43.0,4991.25,10.0,42.0,30.0,25.0,1.0,1.0,1.0,1.0,13.0,1.0,5.0,0.0,3.0,4.0,3.67,4.67,3.67,4.33,4.0,4.0,2.0
2.0,4920.0,7070.0,7.0,1.0,49.0,56.9,6806.25,12.0,,26.0,38.0,2.0,1.0,1.0,1.0,15.0,2.0,1.0,2.0,3.0,,5.0,5.165,4.33,5.0,3.5,4.5,3.5
4.0,50.0,6670.0,7.0,2.0,53.0,73.9,,,,0.0,46.0,2.0,2.0,1.0,1.0,17.0,3.0,1.0,3.0,3.0,4.0,5.665,5.67,5.0,4.835,5.165,5.835,4.0
2.0,4220.0,7690.0,2.0,2.0,24.0,20.7,1270.5,3.0,13.0,6.0,26.0,1.0,1.0,3.0,1.0,15.0,1.0,5.0,0.0,3.0,4.0,1.67,2.0,1.33,4.33,3.0,2.0,3.0
2.0,3420.0,8680.0,7.0,2.0,55.0,37.2,,,,50.0,33.0,2.0,1.0,1.0,1.0,20.0,3.0,3.0,1.0,3.0,4.0,3.556666666666666,3.4450000000000003,3.2216666666666662,5.4433333333333325,5.166666666666667,3.526666666666667,3.0
1.0,4710.0,6680.0,1.0,2.0,48.0,57.5,43560.0,23.0,45.0,47.0,64.0,1.0,1.0,1.0,1.0,16.0,3.0,1.0,2.0,3.0,4.0,4.33,5.33,4.0,5.0,5.0,5.17,4.0
2.0,4760.0,5390.0,2.0,2.0,31.0,39.7,2359.5,6.0,15.0,16.0,20.0,2.0,2.0,2.0,1.0,14.0,1.0,5.0,0.0,3.0,,3.0,3.0,2.67,5.0,4.0,2.33,2.0
1.0,430.0,9480.0,1.0,2.0,39.0,67.7,97883.49087,26.0,40.0,52.0,65.0,2.0,1.0,1.0,1.0,18.0,4.0,1.0,3.0,3.0,,5.5,5.29125,4.875,4.8325,4.375,5.04125,4.0
1.0,3060.0,8190.0,1.0,2.0,80.0,92.8,97883.49087,26.0,40.0,52.0,45.0,1.0,3.0,1.0,1.0,18.0,4.0,1.0,0.0,3.0,4.0,6.155882352941177,5.96,6.077058823529412,5.587647058823529,5.0194117647058825,5.676470588235294,5.0
2.0,3300.0,8180.0,1.0,2.0,61.0,60.5,11797.5,16.0,40.0,46.0,29.0,1.0,2.0,1.0,1.0,14.0,1.0,5.0,0.0,3.0,,4.6675,4.6675,4.0024999999999995,3.665,4.75,4.04,3.8333333333333335
1.0,9030.0,6070.0,1.0,2.0,65.0,79.4,58080.0,25.0,32.0,36.0,39.0,1.0,1.0,2.0,1.0,14.0,1.0,1.0,0.0,3.0,,5.67,6.33,5.835,4.835,6.5,5.25,3.5
,1610.0,9570.0,5.0,2.0,73.0,85.8,,,,0.0,70.0,2.0,1.0,1.0,1.0,20.0,4.0,2.0,1.0,3.0,,5.43,5.048571428571429,5.475714285714285,3.618571428571428,3.62,5.0,4.714285714285714
,1010.0,6680.0,5.0,2.0,63.0,81.0,,,,0.0,79.0,1.0,1.0,1.0,1.0,16.0,3.0,3.0,2.0,3.0,4.0,5.67,5.0,4.33,2.33,5.0,5.5,4.0
1.0,3640.0,7980.0,1.0,2.0,48.0,28.6,16335.0,18.0,44.0,48.0,32.0,2.0,2.0,1.0,1.0,17.0,4.0,5.0,1.0,3.0,4.0,3.33,3.67,3.0,6.0,5.67,4.17,3.0
1.0,1360.0,7290.0,1.0,2.0,65.0,85.2,97883.49087,26.0,48.0,52.0,77.0,2.0,1.0,1.0,1.0,18.0,4.0,1.0,0.0,3.0,,5.33,5.5,5.33,4.0,5.0,5.25,4.0
,3060.0,7460.0,5.0,2.0,80.0,92.8,,,,52.0,69.0,1.0,1.0,1.0,1.0,20.0,4.0,1.0,2.0,3.0,,6.155882352941177,5.96,6.077058823529412,5.587647058823529,5.0194117647058825,5.676470588235294,5.0
,530.0,7470.0,5.0,2.0,42.0,59.9,2359.5,6.0,,26.0,66.0,1.0,1.0,1.0,1.0,16.0,3.0,1.0,2.0,3.0,,4.0,4.67,4.0,4.67,4.67,5.0,4.0
1.0,420.0,9160.0,1.0,1.0,52.0,67.8,,,40.0,38.0,62.0,1.0,2.0,1.0,1.0,12.0,1.0,5.0,2.0,3.0,4.0,5.33,5.67,5.0,6.33,4.33,5.5,4.0
2.0,5240.0,7860.0,4.0,2.0,31.0,37.6,,,,30.0,26.0,1.0,2.0,1.0,1.0,16.0,1.0,5.0,0.0,3.0,4.0,3.835,4.0,3.335,6.165,4.5,3.58,2.5
1.0,5620.0,5390.0,1.0,2.0,25.0,23.8,16335.0,18.0,40.0,52.0,40.0,2.0,2.0,1.0,1.0,13.0,1.0,5.0,5.0,3.0,,2.0,2.83,1.83,4.5,4.25,2.29,2.0
,8030.0,3580.0,5.0,2.0,40.0,38.3,,,,0.0,81.0,1.0,2.0,1.0,1.0,12.0,1.0,2.0,4.0,3.0,4.0,2.67,3.33,2.67,2.0,5.33,3.33,3.0
4.0,,9370.0,1.0,2.0,,,,,80.0,52.0,,2.0,3.0,1.0,1.0,14.0,1.0,3.0,1.0,3.0,,,,,,,,
3.0,5510.0,6380.0,7.0,2.0,29.0,39.9,5898.75,11.0,,40.0,36.0,2.0,1.0,1.0,1.0,20.0,3.0,5.0,1.0,3.0,4.0,2.0,2.67,2.0,4.0,4.0,2.67,2.0
2.0,5860.0,7980.0,1.0,2.0,32.0,35.8,,,40.0,50.0,62.0,2.0,2.0,1.0,1.0,14.0,2.0,5.0,1.0,3.0,,2.33,2.67,2.33,5.67,4.33,2.5,2.0
3.0,4720.0,5380.0,2.0,2.0,28.0,21.6,2722.5,7.0,18.0,28.0,20.0,2.0,2.0,1.0,1.0,14.0,2.0,5.0,0.0,3.0,,2.5,2.835,2.0,4.5,4.0,2.335,2.0
,,,6.0,,,,,,,15.0,20.0,1.0,1.0,1.0,1.0,15.0,1.0,5.0,0.0,3.0,,,,,,,,
,2100.0,7270.0,6.0,2.0,69.0,91.1,5898.75,11.0,,40.0,23.0,2.0,1.0,1.0,1.0,19.0,4.0,5.0,0.0,3.0,4.0,6.0,6.0,6.33,4.0,4.33,6.0,5.0
,4720.0,8680.0,6.0,2.0,28.0,21.6,2359.5,6.0,,40.0,19.0,2.0,1.0,1.0,1.0,14.0,1.0,5.0,0.0,3.0,,2.5,2.835,2.0,4.5,4.0,2.335,2.0
1.0,2200.0,7870.0,2.0,2.0,74.0,84.5,9982.5,15.0,20.0,36.0,28.0,1.0,3.0,1.0,2.0,18.0,4.0,5.0,0.0,3.0,4.0,5.658888888888889,5.612222222222222,5.184722222222223,5.074166666666667,3.1766666666666667,5.342777777777778,4.944444444444445
2.0,2340.0,9170.0,2.0,2.0,38.0,59.1,2359.5,6.0,15.0,52.0,69.0,2.0,2.0,1.0,1.0,16.0,3.0,5.0,0.0,3.0,4.0,5.0,5.446666666666666,4.11,6.0,3.0,4.28,3.5
2.0,2310.0,7860.0,4.0,2.0,61.0,80.9,,,,52.0,25.0,2.0,2.0,1.0,1.0,16.0,3.0,5.0,0.0,3.0,4.0,5.333333333333333,5.33,4.22,6.22,4.22,4.78,4.0
1.0,50.0,7490.0,1.0,2.0,53.0,73.9,29947.5,21.0,40.0,42.0,36.0,1.0,1.0,1.0,1.0,16.0,3.0,1.0,,3.0,4.0,5.665,5.67,5.0,4.835,5.165,5.835,4.0
,3640.0,7980.0,5.0,2.0,48.0,28.6,,,,0.0,76.0,2.0,1.0,1.0,1.0,14.0,1.0,1.0,2.0,3.0,,3.33,3.67,3.0,6.0,5.67,4.17,3.0
1.0,50.0,7390.0,1.0,1.0,53.0,73.9,97883.49087,26.0,55.0,50.0,71.0,1.0,1.0,1.0,1.0,18.0,3.0,1.0,2.0,3.0,,5.665,5.67,5.0,4.835,5.165,5.835,4.0
,5120.0,6990.0,5.0,2.0,45.0,38.3,,,,0.0,71.0,1.0,1.0,5.0,1.0,12.0,1.0,1.0,2.0,3.0,4.0,3.67,3.67,3.0,4.67,5.0,3.67,3.0
,20.0,4790.0,5.0,1.0,50.0,68.6,,,,0.0,66.0,2.0,1.0,4.0,2.0,12.0,1.0,1.0,4.0,3.0,4.0,5.33,6.0,5.67,6.33,4.67,6.0,4.0
,4110.0,8680.0,6.0,2.0,31.0,19.6,4991.25,10.0,,24.0,19.0,1.0,1.0,4.0,1.0,14.0,1.0,5.0,0.0,3.0,,2.33,2.33,2.0,6.0,3.33,2.0,2.0
1.0,2040.0,9160.0,2.0,2.0,66.0,62.6,36300.0,22.0,20.0,52.0,37.0,2.0,1.0,1.0,1.0,16.0,3.0,1.0,4.0,3.0,,6.67,6.33,5.33,6.33,3.33,5.0,5.0
2.0,710.0,7390.0,1.0,1.0,51.0,78.3,,,40.0,0.0,50.0,2.0,1.0,4.0,1.0,20.0,4.0,1.0,0.0,3.0,4.0,5.33,5.33,5.0,6.0,3.67,5.17,4.0
2.0,2100.0,6970.0,1.0,2.0,69.0,91.1,,,40.0,50.0,36.0,1.0,2.0,1.0,1.0,16.0,4.0,1.0,0.0,3.0,4.0,6.0,6.0,6.33,4.0,4.33,6.0,5.0
2.0,7630.0,8680.0,1.0,2.0,31.0,35.4,,,40.0,52.0,65.0,1.0,1.0,4.0,2.0,12.0,,1.0,2.0,3.0,4.0,4.0,3.0,2.67,3.33,4.0,3.83,2.0
2.0,430.0,1270.0,1.0,1.0,39.0,67.7,19965.0,19.0,50.0,52.0,63.0,1.0,2.0,1.0,1.0,16.0,3.0,1.0,2.0,3.0,2.0,5.5,5.29125,4.875,4.8325,4.375,5.04125,4.0
1.0,410.0,7070.0,1.0,2.0,41.0,54.6,43560.0,23.0,40.0,52.0,61.0,1.0,1.0,1.0,1.0,18.0,4.0,5.0,0.0,3.0,4.0,5.0,5.67,4.33,4.33,3.67,4.83,4.0
4.0,4720.0,7670.0,4.0,2.0,28.0,21.6,,,,0.0,55.0,2.0,2.0,1.0,1.0,12.0,1.0,5.0,6.0,3.0,4.0,2.5,2.835,2.0,4.5,4.0,2.335,2.0
1.0,2750.0,8560.0,2.0,1.0,51.0,52.3,7713.75,13.0,42.0,52.0,24.0,2.0,1.0,1.0,1.0,11.0,0.0,5.0,0.0,3.0,4.0,5.83,4.415,4.75,5.25,2.585,4.17,4.0
2.0,4700.0,4990.0,3.0,2.0,38.0,43.0,50820.0,24.0,,52.0,54.0,2.0,3.0,1.0,2.0,16.0,3.0,1.0,0.0,3.0,4.0,3.67,4.67,3.67,4.33,4.0,4.0,2.0
2.0,3255.0,8190.0,1.0,2.0,64.0,84.2,50820.0,24.0,40.0,52.0,41.0,1.0,1.0,1.0,1.0,20.0,4.0,5.0,0.0,3.0,1.0,5.3340000000000005,4.934,4.8,6.066,5.734,5.1,4.4
2.0,530.0,8880.0,1.0,2.0,42.0,59.9,16335.0,18.0,40.0,40.0,25.0,2.0,3.0,5.0,2.0,14.0,2.0,5.0,0.0,3.0,4.0,4.0,4.67,4.0,4.67,4.67,5.0,4.0
,2850.0,6470.0,5.0,2.0,67.0,73.6,,,,0.0,82.0,1.0,1.0,1.0,1.0,16.0,3.0,1.0,3.0,3.0,4.0,5.5,4.67,4.335,3.335,3.165,4.5,4.0
1.0,50.0,7380.0,1.0,2.0,53.0,73.9,36300.0,22.0,40.0,52.0,37.0,2.0,1.0,1.0,2.0,18.0,4.0,1.0,0.0,3.0,4.0,5.665,5.67,5.0,4.835,5.165,5.835,4.0
,4840.0,6680.0,5.0,2.0,43.0,61.2,,,,0.0,65.0,1.0,1.0,1.0,1.0,12.0,1.0,5.0,0.0,3.0,1.0,5.17,5.08,4.42,4.75,4.42,5.17,3.0
1.0,2145.0,7270.0,1.0,2.0,52.0,60.3,19965.0,19.0,40.0,52.0,56.0,1.0,1.0,1.0,1.0,14.0,2.0,5.0,0.0,3.0,4.0,4.0,3.0,3.67,5.0,4.33,4.33,3.0
1.0,2800.0,8690.0,2.0,2.0,40.0,53.7,1633.5,4.0,5.0,12.0,72.0,1.0,1.0,1.0,1.0,13.0,1.0,1.0,0.0,3.0,2.0,5.33,5.0,5.0,4.33,4.67,3.83,4.0
,1220.0,9370.0,5.0,2.0,53.0,80.2,,,,0.0,74.0,1.0,1.0,1.0,1.0,20.0,4.0,1.0,0.0,3.0,1.0,6.0,5.67,5.0,2.0,3.33,5.17,5.0
2.0,800.0,7280.0,1.0,1.0,60.0,76.3,,,50.0,47.0,55.0,2.0,1.0,4.0,1.0,18.0,4.0,1.0,2.0,3.0,4.0,5.0,5.0,4.67,4.67,4.67,4.5,4.0
1.0,2200.0,7870.0,3.0,2.0,74.0,84.5,36300.0,22.0,,45.0,55.0,1.0,1.0,4.0,2.0,18.0,3.0,1.0,2.0,3.0,,5.658888888888889,5.612222222222222,5.184722222222223,5.074166666666667,3.1766666666666667,5.342777777777778,4.944444444444445
1.0,5840.0,6990.0,2.0,1.0,38.0,39.2,,,35.0,52.0,53.0,2.0,1.0,4.0,1.0,13.0,1.0,1.0,1.0,3.0,4.0,3.0,3.33,2.33,4.67,4.5,3.0,2.0
,5810.0,5790.0,5.0,2.0,37.0,32.6,11797.5,16.0,,0.0,68.0,2.0,3.0,5.0,2.0,16.0,2.0,3.0,2.0,3.0,4.0,2.0,2.0,1.67,3.67,4.33,2.83,2.0
1.0,4700.0,4890.0,1.0,1.0,38.0,43.0,58080.0,25.0,40.0,52.0,48.0,2.0,1.0,4.0,2.0,13.0,0.0,1.0,2.0,3.0,4.0,3.67,4.67,3.67,4.33,4.0,4.0,2.0
,5240.0,6170.0,5.0,2.0,31.0,37.6,13612.5,17.0,,50.0,66.0,2.0,1.0,4.0,2.0,14.0,1.0,1.0,2.0,3.0,4.0,3.835,4.0,3.335,6.165,4.5,3.58,2.5
1.0,2000.0,8370.0,1.0,2.0,51.0,63.7,,,60.0,,37.0,2.0,1.0,4.0,2.0,13.0,1.0,1.0,0.0,3.0,4.0,5.465999999999999,5.0,4.668,6.6,3.601999999999999,4.566,4.8
2.0,5240.0,8680.0,2.0,2.0,31.0,37.6,3267.0,8.0,36.0,36.0,18.0,2.0,1.0,2.0,1.0,12.0,1.0,5.0,0.0,3.0,4.0,3.835,4.0,3.335,6.165,4.5,3.58,2.5
1.0,2000.0,8090.0,1.0,1.0,51.0,63.7,36300.0,22.0,45.0,51.0,53.0,1.0,1.0,1.0,1.0,18.0,3.0,3.0,1.0,3.0,4.0,5.465999999999999,5.0,4.668,6.6,3.601999999999999,4.566,4.8
,,,6.0,,,,,,,,20.0,2.0,1.0,5.0,1.0,12.0,1.0,5.0,0.0,3.0,1.0,,,,,,,
1.0,2300.0,8470.0,4.0,2.0,53.0,41.1,,,,34.0,36.0,2.0,1.0,4.0,2.0,17.0,3.0,3.0,1.0,3.0,,5.0,4.665,3.665,6.5,3.67,4.335,3.5
,5520.0,9370.0,4.0,2.0,32.0,38.2,,,,,61.0,1.0,2.0,4.0,2.0,12.0,0.0,1.0,5.0,3.0,,3.665,4.335,3.335,4.665,5.335,4.0,2.0
,430.0,6290.0,8.0,1.0,39.0,67.7,4991.25,10.0,,30.0,69.0,1.0,2.0,1.0,2.0,12.0,1.0,1.0,3.0,3.0,,5.5,5.29125,4.875,4.8325,4.375,5.04125,4.0
,4700.0,5490.0,5.0,1.0,38.0,43.0,,,,0.0,89.0,2.0,1.0,1.0,1.0,16.0,3.0,2.0,3.0,3.0,,3.67,4.67,3.67,4.33,4.0,4.0,2.0
,4500.0,8970.0,5.0,1.0,36.0,21.5,,,,0.0,89.0,1.0,1.0,1.0,1.0,10.0,0.0,2.0,4.0,3.0,1.0,4.67,3.33,3.0,5.0,2.33,3.5,3.0
,4760.0,4170.0,5.0,2.0,31.0,39.7,,,,0.0,82.0,2.0,1.0,1.0,1.0,12.0,1.0,2.0,4.0,3.0,4.0,3.0,3.0,2.67,5.0,4.0,2.33,2.0
,2320.0,7860.0,5.0,2.0,64.0,82.5,,,,0.0,80.0,2.0,1.0,1.0,1.0,16.0,3.0,1.0,2.0,3.0,4.0,5.5,5.165,4.165,6.5,4.5,5.08,4.0
,430.0,3570.0,5.0,2.0,39.0,67.7,,,,0.0,70.0,2.0,1.0,1.0,1.0,18.0,4.0,3.0,2.0,3.0,4.0,5.5,5.29125,4.875,4.8325,4.375,5.04125,4.0
1.0,3245.0,8090.0,2.0,2.0,62.0,71.4,16335.0,18.0,12.0,50.0,40.0,2.0,1.0,1.0,1.0,16.0,4.0,5.0,1.0,3.0,4.0,,,,,,,
1.0,6430.0,770.0,1.0,2.0,30.0,36.8,11797.5,16.0,40.0,,35.0,1.0,1.0,5.0,2.0,12.0,1.0,5.0,0.0,3.0,,2.33,2.33,1.67,3.0,3.0,2.67,2.0
2.0,4010.0,8680.0,1.0,2.0,38.0,27.0,13612.5,17.0,45.0,50.0,39.0,1.0,1.0,4.0,2.0,12.0,1.0,5.0,0.0,3.0,,3.67,4.67,3.67,5.67,4.67,3.17,2.0
3.0,9350.0,8680.0,2.0,2.0,16.0,22.1,,,6.0,48.0,64.0,1.0,3.0,5.0,2.0,13.0,1.0,3.0,4.0,3.0,4.0,1.67,2.67,1.33,4.67,2.33,1.67,2.0
4.0,9620.0,8660.0,2.0,2.0,25.0,23.3,5898.75,11.0,28.0,52.0,75.0,2.0,1.0,1.0,1.0,20.0,3.0,5.0,0.0,3.0,4.0,2.0,2.0,2.0,4.33,4.33,2.17,2.0
,3255.0,8190.0,5.0,2.0,64.0,84.2,,,,0.0,69.0,2.0,1.0,1.0,1.0,17.0,3.0,4.0,0.0,3.0,,5.3340000000000005,4.934,4.8,6.066,5.734,5.1,4.4
1.0,1020.0,7380.0,1.0,2.0,60.0,87.9,50820.0,24.0,40.0,48.0,31.0,1.0,3.0,1.0,2.0,16.0,4.0,1.0,0.0,3.0,,5.0,5.0,4.67,4.33,5.0,5.0,4.0
1.0,20.0,8270.0,1.0,2.0,50.0,68.6,19965.0,19.0,50.0,51.0,36.0,2.0,2.0,1.0,1.0,16.0,3.0,5.0,0.0,3.0,4.0,5.33,6.0,5.67,6.33,4.67,6.0,4.0
2.0,9610.0,8880.0,1.0,2.0,22.0,17.5,13612.5,17.0,40.0,50.0,36.0,1.0,1.0,4.0,2.0,12.0,1.0,4.0,0.0,3.0,4.0,1.33,2.33,1.0,3.67,3.67,1.83,2.0
1.0,2320.0,7860.0,1.0,2.0,64.0,82.5,24502.5,20.0,40.0,,33.0,2.0,1.0,1.0,1.0,20.0,4.0,1.0,0.0,3.0,,5.5,5.165,4.165,6.5,4.5,5.08,4.0
1.0,2000.0,8370.0,1.0,1.0,51.0,63.7,16335.0,18.0,35.0,52.0,43.0,2.0,1.0,1.0,1.0,18.0,4.0,5.0,0.0,3.0,,5.465999999999999,5.0,4.668,6.6,3.601999999999999,4.566,4.8
4.0,4110.0,8680.0,2.0,2.0,31.0,19.6,7713.75,13.0,20.0,18.0,22.0,2.0,1.0,1.0,1.0,16.0,3.0,5.0,0.0,3.0,,2.33,2.33,2.0,6.0,3.33,2.0,2.0
,4760.0,5790.0,5.0,1.0,31.0,39.7,,,,52.0,,,1.0,1.0,2.0,12.0,1.0,1.0,2.0,3.0,4.0,3.0,3.0,2.67,5.0,4.0,2.33,2.0
,4920.0,7070.0,5.0,2.0,49.0,56.9,,,,0.0,78.0,1.0,1.0,1.0,1.0,14.0,1.0,2.0,0.0,3.0,4.0,5.0,5.165,4.33,5.0,3.5,4.5,3.5
2.0,1007.0,7380.0,1.0,2.0,63.0,77.2,58080.0,25.0,43.0,52.0,46.0,1.0,1.0,1.0,1.0,18.0,4.0,5.0,0.0,3.0,,4.67,5.33,4.33,4.33,5.33,5.67,4.0
1.0,4820.0,6970.0,1.0,1.0,58.0,71.0,97883.49087,26.0,40.0,52.0,80.0,1.0,1.0,1.0,1.0,16.0,3.0,3.0,2.0,3.0,4.0,5.17,5.08,4.42,4.75,4.42,5.17,4.0
1.0,2200.0,7870.0,2.0,2.0,74.0,84.5,5898.75,11.0,6.0,36.0,65.0,2.0,1.0,1.0,1.0,18.0,4.0,1.0,0.0,3.0,1.0,5.658888888888889,5.612222222222222,5.184722222222223,5.074166666666667,3.1766666666666667,5.342777777777778,4.944444444444445
2.0,3600.0,8270.0,7.0,2.0,48.0,24.2,,,,0.0,65.0,2.0,1.0,1.0,1.0,14.0,2.0,1.0,4.0,2.0,,2.915,3.0,2.3325,5.0825,4.6675,3.125,2.25
,3255.0,8190.0,5.0,2.0,64.0,84.2,,,,0.0,67.0,2.0,1.0,1.0,1.0,16.0,3.0,1.0,3.0,2.0,4.0,5.3340000000000005,4.934,4.8,6.066,5.734,5.1,4.4
1.0,6230.0,770.0,2.0,2.0,44.0,28.7,19965.0,19.0,30.0,32.0,46.0,1.0,1.0,2.0,1.0,14.0,2.0,5.0,0.0,2.0,4.0,3.67,4.33,2.83,3.0,4.83,3.83,2.0
1.0,700.0,2670.0,1.0,1.0,51.0,61.9,58080.0,25.0,40.0,52.0,33.0,1.0,1.0,1.0,1.0,15.0,4.0,5.0,0.0,2.0,,5.333333333333333,5.446666666666666,5.113333333333333,4.223333333333334,4.223333333333334,4.943333333333333,4.0
1.0,140.0,3960.0,1.0,2.0,50.0,68.0,97883.49087,26.0,53.0,48.0,46.0,1.0,1.0,1.0,1.0,16.0,3.0,1.0,2.0,2.0,4.0,5.5566666666666675,5.5,5.446666666666666,4.555,4.443333333333333,5.695,3.6666666666666665
2.0,2100.0,7270.0,1.0,2.0,69.0,91.1,36300.0,22.0,45.0,48.0,51.0,2.0,1.0,1.0,1.0,16.0,4.0,1.0,3.0,2.0,4.0,6.0,6.0,6.33,4.0,4.33,6.0,5.0
1.0,3930.0,6390.0,1.0,2.0,34.0,34.7,,,50.0,28.0,49.0,2.0,2.0,1.0,1.0,13.0,1.0,1.0,4.0,2.0,4.0,3.665,4.835,3.165,3.835,5.165,3.335,2.0
,4510.0,8980.0,8.0,2.0,36.0,24.6,,,,0.0,59.0,2.0,1.0,1.0,1.0,12.0,1.0,4.0,2.0,2.0,4.0,4.0,5.0,2.67,6.33,2.0,3.17,3.0
3.0,4230.0,8270.0,4.0,2.0,25.0,12.6,2359.5,6.0,,24.0,48.0,2.0,3.0,5.0,1.0,9.0,0.0,1.0,4.0,2.0,,1.67,2.0,1.0,5.33,2.67,1.67,2.0
2.0,8220.0,3570.0,1.0,2.0,44.0,25.1,13612.5,17.0,40.0,52.0,57.0,2.0,1.0,1.0,2.0,12.0,0.0,1.0,5.0,2.0,,,,,,,,
,8830.0,9090.0,5.0,2.0,35.0,34.5,,,,0.0,74.0,1.0,1.0,1.0,1.0,14.0,1.0,5.0,0.0,2.0,4.0,3.0,3.67,2.33,3.33,3.67,3.0,2.0
2.0,7020.0,6290.0,1.0,2.0,38.0,52.1,29947.5,21.0,40.0,52.0,43.0,1.0,2.0,1.0,1.0,14.0,2.0,1.0,2.0,2.0,1.0,4.165,4.0,2.67,3.665,5.0,4.33,3.0
1.0,220.0,770.0,1.0,2.0,53.0,59.1,8621.25,14.0,75.0,52.0,50.0,1.0,3.0,3.0,1.0,13.0,1.0,1.0,6.0,2.0,4.0,5.33,5.67,4.67,5.0,5.33,5.83,4.0
3.0,4200.0,7690.0,1.0,1.0,37.0,33.2,,,30.0,46.0,52.0,1.0,,2.0,1.0,14.0,2.0,1.0,5.0,2.0,4.0,3.67,5.67,3.33,3.67,5.0,3.83,2.0
1.0,,,1.0,2.0,,,,,40.0,50.0,28.0,1.0,1.0,2.0,1.0,16.0,1.0,5.0,1.0,2.0,4.0,,,,,,,
,,,6.0,2.0,,,,,,0.0,26.0,1.0,1.0,1.0,1.0,16.0,3.0,5.0,0.0,2.0,,,,,,,,
2.0,4000.0,8680.0,2.0,1.0,50.0,32.6,,,20.0,33.0,34.0,1.0,2.0,1.0,1.0,14.0,2.0,1.0,0.0,2.0,,5.0,6.0,5.33,4.67,3.67,4.5,3.0
,2310.0,7860.0,8.0,1.0,61.0,80.9,,,,26.0,48.0,2.0,2.0,1.0,1.0,17.0,3.0,5.0,5.0,2.0,4.0,5.333333333333333,5.33,4.22,6.22,4.22,4.78,4.0
3.0,4250.0,7070.0,2.0,1.0,37.0,18.6,4083.75,9.0,22.0,52.0,64.0,1.0,3.0,1.0,1.0,14.0,1.0,3.0,1.0,2.0,,2.4466666666666668,3.3333333333333335,2.223333333333333,3.6633333333333336,4.333333333333333,3.11,2.0
3.0,410.0,770.0,1.0,2.0,41.0,54.6,19965.0,19.0,45.0,49.0,35.0,1.0,1.0,1.0,1.0,14.0,1.0,5.0,0.0,2.0,4.0,5.0,5.67,4.33,4.33,3.67,4.83,4.0
,4020.0,8680.0,6.0,2.0,33.0,13.6,1270.5,3.0,,50.0,22.0,2.0,1.0,1.0,1.0,16.0,1.0,5.0,0.0,2.0,,2.732,3.665999999999999,2.268,4.066,3.6,2.6,2.2
,3646.0,7590.0,6.0,2.0,49.0,37.9,,,,0.0,31.0,2.0,1.0,1.0,1.0,16.0,4.0,5.0,0.0,2.0,4.0,3.0,2.67,2.67,4.0,4.67,2.67,3.0
1.0,6355.0,770.0,1.0,2.0,49.0,45.4,16335.0,18.0,40.0,52.0,56.0,1.0,1.0,1.0,1.0,11.0,0.0,3.0,1.0,2.0,1.0,4.33,5.33,3.33,3.67,5.0,4.17,3.0
3.0,3930.0,7680.0,2.0,2.0,34.0,34.7,1270.5,3.0,12.0,15.0,22.0,1.0,1.0,1.0,1.0,16.0,3.0,5.0,0.0,2.0,4.0,3.665,4.835,3.165,3.835,5.165,3.335,2.0
2.0,5520.0,7390.0,1.0,2.0,32.0,38.2,50820.0,24.0,60.0,52.0,65.0,1.0,1.0,1.0,1.0,12.0,1.0,1.0,2.0,2.0,4.0,3.665,4.335,3.335,4.665,5.335,4.0,2.0
2.0,4710.0,6170.0,1.0,2.0,48.0,57.5,19965.0,19.0,40.0,52.0,37.0,1.0,1.0,1.0,1.0,14.0,1.0,1.0,2.0,2.0,4.0,4.33,5.33,4.0,5.0,5.0,5.17,4.0
,120.0,6870.0,5.0,2.0,53.0,69.3,,,,0.0,81.0,2.0,1.0,1.0,1.0,14.0,1.0,3.0,3.0,2.0,,5.5,5.835,5.335,4.5,5.165,5.915,4.0
1.0,2330.0,7580.0,1.0,2.0,61.0,71.7,8621.25,14.0,30.0,48.0,38.0,2.0,1.0,1.0,1.0,13.0,1.0,5.0,2.0,2.0,2.0,5.585,4.9175,4.0825,6.8325,4.1675,4.54,4.333333333333333
1.0,4610.0,8290.0,1.0,2.0,48.0,20.1,36300.0,22.0,40.0,52.0,66.0,1.0,3.0,1.0,1.0,20.0,4.0,5.0,0.0,2.0,4.0,4.0,3.33,2.67,5.67,4.0,3.0,2.0
3.0,950.0,9090.0,1.0,1.0,39.0,64.4,97883.49087,26.0,50.0,52.0,41.0,2.0,1.0,1.0,1.0,20.0,3.0,1.0,1.0,2.0,,5.0,5.33,4.665,4.33,4.5,5.0,4.25
1.0,,,7.0,,,,,,,,49.0,2.0,1.0,5.0,2.0,17.0,3.0,1.0,0.0,2.0,,,,,,,,
,2310.0,7860.0,5.0,2.0,61.0,80.9,,,,0.0,76.0,2.0,1.0,1.0,1.0,18.0,4.0,3.0,1.0,2.0,4.0,5.333333333333333,5.33,4.22,6.22,4.22,4.78,4.0
1.0,630.0,3570.0,1.0,2.0,47.0,65.3,,,40.0,50.0,28.0,2.0,1.0,1.0,1.0,17.0,3.0,1.0,0.0,2.0,,4.556666666666667,4.333333333333333,4.0,5.446666666666666,4.333333333333333,4.163333333333333,3.3333333333333335
1.0,3420.0,7480.0,1.0,2.0,55.0,37.2,19965.0,19.0,40.0,52.0,37.0,2.0,1.0,1.0,1.0,18.0,3.0,1.0,1.0,2.0,4.0,3.556666666666666,3.4450000000000003,3.2216666666666662,5.4433333333333325,5.166666666666667,3.526666666666667,3.0
2.0,8965.0,7070.0,1.0,2.0,35.0,26.8,24502.5,20.0,40.0,52.0,46.0,2.0,1.0,1.0,1.0,12.0,1.0,3.0,3.0,2.0,,3.0,3.443333333333334,2.776666666666667,3.556666666666666,4.556666666666667,3.276666666666667,2.0
,800.0,8670.0,5.0,2.0,60.0,76.3,,,,1.0,85.0,2.0,1.0,1.0,1.0,14.0,2.0,2.0,2.0,2.0,4.0,5.0,5.0,4.67,4.67,4.67,4.5,4.0
1.0,2200.0,7880.0,1.0,2.0,74.0,84.5,58080.0,25.0,47.0,45.0,25.0,1.0,1.0,1.0,1.0,16.0,3.0,5.0,0.0,2.0,4.0,5.658888888888889,5.612222222222222,5.184722222222223,5.074166666666667,3.1766666666666667,5.342777777777778,4.944444444444445
,3255.0,8190.0,5.0,2.0,64.0,84.2,,,,0.0,67.0,2.0,1.0,1.0,1.0,17.0,3.0,2.0,1.0,2.0,4.0,5.3340000000000005,4.934,4.8,6.066,5.734,5.1,4.4
,9600.0,3570.0,8.0,2.0,35.0,20.9,7713.75,13.0,,0.0,52.0,1.0,1.0,1.0,1.0,12.0,1.0,3.0,2.0,2.0,,2.33,3.0,2.33,4.33,4.33,2.5,2.0
,4230.0,8660.0,8.0,2.0,25.0,12.6,,,,0.0,58.0,2.0,2.0,1.0,2.0,11.0,1.0,2.0,5.0,2.0,,1.67,2.0,1.0,5.33,2.67,1.67,2.0
2.0,5700.0,7970.0,7.0,2.0,47.0,38.8,2359.5,6.0,,52.0,67.0,2.0,2.0,1.0,1.0,15.0,1.0,4.0,7.0,2.0,,3.3325,3.0,2.9175,5.0825,4.8325,3.6225,2.5
1.0,110.0,3570.0,1.0,2.0,60.0,83.8,,,50.0,52.0,60.0,2.0,1.0,1.0,1.0,16.0,3.0,3.0,1.0,2.0,,5.33,5.0,5.33,4.33,5.67,6.5,4.0
,2630.0,1990.0,6.0,1.0,46.0,61.4,,,,10.0,26.0,2.0,2.0,1.0,1.0,12.0,1.0,5.0,3.0,2.0,,5.24,5.048571428571429,3.954285714285714,4.428571428571429,3.238571428571429,4.3342857142857145,3.5714285714285716
1.0,4000.0,8680.0,1.0,2.0,50.0,32.6,9982.5,15.0,40.0,52.0,45.0,1.0,1.0,1.0,1.0,12.0,1.0,3.0,3.0,2.0,4.0,5.0,6.0,5.33,4.67,3.67,4.5,3.0
1.0,9620.0,3570.0,1.0,2.0,25.0,23.3,16335.0,18.0,40.0,52.0,43.0,1.0,1.0,1.0,1.0,17.0,2.0,5.0,1.0,2.0,1.0,2.0,2.0,2.0,4.33,4.33,2.17,2.0
,,,,,35.0,26.8,36300.0,22.0,,52.0,53.0,1.0,2.0,1.0,1.0,18.0,4.0,5.0,0.0,2.0,1.0,,,,,,,
2.0,2630.0,8370.0,1.0,1.0,46.0,61.4,,,40.0,35.0,26.0,1.0,2.0,1.0,1.0,7.0,0.0,5.0,0.0,2.0,4.0,5.24,5.048571428571429,3.954285714285714,4.428571428571429,3.238571428571429,4.3342857142857145,3.5714285714285716
,4700.0,5280.0,5.0,2.0,38.0,43.0,,,,0.0,69.0,2.0,1.0,1.0,1.0,12.0,1.0,5.0,1.0,2.0,4.0,3.67,4.67,3.67,4.33,4.0,4.0,2.0
,5240.0,6070.0,5.0,2.0,31.0,37.6,,,,0.0,63.0,2.0,1.0,1.0,1.0,16.0,3.0,5.0,0.0,4.0,,3.835,4.0,3.335,6.165,4.5,3.58,2.5
1.0,2340.0,8390.0,1.0,2.0,38.0,59.1,19965.0,19.0,40.0,45.0,32.0,2.0,1.0,1.0,1.0,14.0,2.0,1.0,1.0,4.0,4.0,5.0,5.446666666666666,4.11,6.0,3.0,4.28,3.5
,1320.0,3580.0,5.0,2.0,75.0,89.3,,,,0.0,67.0,1.0,3.0,3.0,1.0,18.0,2.0,1.0,0.0,4.0,2.0,5.0,5.33,5.33,4.33,5.0,5.5,4.0
1.0,9360.0,8770.0,7.0,2.0,24.0,21.0,,,,52.0,53.0,2.0,1.0,1.0,1.0,12.0,1.0,5.0,0.0,4.0,4.0,1.67,3.0,1.67,3.33,4.67,2.17,2.0
,9120.0,7860.0,5.0,2.0,35.0,31.6,,,,0.0,76.0,2.0,1.0,1.0,1.0,13.0,1.0,2.0,1.0,4.0,1.0,3.0,4.33,2.0,5.0,5.0,3.0,2.0
,6260.0,770.0,5.0,2.0,28.0,25.2,,,,0.0,46.0,1.0,3.0,1.0,1.0,9.0,0.0,5.0,0.0,4.0,1.0,2.33,2.67,1.67,4.0,4.33,3.17,2.0
1.0,5510.0,6380.0,1.0,2.0,29.0,39.9,19965.0,19.0,40.0,52.0,47.0,1.0,1.0,1.0,1.0,14.0,2.0,5.0,0.0,4.0,4.0,2.0,2.67,2.0,4.0,4.0,2.67,2.0
,1320.0,,6.0,2.0,75.0,89.3,,,,0.0,29.0,1.0,3.0,1.0,1.0,16.0,3.0,5.0,0.0,4.0,4.0,5.0,5.33,5.33,4.33,5.0,5.5,4.0
,,,6.0,,,,,,,0.0,22.0,2.0,3.0,1.0,1.0,18.0,2.0,5.0,0.0,4.0,4.0,,,,,,,
3.0,4020.0,4970.0,2.0,2.0,33.0,13.6,1996.5,5.0,36.0,15.0,19.0,2.0,1.0,1.0,1.0,14.0,1.0,5.0,0.0,4.0,,2.732,3.665999999999999,2.268,4.066,3.6,2.6,2.2
2.0,1240.0,5790.0,1.0,2.0,65.0,85.0,36300.0,22.0,40.0,47.0,36.0,1.0,3.0,1.0,2.0,19.0,4.0,5.0,0.0,4.0,,,,,,,,4.0
3.0,,,1.0,2.0,,,,,,,,1.0,3.0,1.0,2.0,16.0,3.0,5.0,,4.0,4.0,,,,,,,
,710.0,7390.0,8.0,2.0,51.0,78.3,16335.0,18.0,,25.0,33.0,2.0,1.0,1.0,1.0,13.0,1.0,3.0,3.0,4.0,,5.33,5.33,5.0,6.0,3.67,5.17,4.0
2.0,4220.0,8190.0,1.0,2.0,24.0,20.7,6806.25,12.0,35.0,25.0,21.0,1.0,3.0,1.0,1.0,16.0,3.0,5.0,0.0,4.0,4.0,1.67,2.0,1.33,4.33,3.0,2.0,3.0
1.0,2160.0,9170.0,1.0,2.0,44.0,56.8,24502.5,20.0,40.0,50.0,,2.0,1.0,1.0,1.0,12.0,1.0,1.0,3.0,4.0,,4.0,3.835,2.835,4.0,4.5,3.665,2.5
2.0,2630.0,,1.0,2.0,46.0,61.4,43560.0,23.0,40.0,52.0,38.0,1.0,1.0,1.0,1.0,18.0,3.0,1.0,0.0,4.0,4.0,5.24,5.048571428571429,3.954285714285714,4.428571428571429,3.238571428571429,4.3342857142857145,3.5714285714285716
1.0,800.0,4290.0,7.0,2.0,60.0,76.3,,,,0.0,65.0,2.0,1.0,1.0,1.0,16.0,3.0,1.0,0.0,4.0,,5.0,5.0,4.67,4.67,4.67,4.5,4.0
2.0,,,7.0,,,,,,,10.0,19.0,1.0,1.0,1.0,1.0,12.0,1.0,5.0,0.0,4.0,4.0,,,,,,,
2.0,1360.0,7290.0,1.0,2.0,65.0,85.2,16335.0,18.0,40.0,18.0,33.0,1.0,1.0,1.0,2.0,16.0,3.0,5.0,0.0,4.0,,5.33,5.5,5.33,4.0,5.0,5.25,4.0
1.0,2200.0,7870.0,1.0,2.0,74.0,84.5,24502.5,20.0,40.0,52.0,37.0,1.0,1.0,1.0,2.0,20.0,4.0,5.0,0.0,4.0,4.0,5.658888888888889,5.612222222222222,5.184722222222223,5.074166666666667,3.1766666666666667,5.342777777777778,4.944444444444445
,1320.0,3590.0,5.0,2.0,75.0,89.3,,,,0.0,75.0,1.0,1.0,1.0,1.0,16.0,3.0,5.0,0.0,4.0,,5.0,5.33,5.33,4.33,5.0,5.5,4.0
,1550.0,3380.0,5.0,2.0,50.0,57.4,,,,0.0,73.0,2.0,1.0,1.0,1.0,14.0,2.0,1.0,1.0,4.0,,4.528333333333333,4.235,3.9091666666666662,3.7283333333333335,5.1875,4.503333333333333,3.076923076923077
1.0,6310.0,770.0,1.0,2.0,37.0,31.0,43560.0,23.0,40.0,52.0,54.0,1.0,1.0,1.0,1.0,12.0,1.0,3.0,0.0,4.0,,2.33,2.33,2.0,3.0,5.33,2.83,2.0
,5240.0,6870.0,5.0,2.0,31.0,37.6,,,,0.0,68.0,2.0,1.0,1.0,2.0,13.0,1.0,1.0,1.0,4.0,4.0,3.835,4.0,3.335,6.165,4.5,3.58,2.5
3.0,,,2.0,2.0,,,2359.5,6.0,30.0,20.0,19.0,1.0,1.0,1.0,1.0,13.0,1.0,5.0,0.0,4.0,4.0,,,,,,,
,9830.0,9870.0,5.0,2.0,62.0,50.4,,,,0.0,37.0,1.0,1.0,1.0,1.0,16.0,1.0,1.0,2.0,4.0,,,,,,,,
4.0,4110.0,8680.0,4.0,2.0,31.0,19.6,16335.0,18.0,,0.0,36.0,2.0,3.0,1.0,1.0,9.0,1.0,5.0,4.0,4.0,4.0,2.33,2.33,2.0,6.0,3.33,2.0,2.0
,4200.0,8590.0,5.0,2.0,37.0,33.2,,,,0.0,67.0,2.0,3.0,1.0,1.0,9.0,1.0,3.0,4.0,4.0,4.0,3.67,5.67,3.33,3.67,5.0,3.83,2.0
1.0,3930.0,7680.0,1.0,2.0,34.0,34.7,97883.49087,26.0,36.0,52.0,58.0,1.0,1.0,1.0,1.0,14.0,2.0,1.0,2.0,4.0,,3.665,4.835,3.165,3.835,5.165,3.335,2.0
,,,5.0,,,,,,,0.0,88.0,2.0,1.0,1.0,1.0,12.0,1.0,3.0,3.0,4.0,4.0,,,,,,,
1.0,2630.0,7470.0,1.0,2.0,46.0,61.4,97883.49087,26.0,40.0,50.0,46.0,2.0,1.0,1.0,1.0,14.0,2.0,4.0,2.0,4.0,4.0,5.24,5.048571428571429,3.954285714285714,4.428571428571429,3.238571428571429,4.3342857142857145,3.5714285714285716
1.0,220.0,770.0,1.0,2.0,53.0,59.1,97883.49087,26.0,80.0,52.0,35.0,1.0,1.0,1.0,1.0,18.0,3.0,5.0,0.0,4.0,4.0,5.33,5.67,4.67,5.0,5.33,5.83,4.0
1.0,4600.0,7860.0,1.0,2.0,35.0,21.8,16335.0,18.0,40.0,50.0,46.0,2.0,1.0,1.0,1.0,14.0,1.0,3.0,2.0,4.0,4.0,4.0,4.5,2.5,6.0,3.0,3.33,2.0
,120.0,770.0,5.0,2.0,53.0,69.3,,,,0.0,61.0,2.0,1.0,1.0,1.0,16.0,3.0,5.0,0.0,4.0,,5.5,5.835,5.335,4.5,5.165,5.915,4.0
1.0,4610.0,9480.0,2.0,2.0,48.0,20.1,11797.5,16.0,13.0,36.0,43.0,2.0,3.0,1.0,2.0,12.0,1.0,3.0,7.0,4.0,,4.0,3.33,2.67,5.67,4.0,3.0,2.0
1.0,3600.0,8170.0,2.0,1.0,48.0,24.2,4991.25,10.0,4.0,26.0,62.0,2.0,1.0,1.0,1.0,13.0,2.0,3.0,4.0,4.0,,2.915,3.0,2.3325,5.0825,4.6675,3.125,2.25
3.0,4010.0,1080.0,1.0,2.0,38.0,27.0,19965.0,19.0,40.0,52.0,49.0,2.0,1.0,1.0,1.0,16.0,3.0,1.0,2.0,4.0,4.0,3.67,4.67,3.67,5.67,4.67,3.17,2.0
,,,6.0,,,,,,,0.0,20.0,1.0,1.0,2.0,2.0,12.0,1.0,5.0,0.0,4.0,4.0,,,,,,,
1.0,9130.0,6290.0,1.0,2.0,35.0,32.0,24502.5,20.0,40.0,50.0,,1.0,2.0,1.0,1.0,12.0,1.0,1.0,0.0,4.0,4.0,2.223333333333333,3.6666666666666665,2.11,2.8866666666666667,4.556666666666667,3.056666666666666,2.0
1.0,430.0,2370.0,1.0,1.0,39.0,67.7,,,40.0,52.0,27.0,1.0,1.0,1.0,1.0,17.0,1.0,5.0,0.0,4.0,4.0,5.5,5.29125,4.875,4.8325,4.375,5.04125,4.0
2.0,1020.0,7380.0,1.0,2.0,60.0,87.9,97883.49087,26.0,40.0,52.0,46.0,2.0,3.0,1.0,2.0,18.0,4.0,1.0,2.0,4.0,4.0,5.0,5.0,4.67,4.33,5.0,5.0,4.0
,,,4.0,2.0,,,,,,0.0,25.0,1.0,1.0,2.0,2.0,10.0,0.0,5.0,0.0,4.0,4.0,,,,,,,
1.0,2340.0,9370.0,2.0,1.0,38.0,59.1,1270.5,3.0,12.0,20.0,63.0,2.0,1.0,1.0,1.0,16.0,3.0,5.0,0.0,4.0,4.0,5.0,5.446666666666666,4.11,6.0,3.0,4.28,3.5
1.0,310.0,8680.0,2.0,1.0,39.0,41.0,58080.0,25.0,40.0,50.0,60.0,1.0,3.0,1.0,1.0,16.0,3.0,1.0,2.0,4.0,4.0,4.33,5.67,4.33,4.67,4.67,4.5,2.0
,2310.0,7860.0,5.0,2.0,61.0,80.9,,,,0.0,74.0,1.0,1.0,1.0,1.0,16.0,3.0,1.0,0.0,4.0,,5.333333333333333,5.33,4.22,6.22,4.22,4.78,4.0
2.0,1020.0,8180.0,2.0,1.0,60.0,87.9,,,20.0,26.0,50.0,1.0,3.0,5.0,1.0,8.0,0.0,1.0,8.0,4.0,4.0,5.0,5.0,4.67,4.33,5.0,5.0,4.0
1.0,2340.0,7890.0,3.0,2.0,38.0,59.1,3267.0,8.0,,40.0,18.0,2.0,3.0,1.0,1.0,14.0,1.0,5.0,0.0,4.0,,5.0,5.446666666666666,4.11,6.0,3.0,4.28,3.5
4.0,5510.0,6380.0,2.0,2.0,29.0,39.9,,,20.0,4.0,42.0,2.0,3.0,1.0,2.0,14.0,2.0,5.0,1.0,4.0,,2.0,2.67,2.0,4.0,4.0,2.67,2.0
3.0,5240.0,9170.0,1.0,2.0,31.0,37.6,2722.5,7.0,60.0,48.0,49.0,1.0,1.0,1.0,1.0,20.0,1.0,3.0,1.0,4.0,1.0,3.835,4.0,3.335,6.165,4.5,3.58,2.5
1.0,40.0,7470.0,1.0,2.0,57.0,73.1,58080.0,25.0,40.0,52.0,30.0,2.0,1.0,1.0,1.0,17.0,3.0,1.0,0.0,4.0,,5.33,5.33,5.33,5.0,4.0,5.33,4.0
2.0,6260.0,770.0,1.0,2.0,28.0,25.2,29947.5,21.0,40.0,52.0,44.0,1.0,1.0,1.0,1.0,12.0,1.0,5.0,0.0,4.0,,2.33,2.67,1.67,4.0,4.33,3.17,2.0
1.0,2710.0,6670.0,1.0,1.0,58.0,72.7,97883.49087,26.0,25.0,52.0,59.0,1.0,1.0,1.0,1.0,16.0,3.0,3.0,0.0,4.0,1.0,5.4575,5.75,5.5,5.125,3.7075,5.145,4.0
1.0,4830.0,6070.0,3.0,2.0,38.0,45.0,6806.25,12.0,,26.0,41.0,2.0,2.0,1.0,1.0,15.0,1.0,3.0,2.0,4.0,,3.33,3.33,3.33,4.67,3.0,3.17,3.0
1.0,5860.0,9380.0,1.0,2.0,32.0,35.8,19965.0,19.0,40.0,52.0,48.0,2.0,3.0,1.0,2.0,15.0,1.0,1.0,0.0,4.0,,2.33,2.67,2.33,5.67,4.33,2.5,2.0
1.0,540.0,6990.0,1.0,2.0,46.0,59.8,36300.0,22.0,40.0,52.0,46.0,1.0,1.0,1.0,1.0,16.0,3.0,3.0,2.0,4.0,4.0,4.085,4.835,3.75,4.415,4.915,4.625,3.5
1.0,1400.0,7380.0,1.0,2.0,70.0,81.5,29947.5,21.0,89.0,52.0,43.0,1.0,1.0,2.0,1.0,13.0,1.0,3.0,2.0,4.0,4.0,5.33,5.0,5.0,4.0,5.0,6.0,4.0
2.0,5620.0,5390.0,1.0,2.0,25.0,23.8,11797.5,16.0,35.0,51.0,26.0,1.0,1.0,1.0,1.0,12.0,1.0,5.0,0.0,4.0,4.0,2.0,2.83,1.83,4.5,4.25,2.29,2.0
4.0,4220.0,7980.0,4.0,2.0,24.0,20.7,5898.75,11.0,,25.0,65.0,1.0,1.0,1.0,1.0,12.0,1.0,3.0,0.0,4.0,4.0,1.67,2.0,1.33,4.33,3.0,2.0,3.0
,8965.0,6290.0,5.0,2.0,35.0,26.8,,,,0.0,77.0,1.0,1.0,1.0,1.0,15.0,2.0,1.0,0.0,4.0,2.0,3.0,3.443333333333334,2.776666666666667,3.556666666666666,4.556666666666667,3.276666666666667,2.0
3.0,5860.0,7070.0,4.0,2.0,32.0,35.8,,,,21.0,59.0,2.0,1.0,1.0,1.0,12.0,1.0,3.0,0.0,4.0,4.0,2.33,2.67,2.33,5.67,4.33,2.5,2.0
3.0,,,7.0,,,,,,,2.0,54.0,1.0,1.0,1.0,1.0,0.0,0.0,5.0,0.0,4.0,4.0,,,,,,,
3.0,,,4.0,2.0,,,,,,40.0,54.0,2.0,1.0,1.0,1.0,0.0,0.0,3.0,0.0,4.0,4.0,,,,,,,
1.0,5260.0,4970.0,2.0,2.0,36.0,35.3,9982.5,15.0,20.0,,63.0,1.0,1.0,1.0,1.0,13.0,1.0,1.0,4.0,4.0,4.0,2.33,2.67,2.0,3.33,4.33,2.17,2.0
,7040.0,3580.0,8.0,2.0,40.0,39.6,,,,0.0,61.0,1.0,1.0,1.0,1.0,13.0,1.0,3.0,1.0,4.0,2.0,3.33,3.67,3.0,4.0,5.0,3.67,3.0
3.0,3500.0,8190.0,1.0,2.0,69.0,46.6,29947.5,21.0,38.0,52.0,46.0,2.0,1.0,1.0,1.0,16.0,3.0,3.0,3.0,4.0,,5.33,5.0,4.0,6.33,5.67,4.33,3.0
3.0,5300.0,8660.0,2.0,2.0,30.0,24.1,8621.25,14.0,20.0,52.0,,2.0,1.0,1.0,1.0,16.0,3.0,3.0,0.0,4.0,,2.33,3.0,2.33,6.0,3.67,2.17,2.0
1.0,410.0,7070.0,7.0,2.0,41.0,54.6,726.0,2.0,,0.0,31.0,2.0,1.0,1.0,1.0,16.0,1.0,1.0,2.0,4.0,,5.0,5.67,4.33,4.33,3.67,4.83,4.0
1.0,5550.0,6370.0,1.0,1.0,45.0,58.4,24502.5,20.0,52.0,52.0,36.0,1.0,3.0,2.0,1.0,14.0,1.0,5.0,0.0,4.0,,2.33,3.0,2.67,3.67,4.0,3.5,2.0
1.0,710.0,4670.0,1.0,2.0,51.0,78.3,24502.5,20.0,40.0,52.0,42.0,2.0,1.0,1.0,1.0,16.0,3.0,1.0,2.0,4.0,,5.33,5.33,5.0,6.0,3.67,5.17,4.0
,1550.0,3390.0,5.0,2.0,50.0,57.4,,,,0.0,,1.0,2.0,1.0,1.0,20.0,3.0,1.0,0.0,4.0,4.0,4.528333333333333,4.235,3.9091666666666662,3.7283333333333335,5.1875,4.503333333333333,3.076923076923077
2.0,7200.0,8770.0,1.0,2.0,45.0,31.2,50820.0,24.0,40.0,52.0,29.0,1.0,1.0,2.0,1.0,13.0,1.0,5.0,2.0,4.0,4.0,3.67,4.33,3.0,3.83,4.33,3.58,3.0
1.0,3640.0,7980.0,7.0,2.0,48.0,28.6,,,,0.0,29.0,2.0,1.0,1.0,1.0,13.0,1.0,1.0,4.0,4.0,4.0,3.33,3.67,3.0,6.0,5.67,4.17,3.0
1.0,800.0,9370.0,7.0,2.0,60.0,76.3,,,,0.0,38.0,2.0,1.0,1.0,1.0,16.0,3.0,1.0,2.0,4.0,,5.0,5.0,4.67,4.67,4.67,4.5,4.0
2.0,850.0,6990.0,1.0,2.0,63.0,79.3,19965.0,19.0,40.0,52.0,47.0,2.0,2.0,1.0,1.0,16.0,3.0,5.0,1.0,4.0,4.0,5.0,5.33,4.67,4.33,3.67,4.67,4.0
,4700.0,5170.0,5.0,2.0,38.0,43.0,,,,0.0,74.0,2.0,1.0,1.0,1.0,12.0,1.0,2.0,3.0,4.0,4.0,3.67,4.67,3.67,4.33,4.0,4.0,2.0
2.0,7020.0,6680.0,1.0,2.0,38.0,52.1,24502.5,20.0,40.0,52.0,41.0,1.0,1.0,1.0,1.0,14.0,2.0,5.0,0.0,4.0,4.0,4.165,4.0,2.67,3.665,5.0,4.33,3.0
2.0,2630.0,7370.0,4.0,2.0,46.0,61.4,11797.5,16.0,,30.0,48.0,1.0,1.0,1.0,1.0,14.0,1.0,5.0,0.0,4.0,,5.24,5.048571428571429,3.954285714285714,4.428571428571429,3.238571428571429,4.3342857142857145,3.5714285714285716
1.0,20.0,7380.0,1.0,2.0,50.0,68.6,97883.49087,26.0,50.0,52.0,48.0,2.0,1.0,1.0,2.0,15.0,3.0,4.0,1.0,4.0,4.0,5.33,6.0,5.67,6.33,4.67,6.0,4.0
1.0,3320.0,7970.0,1.0,2.0,59.0,69.3,43560.0,23.0,40.0,46.0,48.0,2.0,1.0,1.0,1.0,18.0,3.0,1.0,0.0,4.0,4.0,4.7,4.468,3.898000000000001,5.468,5.434,4.682,3.0
,110.0,3390.0,5.0,2.0,60.0,83.8,43560.0,23.0,,2.0,62.0,1.0,1.0,1.0,1.0,16.0,3.0,5.0,0.0,4.0,4.0,5.33,5.0,5.33,4.33,5.67,6.5,4.0
2.0,2000.0,8090.0,1.0,2.0,51.0,63.7,16335.0,18.0,40.0,35.0,32.0,2.0,1.0,1.0,1.0,14.0,2.0,5.0,2.0,4.0,4.0,5.465999999999999,5.0,4.668,6.6,3.601999999999999,4.566,4.8
1.0,9130.0,5592.0,1.0,2.0,35.0,32.0,19965.0,19.0,40.0,52.0,29.0,1.0,3.0,2.0,1.0,15.0,2.0,5.0,0.0,4.0,4.0,2.223333333333333,3.6666666666666665,2.11,2.8866666666666667,4.556666666666667,3.056666666666666,2.0
3.0,520.0,5790.0,1.0,2.0,45.0,50.0,11797.5,16.0,40.0,50.0,21.0,1.0,1.0,2.0,1.0,14.0,1.0,5.0,0.0,4.0,4.0,4.0,4.0,3.67,4.0,4.0,3.5,3.0
2.0,4840.0,6170.0,1.0,2.0,43.0,61.2,36300.0,22.0,45.0,52.0,33.0,1.0,1.0,2.0,1.0,16.0,3.0,5.0,0.0,4.0,,5.17,5.08,4.42,4.75,4.42,5.17,3.0
1.0,4220.0,7690.0,2.0,2.0,24.0,20.7,,,6.0,52.0,59.0,2.0,1.0,1.0,1.0,14.0,1.0,5.0,0.0,4.0,,1.67,2.0,1.33,4.33,3.0,2.0,3.0
2.0,9130.0,6170.0,1.0,2.0,35.0,32.0,36300.0,22.0,60.0,52.0,36.0,1.0,1.0,1.0,1.0,14.0,1.0,1.0,3.0,4.0,,2.223333333333333,3.6666666666666665,2.11,2.8866666666666667,4.556666666666667,3.056666666666666,2.0
,2040.0,9160.0,5.0,1.0,66.0,62.6,,,,0.0,73.0,1.0,3.0,1.0,1.0,18.0,4.0,1.0,4.0,4.0,4.0,6.67,6.33,5.33,6.33,3.33,5.0,5.0
2.0,300.0,,1.0,2.0,62.0,89.1,97883.49087,26.0,50.0,50.0,47.0,1.0,2.0,1.0,1.0,20.0,4.0,1.0,0.0,4.0,,6.335,6.0,5.33,3.665,4.335,6.085,4.5
1.0,700.0,4270.0,1.0,2.0,51.0,61.9,58080.0,25.0,40.0,52.0,42.0,2.0,1.0,2.0,2.0,16.0,3.0,1.0,2.0,4.0,4.0,5.333333333333333,5.446666666666666,5.113333333333333,4.223333333333334,4.223333333333334,4.943333333333333,4.0
1.0,800.0,9170.0,1.0,2.0,60.0,76.3,29947.5,21.0,50.0,52.0,61.0,2.0,1.0,1.0,1.0,20.0,4.0,1.0,0.0,4.0,,5.0,5.0,4.67,4.67,4.67,4.5,4.0
2.0,4050.0,8680.0,1.0,2.0,21.0,14.0,16335.0,18.0,78.0,52.0,52.0,1.0,3.0,2.0,1.0,12.0,1.0,1.0,0.0,4.0,4.0,1.67,1.83,1.67,4.5,4.0,1.92,2.0
1.0,5510.0,6380.0,1.0,2.0,29.0,39.9,16335.0,18.0,40.0,48.0,28.0,1.0,1.0,5.0,2.0,8.0,0.0,1.0,1.0,4.0,4.0,2.0,2.67,2.0,4.0,4.0,2.67,2.0
3.0,6320.0,770.0,7.0,2.0,42.0,31.0,11797.5,16.0,,51.0,30.0,1.0,1.0,1.0,1.0,12.0,1.0,5.0,2.0,4.0,4.0,3.33,3.0,2.67,4.0,5.0,3.67,2.0
1.0,4760.0,5190.0,1.0,2.0,31.0,39.7,24502.5,20.0,40.0,52.0,31.0,2.0,1.0,1.0,1.0,14.0,2.0,5.0,0.0,3.0,4.0,3.0,3.0,2.67,5.0,4.0,2.33,2.0
,2320.0,7860.0,5.0,2.0,64.0,82.5,,,,0.0,68.0,1.0,1.0,1.0,1.0,16.0,3.0,2.0,0.0,3.0,4.0,5.5,5.165,4.165,6.5,4.5,5.08,4.0
3.0,4760.0,5080.0,2.0,2.0,31.0,39.7,13612.5,17.0,20.0,48.0,67.0,2.0,1.0,1.0,1.0,13.0,1.0,2.0,2.0,3.0,4.0,3.0,3.0,2.67,5.0,4.0,2.33,2.0
,5550.0,6370.0,5.0,2.0,45.0,58.4,,,,0.0,74.0,1.0,1.0,1.0,1.0,16.0,2.0,2.0,2.0,3.0,1.0,2.33,3.0,2.67,3.67,4.0,3.5,2.0
1.0,1050.0,9480.0,7.0,2.0,48.0,64.5,,,,0.0,,2.0,2.0,1.0,1.0,16.0,3.0,1.0,2.0,3.0,,5.165,4.5,4.165,4.165,5.0,4.92,3.5
1.0,3640.0,7980.0,7.0,2.0,48.0,28.6,,,,0.0,51.0,2.0,1.0,1.0,1.0,14.0,2.0,1.0,1.0,3.0,4.0,3.33,3.67,3.0,6.0,5.67,4.17,3.0
,2310.0,7860.0,8.0,2.0,61.0,80.9,,,,0.0,34.0,2.0,2.0,1.0,1.0,14.0,1.0,5.0,0.0,3.0,,5.333333333333333,5.33,4.22,6.22,4.22,4.78,4.0
1.0,9030.0,6070.0,1.0,2.0,65.0,79.4,97883.49087,26.0,32.0,52.0,36.0,1.0,1.0,1.0,1.0,15.0,2.0,1.0,2.0,3.0,1.0,5.67,6.33,5.835,4.835,6.5,5.25,3.5
3.0,5400.0,9370.0,1.0,2.0,38.0,25.7,16335.0,18.0,50.0,52.0,32.0,2.0,1.0,1.0,1.0,17.0,3.0,5.0,0.0,3.0,4.0,3.0,3.0,2.33,5.67,4.0,2.67,2.0
,3646.0,7590.0,5.0,2.0,49.0,37.9,11797.5,16.0,,12.0,63.0,2.0,1.0,1.0,1.0,15.0,1.0,3.0,1.0,3.0,,3.0,2.67,2.67,4.0,4.67,2.67,3.0
1.0,5530.0,670.0,1.0,2.0,42.0,37.0,11797.5,16.0,8.0,2.0,31.0,1.0,3.0,1.0,1.0,15.0,1.0,5.0,0.0,3.0,4.0,2.67,3.33,2.33,2.67,3.0,3.5,2.0
2.0,5400.0,8190.0,1.0,2.0,38.0,25.7,11797.5,16.0,60.0,52.0,42.0,2.0,2.0,1.0,1.0,20.0,3.0,5.0,0.0,3.0,,3.0,3.0,2.33,5.67,4.0,2.67,2.0
2.0,5240.0,3190.0,1.0,2.0,31.0,37.6,7713.75,13.0,40.0,50.0,34.0,2.0,1.0,3.0,1.0,,0.0,5.0,5.0,3.0,,3.835,4.0,3.335,6.165,4.5,3.58,2.5
4.0,4110.0,8680.0,1.0,2.0,31.0,19.6,,,49.0,52.0,27.0,2.0,2.0,1.0,1.0,8.0,0.0,5.0,0.0,3.0,4.0,2.33,2.33,2.0,6.0,3.33,2.0,2.0
2.0,7200.0,8770.0,2.0,2.0,45.0,31.2,1633.5,4.0,20.0,30.0,73.0,1.0,1.0,1.0,1.0,13.0,1.0,3.0,1.0,3.0,4.0,3.67,4.33,3.0,3.83,4.33,3.58,3.0
1.0,4230.0,7690.0,7.0,2.0,25.0,12.6,,,,0.0,46.0,2.0,3.0,5.0,2.0,14.0,2.0,4.0,8.0,3.0,,1.67,2.0,1.0,5.33,2.67,1.67,2.0
,310.0,8680.0,8.0,2.0,39.0,41.0,,,,0.0,,2.0,2.0,1.0,1.0,,0.0,5.0,2.0,3.0,,4.33,5.67,4.33,4.67,4.67,4.5,2.0
,,,8.0,1.0,,,,,,45.0,44.0,1.0,3.0,2.0,1.0,14.0,2.0,5.0,1.0,3.0,4.0,,,,,,,
3.0,2310.0,7860.0,7.0,2.0,61.0,80.9,1270.5,3.0,,,40.0,2.0,2.0,1.0,2.0,16.0,3.0,3.0,3.0,3.0,4.0,5.333333333333333,5.33,4.22,6.22,4.22,4.78,4.0
1.0,630.0,7580.0,1.0,2.0,47.0,65.3,97883.49087,26.0,50.0,52.0,34.0,2.0,1.0,1.0,1.0,17.0,4.0,5.0,0.0,3.0,4.0,4.556666666666667,4.333333333333333,4.0,5.446666666666666,4.333333333333333,4.163333333333333,3.3333333333333335
2.0,4920.0,7070.0,1.0,2.0,49.0,56.9,9982.5,15.0,40.0,52.0,32.0,2.0,1.0,1.0,1.0,13.0,1.0,5.0,0.0,3.0,,5.0,5.165,4.33,5.0,3.5,4.5,3.5
,4850.0,1690.0,6.0,2.0,45.0,62.0,5898.75,11.0,,35.0,25.0,1.0,1.0,1.0,1.0,15.0,4.0,5.0,0.0,3.0,4.0,4.89,4.89,3.78,4.553333333333334,3.78,4.613333333333333,3.6666666666666665
,630.0,7580.0,8.0,2.0,47.0,65.3,97883.49087,26.0,,52.0,50.0,2.0,1.0,1.0,1.0,16.0,3.0,5.0,0.0,3.0,4.0,4.556666666666667,4.333333333333333,4.0,5.446666666666666,4.333333333333333,4.163333333333333,3.3333333333333335
2.0,540.0,6990.0,1.0,2.0,46.0,59.8,,,50.0,52.0,58.0,2.0,1.0,1.0,1.0,16.0,3.0,3.0,1.0,3.0,4.0,4.085,4.835,3.75,4.415,4.915,4.625,3.5
4.0,4110.0,8680.0,2.0,2.0,31.0,19.6,181.5,1.0,23.0,0.0,24.0,2.0,1.0,1.0,1.0,18.0,3.0,5.0,0.0,3.0,4.0,2.33,2.33,2.0,6.0,3.33,2.0,2.0
,4520.0,8980.0,2.0,1.0,30.0,20.1,7713.75,13.0,15.0,32.0,59.0,2.0,3.0,5.0,2.0,16.0,3.0,1.0,2.0,3.0,,3.085,3.2525,2.75,5.085,2.915,2.835,2.5
2.0,430.0,9590.0,1.0,2.0,39.0,67.7,43560.0,23.0,40.0,52.0,36.0,2.0,1.0,1.0,1.0,18.0,4.0,3.0,0.0,3.0,,5.5,5.29125,4.875,4.8325,4.375,5.04125,4.0
2.0,4000.0,8680.0,1.0,2.0,50.0,32.6,16335.0,18.0,38.0,40.0,22.0,1.0,2.0,1.0,1.0,12.0,1.0,5.0,0.0,3.0,4.0,5.0,6.0,5.33,4.67,3.67,4.5,3.0
,2340.0,7890.0,5.0,1.0,38.0,59.1,,,,0.0,71.0,2.0,1.0,1.0,1.0,17.0,3.0,2.0,5.0,3.0,,5.0,5.446666666666666,4.11,6.0,3.0,4.28,3.5
2.0,4810.0,6990.0,1.0,2.0,47.0,57.8,97883.49087,26.0,60.0,52.0,53.0,1.0,1.0,1.0,1.0,15.0,1.0,1.0,2.0,3.0,,5.0,5.33,3.67,5.33,4.67,3.83,4.0
2.0,5860.0,770.0,1.0,2.0,32.0,35.8,,,40.0,45.0,36.0,2.0,1.0,5.0,2.0,14.0,1.0,1.0,1.0,3.0,,2.33,2.67,2.33,5.67,4.33,2.5,2.0
1.0,,,4.0,1.0,,,,,,0.0,18.0,1.0,1.0,1.0,1.0,12.0,1.0,5.0,0.0,3.0,4.0,,,,,,,
1.0,5120.0,8090.0,1.0,2.0,45.0,38.3,50820.0,24.0,40.0,52.0,46.0,2.0,1.0,1.0,1.0,13.0,1.0,1.0,1.0,3.0,,3.67,3.67,3.0,4.67,5.0,3.67,3.0
2.0,4110.0,8680.0,7.0,2.0,31.0,19.6,9982.5,15.0,,40.0,19.0,2.0,1.0,2.0,1.0,14.0,1.0,1.0,0.0,3.0,,2.33,2.33,2.0,6.0,3.33,2.0,2.0
1.0,6200.0,770.0,1.0,2.0,49.0,46.0,29947.5,21.0,40.0,52.0,33.0,1.0,1.0,1.0,1.0,15.0,1.0,5.0,0.0,3.0,4.0,5.335,5.67,4.83,4.665,4.335,4.915,3.0
3.0,,,1.0,2.0,,,,,50.0,51.0,49.0,2.0,1.0,1.0,1.0,13.0,4.0,2.0,3.0,2.0,1.0,,,,,,,
,3010.0,7980.0,5.0,1.0,72.0,92.1,,,,0.0,66.0,1.0,1.0,1.0,1.0,20.0,4.0,1.0,1.0,2.0,4.0,5.9175,6.4175,5.75,6.0,4.1675,5.75,5.0
2.0,2900.0,6570.0,1.0,1.0,43.0,57.3,19965.0,19.0,48.0,52.0,64.0,1.0,1.0,1.0,1.0,12.0,1.0,1.0,0.0,2.0,,4.11,4.776666666666666,3.3333333333333335,4.443333333333333,3.8866666666666663,4.0,3.0
2.0,5240.0,4470.0,1.0,2.0,31.0,37.6,97883.49087,26.0,35.0,47.0,38.0,2.0,1.0,1.0,1.0,16.0,3.0,1.0,2.0,2.0,,3.835,4.0,3.335,6.165,4.5,3.58,2.5
3.0,430.0,6290.0,1.0,2.0,39.0,67.7,43560.0,23.0,65.0,3.0,41.0,1.0,1.0,1.0,1.0,20.0,4.0,1.0,2.0,2.0,4.0,5.5,5.29125,4.875,4.8325,4.375,5.04125,4.0
1.0,5140.0,7580.0,1.0,2.0,40.0,41.8,97883.49087,26.0,40.0,52.0,37.0,2.0,1.0,1.0,1.0,14.0,2.0,1.0,4.0,2.0,4.0,3.33,3.33,3.0,5.0,4.33,3.33,3.0
1.0,110.0,3490.0,1.0,2.0,60.0,83.8,50820.0,24.0,60.0,50.0,42.0,1.0,1.0,1.0,1.0,18.0,3.0,1.0,2.0,2.0,4.0,5.33,5.0,5.33,4.33,5.67,6.5,4.0
,9130.0,4870.0,5.0,2.0,35.0,32.0,,,,0.0,83.0,1.0,1.0,1.0,1.0,12.0,1.0,2.0,4.0,2.0,,2.223333333333333,3.6666666666666665,2.11,2.8866666666666667,4.556666666666667,3.056666666666666,2.0
1.0,1107.0,690.0,1.0,2.0,48.0,70.5,,,40.0,50.0,,,3.0,1.0,2.0,16.0,3.0,1.0,0.0,2.0,4.0,5.576363636363637,4.969090909090909,4.4390909090909085,3.4545454545454546,4.181818181818182,5.038181818181818,3.8461538461538463
1.0,7220.0,770.0,1.0,2.0,45.0,39.2,36300.0,22.0,60.0,52.0,66.0,1.0,1.0,1.0,1.0,14.0,1.0,1.0,2.0,2.0,1.0,3.443333333333334,4.0,2.89,3.3333333333333335,5.11,3.61,2.6666666666666665
2.0,2320.0,7860.0,1.0,2.0,64.0,82.5,24502.5,20.0,50.0,44.0,55.0,2.0,1.0,1.0,1.0,19.0,4.0,1.0,4.0,2.0,1.0,5.5,5.165,4.165,6.5,4.5,5.08,4.0
2.0,1006.0,7390.0,1.0,2.0,65.0,80.7,24502.5,20.0,40.0,52.0,39.0,1.0,1.0,1.0,1.0,17.0,3.0,1.0,0.0,2.0,,5.0,5.0,4.835,4.17,4.665,4.835,4.0
1.0,4110.0,8690.0,1.0,2.0,31.0,19.6,11797.5,16.0,35.0,48.0,60.0,2.0,1.0,1.0,1.0,18.0,3.0,3.0,4.0,2.0,,2.33,2.33,2.0,6.0,3.33,2.0,2.0
1.0,5000.0,6990.0,1.0,2.0,46.0,52.0,,,42.0,52.0,63.0,2.0,1.0,1.0,1.0,12.0,1.0,5.0,0.0,2.0,4.0,4.33,5.33,4.33,5.33,5.67,4.83,3.0
1.0,800.0,7070.0,7.0,2.0,60.0,76.3,,,,0.0,56.0,2.0,1.0,1.0,1.0,16.0,3.0,1.0,2.0,2.0,,5.0,5.0,4.67,4.67,4.67,4.5,4.0
1.0,5240.0,5592.0,1.0,2.0,31.0,37.6,29947.5,21.0,40.0,52.0,38.0,2.0,1.0,1.0,1.0,14.0,2.0,3.0,1.0,2.0,4.0,3.835,4.0,3.335,6.165,4.5,3.58,2.5
1.0,2040.0,9160.0,1.0,2.0,66.0,62.6,19965.0,19.0,40.0,52.0,53.0,1.0,3.0,1.0,2.0,19.0,4.0,1.0,2.0,2.0,,6.67,6.33,5.33,6.33,3.33,5.0,5.0
1.0,430.0,770.0,1.0,1.0,39.0,67.7,,,40.0,52.0,60.0,1.0,1.0,1.0,1.0,16.0,4.0,1.0,3.0,2.0,4.0,5.5,5.29125,4.875,4.8325,4.375,5.04125,4.0
1.0,1820.0,8180.0,1.0,2.0,71.0,88.7,36300.0,22.0,32.0,52.0,36.0,2.0,1.0,1.0,1.0,16.0,4.0,1.0,3.0,2.0,4.0,5.609999999999999,5.78,5.11,6.609999999999999,3.946666666666667,5.583333333333333,5.0
4.0,3730.0,9470.0,1.0,2.0,38.0,52.4,,,40.0,0.0,53.0,1.0,1.0,1.0,1.0,13.0,1.0,1.0,3.0,2.0,4.0,,,,,,,2.0
1.0,4700.0,4670.0,1.0,2.0,38.0,43.0,97883.49087,26.0,55.0,52.0,56.0,1.0,1.0,1.0,1.0,16.0,3.0,1.0,2.0,2.0,4.0,3.67,4.67,3.67,4.33,4.0,4.0,2.0
2.0,4700.0,4990.0,1.0,2.0,38.0,43.0,58080.0,25.0,50.0,52.0,65.0,1.0,2.0,1.0,1.0,16.0,3.0,1.0,2.0,2.0,4.0,3.67,4.67,3.67,4.33,4.0,4.0,2.0
4.0,1050.0,8190.0,1.0,2.0,48.0,64.5,,,40.0,52.0,24.0,1.0,1.0,1.0,1.0,16.0,3.0,5.0,0.0,2.0,,5.165,4.5,4.165,4.165,5.0,4.92,3.5
2.0,2550.0,7070.0,1.0,2.0,50.0,70.3,29947.5,21.0,40.0,52.0,42.0,2.0,1.0,1.0,1.0,18.0,4.0,1.0,2.0,2.0,4.0,5.113333333333333,5.5,4.223333333333334,5.9433333333333325,3.28,4.806666666666667,5.0
2.0,860.0,6990.0,1.0,2.0,43.0,66.2,97883.49087,26.0,40.0,52.0,36.0,1.0,1.0,1.0,1.0,16.0,3.0,1.0,3.0,2.0,,4.33,5.0,4.0,5.0,4.67,4.0,4.0
3.0,110.0,,1.0,2.0,60.0,83.8,43560.0,23.0,45.0,52.0,51.0,1.0,1.0,1.0,1.0,12.0,1.0,1.0,1.0,2.0,,5.33,5.0,5.33,4.33,5.67,6.5,4.0
2.0,430.0,6480.0,1.0,2.0,39.0,67.7,24502.5,20.0,40.0,52.0,53.0,1.0,1.0,1.0,1.0,15.0,3.0,3.0,2.0,2.0,4.0,5.5,5.29125,4.875,4.8325,4.375,5.04125,4.0
2.0,7750.0,3490.0,1.0,2.0,35.0,25.0,29947.5,21.0,40.0,52.0,51.0,1.0,1.0,1.0,1.0,15.0,2.0,1.0,2.0,2.0,,2.4466666666666668,2.443333333333334,2.33,3.6633333333333336,4.556666666666667,2.8366666666666664,2.0
1.0,1410.0,3990.0,1.0,2.0,73.0,86.5,43560.0,23.0,65.0,52.0,,1.0,1.0,1.0,1.0,16.0,3.0,1.0,3.0,2.0,4.0,5.0,5.22,4.776666666666666,3.33,4.556666666666667,5.113333333333333,4.0
2.0,5550.0,6370.0,1.0,2.0,45.0,58.4,24502.5,20.0,50.0,50.0,44.0,2.0,1.0,1.0,1.0,14.0,2.0,5.0,0.0,2.0,1.0,2.33,3.0,2.67,3.67,4.0,3.5,2.0
2.0,430.0,3960.0,1.0,2.0,39.0,67.7,97883.49087,26.0,40.0,39.0,38.0,2.0,1.0,1.0,1.0,16.0,4.0,1.0,2.0,2.0,,5.5,5.29125,4.875,4.8325,4.375,5.04125,4.0
2.0,530.0,7190.0,2.0,2.0,42.0,59.9,,,25.0,,18.0,2.0,1.0,1.0,1.0,12.0,1.0,5.0,0.0,2.0,4.0,4.0,4.67,4.0,4.67,4.67,5.0,4.0
2.0,2540.0,7860.0,2.0,2.0,48.0,26.1,5898.75,11.0,25.0,42.0,41.0,2.0,1.0,1.0,1.0,16.0,3.0,1.0,2.0,2.0,,,,,,,,3.0
,,,,,,,,,,0.0,34.0,1.0,2.0,1.0,1.0,13.0,1.0,5.0,0.0,2.0,4.0,,,,,,,
3.0,4720.0,5090.0,4.0,2.0,28.0,21.6,181.5,1.0,,6.0,21.0,1.0,2.0,1.0,1.0,11.0,0.0,5.0,0.0,2.0,,2.5,2.835,2.0,4.5,4.0,2.335,2.0
2.0,410.0,7070.0,1.0,2.0,41.0,54.6,19965.0,19.0,40.0,50.0,31.0,2.0,3.0,1.0,2.0,16.0,3.0,5.0,0.0,2.0,4.0,5.0,5.67,4.33,4.33,3.67,4.83,4.0
2.0,6355.0,770.0,1.0,2.0,49.0,45.4,16335.0,18.0,40.0,52.0,27.0,1.0,1.0,1.0,2.0,16.0,3.0,5.0,0.0,2.0,4.0,4.33,5.33,3.33,3.67,5.0,4.17,3.0
,5820.0,6680.0,5.0,2.0,37.0,35.1,,,,0.0,73.0,2.0,1.0,1.0,1.0,16.0,1.0,3.0,0.0,2.0,4.0,2.0,3.67,2.0,5.0,4.0,2.5,2.0
2.0,3255.0,8090.0,3.0,2.0,64.0,84.2,29947.5,21.0,,48.0,35.0,2.0,1.0,1.0,1.0,18.0,3.0,5.0,0.0,2.0,4.0,5.3340000000000005,4.934,4.8,6.066,5.734,5.1,4.4
1.0,6050.0,170.0,1.0,2.0,27.0,14.0,726.0,2.0,40.0,0.0,31.0,1.0,1.0,1.0,1.0,16.0,4.0,1.0,0.0,2.0,4.0,2.3333333333333335,2.443333333333334,1.6133333333333333,2.8866666666666667,3.8866666666666663,2.17,2.0
1.0,800.0,7280.0,1.0,1.0,60.0,76.3,13612.5,17.0,40.0,52.0,55.0,2.0,1.0,1.0,1.0,16.0,4.0,5.0,0.0,2.0,,5.0,5.0,4.67,4.67,4.67,4.5,4.0
3.0,5300.0,8660.0,1.0,2.0,30.0,24.1,24502.5,20.0,50.0,48.0,39.0,1.0,1.0,1.0,1.0,10.0,1.0,5.0,0.0,2.0,,2.33,3.0,2.33,6.0,3.67,2.17,2.0
2.0,8160.0,2870.0,1.0,2.0,40.0,25.1,,,45.0,52.0,70.0,1.0,1.0,1.0,1.0,12.0,1.0,1.0,6.0,2.0,,3.33,3.67,2.67,4.0,5.0,3.33,2.0
2.0,630.0,770.0,1.0,2.0,47.0,65.3,13612.5,17.0,40.0,23.0,33.0,2.0,1.0,1.0,1.0,16.0,3.0,5.0,0.0,2.0,4.0,4.556666666666667,4.333333333333333,4.0,5.446666666666666,4.333333333333333,4.163333333333333,3.3333333333333335
1.0,630.0,7290.0,1.0,2.0,47.0,65.3,97883.49087,26.0,55.0,52.0,43.0,2.0,1.0,1.0,1.0,18.0,4.0,1.0,3.0,2.0,4.0,4.556666666666667,4.333333333333333,4.0,5.446666666666666,4.333333333333333,4.163333333333333,3.3333333333333335
,20.0,770.0,5.0,2.0,50.0,68.6,,,,0.0,73.0,1.0,1.0,1.0,1.0,14.0,1.0,1.0,4.0,2.0,,5.33,6.0,5.67,6.33,4.67,6.0,4.0
1.0,1020.0,7380.0,1.0,1.0,60.0,87.9,97883.49087,26.0,55.0,52.0,58.0,1.0,1.0,1.0,1.0,17.0,3.0,1.0,6.0,2.0,,5.0,5.0,4.67,4.33,5.0,5.0,4.0
,5810.0,8090.0,5.0,2.0,37.0,32.6,,,,0.0,69.0,2.0,1.0,1.0,1.0,12.0,1.0,1.0,2.0,2.0,,2.0,2.0,1.67,3.67,4.33,2.83,2.0
,3256.0,8190.0,5.0,2.0,69.0,88.6,,,,0.0,76.0,1.0,1.0,1.0,1.0,20.0,4.0,1.0,2.0,2.0,4.0,4.67,4.0,4.0,5.0,5.33,4.0,5.0
1.0,4510.0,8980.0,1.0,1.0,36.0,24.6,,,35.0,45.0,58.0,2.0,1.0,1.0,1.0,14.0,0.0,1.0,2.0,2.0,,4.0,5.0,2.67,6.33,2.0,3.17,3.0
,160.0,3580.0,5.0,2.0,44.0,52.5,16335.0,18.0,,24.0,64.0,2.0,1.0,1.0,1.0,12.0,1.0,1.0,3.0,2.0,4.0,4.44,5.22,4.22,5.33,4.78,5.17,4.0
,5700.0,9370.0,5.0,2.0,47.0,38.8,726.0,2.0,,16.0,69.0,2.0,1.0,1.0,1.0,12.0,1.0,2.0,2.0,2.0,4.0,3.3325,3.0,2.9175,5.0825,4.8325,3.6225,2.5
,8220.0,2370.0,5.0,2.0,44.0,25.1,,,,0.0,68.0,2.0,1.0,1.0,1.0,14.0,1.0,1.0,2.0,2.0,,,,,,,,
,4110.0,8680.0,6.0,2.0,31.0,19.6,2722.5,7.0,,30.0,18.0,1.0,1.0,1.0,1.0,11.0,0.0,5.0,0.0,2.0,4.0,2.33,2.33,2.0,6.0,3.33,2.0,2.0
2.0,205.0,180.0,2.0,1.0,46.0,39.9,19965.0,19.0,30.0,4.0,85.0,1.0,1.0,1.0,1.0,13.0,1.0,2.0,4.0,2.0,,4.89,5.22,4.44,4.66,3.22,4.67,4.0
,2310.0,7860.0,5.0,2.0,61.0,80.9,13612.5,17.0,,0.0,74.0,2.0,2.0,1.0,1.0,16.0,3.0,5.0,0.0,2.0,1.0,5.333333333333333,5.33,4.22,6.22,4.22,4.78,4.0
2.0,2100.0,7270.0,1.0,2.0,69.0,91.1,97883.49087,26.0,40.0,51.0,38.0,1.0,1.0,1.0,2.0,20.0,4.0,4.0,1.0,2.0,4.0,6.0,6.0,6.33,4.0,4.33,6.0,5.0
2.0,9150.0,4670.0,2.0,2.0,30.0,24.0,181.5,1.0,6.0,1.0,85.0,1.0,1.0,1.0,1.0,12.0,1.0,1.0,4.0,2.0,,,,,,,,
2.0,3610.0,8270.0,2.0,2.0,51.0,71.1,4083.75,9.0,8.0,42.0,40.0,1.0,1.0,1.0,1.0,20.0,4.0,1.0,3.0,2.0,,4.835,4.5,2.67,5.5,4.835,4.33,3.0
1.0,2100.0,9370.0,1.0,2.0,69.0,91.1,,,40.0,52.0,31.0,2.0,1.0,1.0,1.0,16.0,4.0,1.0,1.0,2.0,2.0,6.0,6.0,6.33,4.0,4.33,6.0,5.0
,2310.0,7860.0,5.0,2.0,61.0,80.9,24502.5,20.0,,0.0,71.0,2.0,1.0,1.0,1.0,16.0,4.0,5.0,0.0,2.0,4.0,5.333333333333333,5.33,4.22,6.22,4.22,4.78,4.0
2.0,300.0,3490.0,1.0,2.0,62.0,89.1,97883.49087,26.0,32.0,52.0,33.0,1.0,1.0,1.0,1.0,17.0,4.0,1.0,2.0,2.0,,6.335,6.0,5.33,3.665,4.335,6.085,4.5
3.0,2320.0,7860.0,1.0,2.0,64.0,82.5,43560.0,23.0,0.0,52.0,55.0,2.0,1.0,1.0,1.0,16.0,4.0,3.0,2.0,2.0,,5.5,5.165,4.165,6.5,4.5,5.08,4.0
,2100.0,9470.0,5.0,2.0,69.0,91.1,58080.0,25.0,,22.0,60.0,1.0,1.0,1.0,1.0,20.0,4.0,1.0,0.0,2.0,2.0,6.0,6.0,6.33,4.0,4.33,6.0,5.0
2.0,2310.0,7860.0,7.0,2.0,61.0,80.9,181.5,1.0,,2.0,44.0,2.0,1.0,1.0,1.0,19.0,3.0,1.0,2.0,2.0,,5.333333333333333,5.33,4.22,6.22,4.22,4.78,4.0
1.0,725.0,7780.0,1.0,1.0,49.0,62.1,19965.0,19.0,40.0,52.0,51.0,2.0,2.0,1.0,1.0,16.0,3.0,1.0,2.0,2.0,,5.0,5.33,5.0,6.33,3.33,4.83,4.0
,4700.0,4870.0,5.0,2.0,38.0,43.0,,,,0.0,70.0,1.0,1.0,1.0,1.0,18.0,4.0,1.0,3.0,2.0,4.0,3.67,4.67,3.67,4.33,4.0,4.0,2.0
2.0,2320.0,7860.0,3.0,2.0,64.0,82.5,29947.5,21.0,,52.0,39.0,1.0,1.0,1.0,1.0,16.0,4.0,1.0,1.0,2.0,1.0,5.5,5.165,4.165,6.5,4.5,5.08,4.0
2.0,2310.0,7860.0,1.0,2.0,61.0,80.9,29947.5,21.0,50.0,52.0,42.0,1.0,1.0,1.0,1.0,18.0,4.0,1.0,2.0,2.0,,5.333333333333333,5.33,4.22,6.22,4.22,4.78,4.0
1.0,2340.0,7890.0,2.0,2.0,38.0,59.1,1633.5,4.0,20.0,48.0,51.0,2.0,1.0,1.0,1.0,16.0,3.0,4.0,5.0,2.0,,5.0,5.446666666666666,4.11,6.0,3.0,4.28,3.5
1.0,3060.0,8190.0,1.0,2.0,80.0,92.8,24502.5,20.0,50.0,52.0,33.0,1.0,1.0,1.0,1.0,16.0,4.0,1.0,2.0,2.0,,6.155882352941177,5.96,6.077058823529412,5.587647058823529,5.0194117647058825,5.676470588235294,5.0
1.0,5510.0,6380.0,1.0,2.0,29.0,39.9,36300.0,22.0,50.0,52.0,45.0,2.0,1.0,1.0,1.0,14.0,2.0,1.0,3.0,2.0,,2.0,2.67,2.0,4.0,4.0,2.67,2.0
1.0,1300.0,7290.0,2.0,1.0,73.0,84.0,43560.0,23.0,25.0,30.0,73.0,1.0,1.0,1.0,1.0,17.0,3.0,1.0,2.0,2.0,4.0,5.335,5.835,5.17,3.5,3.665,5.335,4.5
1.0,4220.0,7690.0,7.0,2.0,24.0,20.7,,,,0.0,40.0,2.0,1.0,1.0,1.0,16.0,3.0,1.0,2.0,2.0,4.0,1.67,2.0,1.33,4.33,3.0,2.0,3.0
3.0,7200.0,8770.0,4.0,1.0,45.0,31.2,,,,0.0,19.0,1.0,1.0,1.0,1.0,12.0,1.0,5.0,0.0,2.0,4.0,3.67,4.33,3.0,3.83,4.33,3.58,3.0
2.0,2310.0,7860.0,1.0,2.0,61.0,80.9,29947.5,21.0,40.0,38.0,37.0,2.0,1.0,1.0,1.0,18.0,4.0,1.0,1.0,2.0,1.0,5.333333333333333,5.33,4.22,6.22,4.22,4.78,4.0
2.0,3160.0,8190.0,2.0,2.0,65.0,87.3,16335.0,18.0,25.0,52.0,39.0,2.0,1.0,1.0,1.0,19.0,4.0,1.0,1.0,2.0,,5.67,5.33,5.67,6.67,4.67,5.33,5.0
1.0,410.0,7070.0,1.0,1.0,41.0,54.6,97883.49087,26.0,60.0,52.0,41.0,1.0,1.0,1.0,1.0,16.0,3.0,1.0,2.0,2.0,4.0,5.0,5.67,4.33,4.33,3.67,4.83,4.0
,430.0,7670.0,6.0,2.0,39.0,67.7,1996.5,5.0,,52.0,19.0,2.0,1.0,1.0,1.0,14.0,1.0,5.0,0.0,2.0,4.0,5.5,5.29125,4.875,4.8325,4.375,5.04125,4.0
,8220.0,3190.0,1.0,2.0,44.0,25.1,24502.5,20.0,40.0,51.0,36.0,1.0,1.0,1.0,1.0,14.0,1.0,1.0,2.0,2.0,4.0,,,,,,,
1.0,8965.0,2980.0,1.0,2.0,35.0,26.8,9982.5,15.0,40.0,30.0,36.0,1.0,1.0,1.0,1.0,12.0,1.0,5.0,0.0,2.0,4.0,3.0,3.443333333333334,2.776666666666667,3.556666666666666,4.556666666666667,3.276666666666667,2.0
,5550.0,6370.0,5.0,2.0,45.0,58.4,3267.0,8.0,,30.0,69.0,1.0,1.0,1.0,1.0,13.0,1.0,2.0,1.0,2.0,4.0,2.33,3.0,2.67,3.67,4.0,3.5,2.0
2.0,8650.0,2170.0,1.0,2.0,27.0,27.7,29947.5,21.0,48.0,52.0,45.0,1.0,1.0,1.0,1.0,12.0,1.0,1.0,3.0,2.0,4.0,2.1133333333333333,2.556666666666666,2.1133333333333333,3.6633333333333336,4.776666666666666,2.5533333333333332,2.0
2.0,2630.0,7390.0,1.0,2.0,46.0,61.4,24502.5,20.0,45.0,50.0,31.0,2.0,1.0,1.0,1.0,16.0,4.0,5.0,0.0,2.0,,5.24,5.048571428571429,3.954285714285714,4.428571428571429,3.238571428571429,4.3342857142857145,3.5714285714285716
1.0,7700.0,3580.0,1.0,2.0,50.0,46.5,43560.0,23.0,55.0,52.0,28.0,2.0,1.0,1.0,2.0,17.0,4.0,5.0,0.0,2.0,,5.0,5.67,4.67,5.0,5.33,4.67,3.0
,430.0,7390.0,1.0,2.0,39.0,67.7,,,40.0,45.0,22.0,1.0,1.0,2.0,1.0,16.0,3.0,5.0,0.0,2.0,4.0,5.5,5.29125,4.875,4.8325,4.375,5.04125,4.0
1.0,710.0,7580.0,1.0,2.0,51.0,78.3,24502.5,20.0,40.0,50.0,26.0,1.0,1.0,1.0,1.0,16.0,3.0,5.0,0.0,2.0,,5.33,5.33,5.0,6.0,3.67,5.17,4.0
3.0,4530.0,7070.0,1.0,2.0,29.0,29.5,13612.5,17.0,50.0,52.0,23.0,1.0,1.0,1.0,1.0,16.0,3.0,5.0,0.0,2.0,4.0,2.67,3.83,2.17,6.0,4.0,3.165,2.0
1.0,8740.0,8770.0,1.0,2.0,39.0,38.1,11797.5,16.0,40.0,46.0,78.0,1.0,1.0,1.0,1.0,16.0,3.0,1.0,3.0,4.0,,2.33,2.33,1.67,3.0,4.33,2.83,2.0
3.0,950.0,6890.0,1.0,2.0,39.0,64.4,16335.0,18.0,50.0,50.0,38.0,2.0,3.0,5.0,1.0,15.0,2.0,5.0,0.0,4.0,4.0,5.0,5.33,4.665,4.33,4.5,5.0,4.25
,5620.0,4970.0,5.0,2.0,25.0,23.8,,,,0.0,61.0,1.0,2.0,1.0,1.0,12.0,1.0,4.0,7.0,4.0,4.0,2.0,2.83,1.83,4.5,4.25,2.29,2.0
2.0,7340.0,7070.0,1.0,2.0,44.0,36.4,19965.0,19.0,40.0,52.0,39.0,1.0,2.0,1.0,1.0,17.0,3.0,5.0,0.0,4.0,,3.33,4.0,2.67,4.0,5.0,3.67,3.0
1.0,4760.0,4970.0,1.0,2.0,31.0,39.7,4083.75,9.0,40.0,40.0,20.0,1.0,1.0,,1.0,12.0,0.0,5.0,0.0,4.0,4.0,3.0,3.0,2.67,5.0,4.0,2.33,2.0
,,,8.0,,,,,,,0.0,,,2.0,1.0,,,0.0,2.0,,4.0,4.0,,,,,,,
3.0,4030.0,8680.0,1.0,2.0,21.0,13.6,,,35.0,,31.0,2.0,2.0,5.0,2.0,12.0,,5.0,2.0,4.0,,1.67,1.67,1.67,4.67,4.67,2.0,2.0
1.0,4110.0,8680.0,7.0,2.0,31.0,19.6,,,,0.0,20.0,2.0,3.0,5.0,2.0,8.0,0.0,5.0,1.0,4.0,4.0,2.33,2.33,2.0,6.0,3.33,2.0,2.0
1.0,9130.0,6380.0,3.0,1.0,35.0,32.0,3267.0,8.0,,0.0,33.0,2.0,3.0,2.0,1.0,11.0,0.0,4.0,7.0,4.0,4.0,2.223333333333333,3.6666666666666665,2.11,2.8866666666666667,4.556666666666667,3.056666666666666,2.0
2.0,4220.0,7460.0,4.0,2.0,24.0,20.7,,,,4.0,39.0,2.0,3.0,5.0,2.0,12.0,1.0,1.0,4.0,4.0,4.0,1.67,2.0,1.33,4.33,3.0,2.0,3.0
4.0,120.0,7570.0,1.0,2.0,53.0,69.3,97883.49087,26.0,40.0,49.0,48.0,2.0,1.0,1.0,1.0,18.0,4.0,1.0,0.0,4.0,,5.5,5.835,5.335,4.5,5.165,5.915,4.0
,5860.0,9370.0,5.0,2.0,32.0,35.8,,,,0.0,67.0,2.0,1.0,1.0,1.0,19.0,3.0,1.0,0.0,4.0,,2.33,2.67,2.33,5.67,4.33,2.5,2.0
1.0,6260.0,770.0,1.0,2.0,28.0,25.2,,,30.0,20.0,45.0,1.0,3.0,5.0,2.0,12.0,1.0,3.0,2.0,4.0,4.0,2.33,2.67,1.67,4.0,4.33,3.17,2.0
2.0,430.0,2190.0,3.0,2.0,39.0,67.7,50820.0,24.0,,52.0,33.0,2.0,3.0,1.0,1.0,16.0,4.0,1.0,2.0,4.0,4.0,5.5,5.29125,4.875,4.8325,4.375,5.04125,4.0
3.0,630.0,7580.0,1.0,2.0,47.0,65.3,36300.0,22.0,40.0,52.0,32.0,1.0,1.0,1.0,1.0,15.0,1.0,1.0,0.0,4.0,4.0,4.556666666666667,4.333333333333333,4.0,5.446666666666666,4.333333333333333,4.163333333333333,3.3333333333333335
,,,7.0,,,,,,,0.0,31.0,2.0,3.0,5.0,2.0,9.0,0.0,5.0,4.0,4.0,4.0,,,,,,,
3.0,4230.0,7690.0,7.0,2.0,25.0,12.6,,,,0.0,71.0,2.0,3.0,2.0,2.0,4.0,0.0,3.0,8.0,4.0,4.0,1.67,2.0,1.0,5.33,2.67,1.67,2.0
2.0,3630.0,8990.0,1.0,1.0,36.0,37.8,13612.5,17.0,17.0,50.0,59.0,2.0,1.0,1.0,1.0,16.0,3.0,5.0,0.0,4.0,,3.67,4.67,3.33,5.33,3.0,3.5,3.0
2.0,2200.0,7870.0,1.0,2.0,74.0,84.5,24502.5,20.0,40.0,44.0,36.0,1.0,1.0,1.0,1.0,17.0,4.0,3.0,0.0,4.0,,5.658888888888889,5.612222222222222,5.184722222222223,5.074166666666667,3.1766666666666667,5.342777777777778,4.944444444444445
2.0,420.0,9170.0,1.0,2.0,52.0,67.8,24502.5,20.0,40.0,52.0,30.0,2.0,1.0,1.0,1.0,16.0,4.0,5.0,0.0,4.0,4.0,5.33,5.67,5.0,6.33,4.33,5.5,4.0
2.0,5940.0,9390.0,2.0,2.0,17.0,45.3,181.5,1.0,20.0,5.0,64.0,2.0,1.0,1.0,1.0,16.0,3.0,1.0,2.0,4.0,,,,,,,,
2.0,7200.0,8770.0,1.0,2.0,45.0,31.2,9982.5,15.0,40.0,50.0,21.0,1.0,1.0,2.0,1.0,14.0,1.0,5.0,0.0,4.0,,3.67,4.33,3.0,3.83,4.33,3.58,3.0
1.0,800.0,4970.0,7.0,2.0,60.0,76.3,,,,0.0,37.0,2.0,1.0,1.0,1.0,16.0,3.0,1.0,2.0,4.0,4.0,5.0,5.0,4.67,4.67,4.67,4.5,4.0
1.0,2400.0,9370.0,1.0,2.0,55.0,70.4,29947.5,21.0,40.0,52.0,44.0,1.0,1.0,1.0,1.0,20.0,4.0,1.0,4.0,4.0,,5.003333333333333,5.11,4.333333333333333,4.333333333333333,3.5533333333333332,4.386666666666667,4.666666666666667
2.0,9130.0,770.0,1.0,2.0,35.0,32.0,24502.5,20.0,55.0,51.0,,1.0,1.0,1.0,1.0,13.0,2.0,5.0,0.0,4.0,4.0,2.223333333333333,3.6666666666666665,2.11,2.8866666666666667,4.556666666666667,3.056666666666666,2.0
2.0,430.0,7390.0,1.0,2.0,39.0,67.7,36300.0,22.0,77.0,52.0,33.0,2.0,1.0,1.0,1.0,16.0,3.0,5.0,0.0,4.0,,5.5,5.29125,4.875,4.8325,4.375,5.04125,4.0
1.0,8255.0,5480.0,2.0,2.0,36.0,31.1,7713.75,13.0,20.0,40.0,77.0,2.0,1.0,1.0,1.0,18.0,4.0,3.0,3.0,4.0,4.0,3.33,3.0,3.0,2.33,4.0,3.0,2.0
,3930.0,7680.0,2.0,2.0,34.0,34.7,,,,0.0,,2.0,1.0,1.0,1.0,14.0,1.0,5.0,2.0,4.0,4.0,3.665,4.835,3.165,3.835,5.165,3.335,2.0
2.0,5000.0,7070.0,7.0,2.0,46.0,52.0,,,,6.0,75.0,2.0,1.0,1.0,1.0,17.0,3.0,2.0,3.0,4.0,4.0,4.33,5.33,4.33,5.33,5.67,4.83,3.0
2.0,6230.0,770.0,1.0,1.0,44.0,28.7,,,60.0,50.0,51.0,1.0,1.0,2.0,2.0,6.0,0.0,1.0,3.0,4.0,4.0,3.67,4.33,2.83,3.0,4.83,3.83,2.0
1.0,2540.0,7860.0,1.0,2.0,48.0,26.1,58080.0,25.0,30.0,46.0,53.0,2.0,1.0,1.0,1.0,14.0,1.0,3.0,0.0,4.0,1.0,,,,,,,3.0
1.0,6440.0,770.0,1.0,2.0,43.0,36.2,29947.5,21.0,40.0,30.0,37.0,1.0,1.0,1.0,1.0,17.0,1.0,1.0,1.0,4.0,4.0,2.915,4.0,2.665,4.335,4.75,3.455,2.5
,4200.0,8190.0,8.0,2.0,37.0,33.2,,,,20.0,73.0,1.0,1.0,1.0,1.0,15.0,1.0,3.0,2.0,4.0,4.0,3.67,5.67,3.33,3.67,5.0,3.83,2.0
,,,6.0,,,,,,,0.0,31.0,2.0,1.0,2.0,1.0,16.0,3.0,5.0,2.0,4.0,4.0,,,,,,,
3.0,4150.0,7670.0,1.0,1.0,33.0,22.4,9982.5,15.0,40.0,40.0,35.0,1.0,3.0,2.0,1.0,17.0,3.0,1.0,3.0,4.0,4.0,2.67,2.33,2.33,5.0,3.0,2.5,2.0
,430.0,9370.0,5.0,2.0,39.0,67.7,,,,0.0,,1.0,3.0,1.0,1.0,19.0,4.0,1.0,1.0,4.0,,5.5,5.29125,4.875,4.8325,4.375,5.04125,4.0
2.0,,9370.0,1.0,2.0,,,,,50.0,52.0,,1.0,,,1.0,16.0,3.0,1.0,,4.0,4.0,,,,,,,
,,,6.0,2.0,,,,,,,20.0,2.0,3.0,1.0,1.0,15.0,1.0,5.0,0.0,4.0,,,,,,,,
1.0,1010.0,7380.0,1.0,2.0,63.0,81.0,43560.0,23.0,32.0,52.0,44.0,2.0,1.0,1.0,1.0,20.0,4.0,1.0,1.0,4.0,4.0,5.67,5.0,4.33,2.33,5.0,5.5,4.0
,,,6.0,,,,,,,30.0,30.0,1.0,3.0,1.0,2.0,20.0,4.0,5.0,0.0,4.0,4.0,,,,,,,
1.0,430.0,7380.0,1.0,2.0,39.0,67.7,97883.49087,26.0,48.0,49.0,39.0,1.0,1.0,1.0,1.0,15.0,2.0,1.0,2.0,4.0,,5.5,5.29125,4.875,4.8325,4.375,5.04125,4.0
3.0,430.0,7380.0,7.0,2.0,39.0,67.7,97883.49087,26.0,,12.0,35.0,2.0,3.0,1.0,2.0,16.0,3.0,1.0,0.0,4.0,,5.5,5.29125,4.875,4.8325,4.375,5.04125,4.0
,1360.0,3580.0,5.0,1.0,65.0,85.2,,,,0.0,89.0,1.0,1.0,2.0,1.0,18.0,3.0,3.0,5.0,4.0,4.0,5.33,5.5,5.33,4.0,5.0,5.25,4.0
1.0,1020.0,3390.0,1.0,2.0,60.0,87.9,43560.0,23.0,40.0,36.0,46.0,1.0,3.0,1.0,2.0,16.0,3.0,1.0,1.0,4.0,4.0,5.0,5.0,4.67,4.33,5.0,5.0,4.0
,3160.0,8190.0,5.0,2.0,65.0,87.3,,,,0.0,72.0,2.0,1.0,1.0,2.0,16.0,3.0,3.0,2.0,4.0,4.0,5.67,5.33,5.67,6.67,4.67,5.33,5.0
,4520.0,8990.0,5.0,1.0,30.0,20.1,,,,0.0,50.0,2.0,1.0,1.0,1.0,12.0,1.0,3.0,2.0,4.0,,3.085,3.2525,2.75,5.085,2.915,2.835,2.5
,5000.0,7070.0,5.0,2.0,46.0,52.0,,,,0.0,71.0,2.0,1.0,2.0,1.0,12.0,1.0,2.0,3.0,4.0,4.0,4.33,5.33,4.33,5.33,5.67,4.83,3.0
,6260.0,770.0,5.0,2.0,28.0,25.2,,,,0.0,85.0,1.0,1.0,1.0,1.0,14.0,1.0,1.0,1.0,4.0,3.0,2.33,2.67,1.67,4.0,4.33,3.17,2.0
2.0,3630.0,7970.0,7.0,2.0,36.0,37.8,,,,0.0,45.0,2.0,1.0,1.0,1.0,16.0,3.0,3.0,0.0,4.0,4.0,3.67,4.67,3.33,5.33,3.0,3.5,3.0
,5600.0,7870.0,5.0,2.0,40.0,49.4,,,,0.0,70.0,2.0,1.0,1.0,1.0,16.0,3.0,1.0,2.0,4.0,4.0,4.0,5.33,3.0,4.33,4.67,4.5,2.0
,4700.0,5570.0,5.0,2.0,38.0,43.0,,,,0.0,82.0,2.0,1.0,1.0,1.0,12.0,1.0,3.0,2.0,4.0,4.0,3.67,4.67,3.67,4.33,4.0,4.0,2.0
1.0,3255.0,8180.0,1.0,2.0,64.0,84.2,43560.0,23.0,40.0,50.0,60.0,1.0,1.0,1.0,1.0,16.0,3.0,1.0,0.0,4.0,,5.3340000000000005,4.934,4.8,6.066,5.734,5.1,4.4
,3010.0,7980.0,5.0,1.0,72.0,92.1,,,,0.0,85.0,1.0,1.0,1.0,1.0,16.0,4.0,2.0,3.0,4.0,4.0,5.9175,6.4175,5.75,6.0,4.1675,5.75,5.0
2.0,3600.0,8370.0,7.0,2.0,48.0,24.2,,,,0.0,40.0,2.0,1.0,1.0,1.0,17.0,3.0,3.0,1.0,4.0,4.0,2.915,3.0,2.3325,5.0825,4.6675,3.125,2.25
2.0,2100.0,7270.0,1.0,1.0,69.0,91.1,97883.49087,26.0,55.0,52.0,44.0,1.0,1.0,1.0,1.0,19.0,4.0,1.0,0.0,4.0,4.0,6.0,6.0,6.33,4.0,4.33,6.0,5.0
,9830.0,9870.0,6.0,2.0,62.0,50.4,19965.0,19.0,,26.0,36.0,1.0,2.0,1.0,1.0,14.0,2.0,1.0,4.0,4.0,4.0,,,,,,,
,2830.0,6470.0,5.0,2.0,51.0,73.4,,,,0.0,79.0,1.0,1.0,1.0,1.0,12.0,1.0,1.0,1.0,4.0,,5.33,6.0,5.0,4.33,4.0,4.33,4.0
1.0,3300.0,8090.0,1.0,2.0,61.0,60.5,16335.0,18.0,40.0,52.0,45.0,1.0,2.0,1.0,1.0,14.0,2.0,1.0,8.0,4.0,,4.6675,4.6675,4.0024999999999995,3.665,4.75,4.04,3.8333333333333335
2.0,3255.0,8190.0,1.0,2.0,64.0,84.2,36300.0,22.0,36.0,36.0,39.0,2.0,1.0,1.0,1.0,20.0,3.0,5.0,0.0,4.0,,5.3340000000000005,4.934,4.8,6.066,5.734,5.1,4.4
1.0,2540.0,7860.0,1.0,2.0,48.0,26.1,1270.5,3.0,30.0,2.0,46.0,2.0,1.0,1.0,1.0,12.0,1.0,5.0,3.0,4.0,,,,,,,,3.0
1.0,10.0,8380.0,1.0,2.0,72.0,77.4,36300.0,22.0,55.0,52.0,63.0,2.0,1.0,1.0,1.0,16.0,3.0,1.0,2.0,4.0,4.0,6.5,6.835,6.5,5.0,4.33,6.33,5.0
,120.0,5270.0,5.0,2.0,53.0,69.3,726.0,2.0,,,58.0,2.0,1.0,1.0,1.0,18.0,4.0,3.0,2.0,4.0,4.0,5.5,5.835,5.335,4.5,5.165,5.915,4.0
,4840.0,6170.0,5.0,1.0,43.0,61.2,29947.5,21.0,,30.0,68.0,2.0,1.0,1.0,1.0,13.0,1.0,3.0,1.0,4.0,4.0,5.17,5.08,4.42,4.75,4.42,5.17,3.0
,2310.0,7860.0,5.0,2.0,61.0,80.9,,,,0.0,80.0,2.0,1.0,1.0,1.0,17.0,3.0,1.0,2.0,4.0,4.0,5.333333333333333,5.33,4.22,6.22,4.22,4.78,4.0
1.0,2310.0,7860.0,7.0,2.0,61.0,80.9,,,,0.0,77.0,2.0,1.0,1.0,1.0,12.0,1.0,2.0,1.0,4.0,4.0,5.333333333333333,5.33,4.22,6.22,4.22,4.78,4.0
2.0,3930.0,7680.0,3.0,2.0,34.0,34.7,7713.75,13.0,,20.0,32.0,2.0,3.0,2.0,1.0,17.0,1.0,5.0,0.0,4.0,4.0,3.665,4.835,3.165,3.835,5.165,3.335,2.0
2.0,3255.0,8190.0,3.0,2.0,64.0,84.2,36300.0,22.0,,52.0,39.0,1.0,1.0,1.0,1.0,18.0,3.0,1.0,1.0,4.0,1.0,5.3340000000000005,4.934,4.8,6.066,5.734,5.1,4.4
1.0,1105.0,5080.0,1.0,2.0,61.0,74.8,50820.0,24.0,50.0,52.0,37.0,2.0,1.0,1.0,1.0,18.0,4.0,3.0,0.0,4.0,,4.67,4.33,4.67,4.0,5.33,5.5,4.0
,2010.0,9570.0,5.0,2.0,54.0,62.9,,,,0.0,79.0,1.0,1.0,1.0,1.0,18.0,4.0,3.0,3.0,4.0,,5.890000000000001,5.4433333333333325,4.0,6.446666666666666,4.67,4.886666666666667,4.666666666666667
,3255.0,8190.0,5.0,2.0,64.0,84.2,,,,0.0,83.0,2.0,1.0,1.0,1.0,15.0,2.0,1.0,4.0,4.0,4.0,5.3340000000000005,4.934,4.8,6.066,5.734,5.1,4.4
1.0,4950.0,5690.0,7.0,1.0,21.0,32.6,13612.5,17.0,,17.0,60.0,1.0,1.0,1.0,1.0,14.0,2.0,5.0,0.0,4.0,4.0,3.67,3.67,2.0,5.0,2.0,2.5,2.0
1.0,220.0,770.0,1.0,2.0,53.0,59.1,24502.5,20.0,40.0,52.0,80.0,2.0,1.0,1.0,1.0,12.0,1.0,3.0,1.0,4.0,,5.33,5.67,4.67,5.0,5.33,5.83,4.0
2.0,5400.0,4870.0,7.0,2.0,38.0,25.7,,,,0.0,65.0,2.0,1.0,1.0,1.0,15.0,1.0,1.0,2.0,4.0,4.0,3.0,3.0,2.33,5.67,4.0,2.67,2.0
2.0,2630.0,770.0,1.0,1.0,46.0,61.4,,,50.0,50.0,42.0,1.0,1.0,1.0,1.0,17.0,3.0,1.0,2.0,4.0,,5.24,5.048571428571429,3.954285714285714,4.428571428571429,3.238571428571429,4.3342857142857145,3.5714285714285716
,2430.0,6770.0,5.0,2.0,55.0,77.2,,,,0.0,89.0,2.0,1.0,1.0,1.0,18.0,4.0,5.0,0.0,4.0,4.0,4.67,5.17,3.67,5.83,4.17,5.42,5.0
,2100.0,7270.0,5.0,2.0,69.0,91.1,,,,0.0,64.0,2.0,1.0,1.0,1.0,16.0,4.0,1.0,2.0,4.0,4.0,6.0,6.0,6.33,4.0,4.33,6.0,5.0
4.0,6720.0,7790.0,7.0,2.0,47.0,34.8,11797.5,16.0,,24.0,34.0,1.0,1.0,1.0,1.0,16.0,4.0,1.0,1.0,4.0,4.0,2.67,3.67,2.33,3.67,6.33,3.17,3.0
1.0,9120.0,7860.0,1.0,2.0,35.0,31.6,24502.5,20.0,40.0,36.0,67.0,2.0,1.0,1.0,1.0,14.0,1.0,1.0,4.0,4.0,1.0,3.0,4.33,2.0,5.0,5.0,3.0,2.0
,1006.0,7380.0,5.0,2.0,65.0,80.7,,,,0.0,76.0,2.0,1.0,1.0,1.0,16.0,3.0,1.0,0.0,4.0,,5.0,5.0,4.835,4.17,4.665,4.835,4.0
1.0,7340.0,4890.0,1.0,2.0,44.0,36.4,36300.0,22.0,55.0,52.0,27.0,1.0,1.0,1.0,1.0,12.0,1.0,5.0,0.0,4.0,4.0,3.33,4.0,2.67,4.0,5.0,3.67,3.0
1.0,7320.0,5380.0,4.0,2.0,35.0,33.9,,,,0.0,41.0,1.0,1.0,1.0,1.0,14.0,1.0,4.0,2.0,4.0,4.0,3.33,4.67,2.33,3.0,4.33,4.0,2.0
1.0,1360.0,7290.0,1.0,2.0,65.0,85.2,43560.0,23.0,43.0,52.0,53.0,1.0,1.0,1.0,1.0,17.0,3.0,1.0,0.0,4.0,4.0,5.33,5.5,5.33,4.0,5.0,5.25,4.0
1.0,7700.0,3990.0,1.0,2.0,50.0,46.5,29947.5,21.0,66.0,52.0,55.0,1.0,1.0,1.0,1.0,13.0,1.0,1.0,2.0,4.0,,5.0,5.67,4.67,5.0,5.33,4.67,3.0
1.0,4600.0,9290.0,2.0,2.0,35.0,21.8,,,38.0,45.0,46.0,2.0,1.0,1.0,1.0,14.0,1.0,1.0,3.0,4.0,4.0,4.0,4.5,2.5,6.0,3.0,3.33,2.0
2.0,6200.0,770.0,4.0,2.0,49.0,46.0,36300.0,22.0,,52.0,40.0,1.0,1.0,1.0,1.0,14.0,1.0,5.0,4.0,4.0,1.0,5.335,5.67,4.83,4.665,4.335,4.915,3.0
2.0,205.0,170.0,1.0,1.0,46.0,39.9,4083.75,9.0,60.0,42.0,47.0,2.0,3.0,1.0,1.0,16.0,3.0,1.0,0.0,4.0,4.0,4.89,5.22,4.44,4.66,3.22,4.67,4.0
1.0,4200.0,7690.0,2.0,1.0,37.0,33.2,43560.0,23.0,20.0,45.0,36.0,2.0,1.0,1.0,1.0,14.0,1.0,1.0,3.0,4.0,4.0,3.67,5.67,3.33,3.67,5.0,3.83,2.0
1.0,2310.0,7860.0,7.0,2.0,61.0,80.9,,,,0.0,35.0,2.0,1.0,1.0,1.0,16.0,3.0,1.0,3.0,4.0,,5.333333333333333,5.33,4.22,6.22,4.22,4.78,4.0
1.0,5700.0,7280.0,4.0,1.0,47.0,38.8,2359.5,6.0,,52.0,42.0,2.0,,,1.0,16.0,3.0,5.0,2.0,4.0,4.0,3.3325,3.0,2.9175,5.0825,4.8325,3.6225,2.5
1.0,2630.0,7370.0,1.0,2.0,46.0,61.4,19965.0,19.0,50.0,52.0,72.0,1.0,1.0,1.0,1.0,14.0,1.0,3.0,3.0,3.0,4.0,5.24,5.048571428571429,3.954285714285714,4.428571428571429,3.238571428571429,4.3342857142857145,3.5714285714285716
2.0,4720.0,8690.0,4.0,2.0,28.0,21.6,5898.75,11.0,,52.0,45.0,2.0,1.0,1.0,1.0,10.0,1.0,5.0,4.0,3.0,4.0,2.5,2.835,2.0,4.5,4.0,2.335,2.0
1.0,4040.0,8680.0,2.0,2.0,32.0,26.9,16335.0,18.0,20.0,50.0,70.0,1.0,1.0,1.0,1.0,16.0,3.0,1.0,1.0,3.0,2.0,2.33,4.0,2.67,5.33,3.33,2.33,2.0
2.0,4840.0,6680.0,1.0,2.0,43.0,61.2,36300.0,22.0,40.0,52.0,27.0,1.0,1.0,1.0,1.0,14.0,1.0,5.0,0.0,3.0,4.0,5.17,5.08,4.42,4.75,4.42,5.17,3.0
2.0,50.0,7690.0,1.0,2.0,53.0,73.9,19965.0,19.0,60.0,52.0,25.0,1.0,1.0,1.0,1.0,15.0,2.0,5.0,0.0,3.0,,5.665,5.67,5.0,4.835,5.165,5.835,4.0
1.0,2340.0,7890.0,1.0,2.0,38.0,59.1,24502.5,20.0,40.0,42.0,53.0,2.0,1.0,1.0,1.0,18.0,4.0,1.0,4.0,3.0,4.0,5.0,5.446666666666666,4.11,6.0,3.0,4.28,3.5
1.0,60.0,9370.0,1.0,2.0,52.0,82.4,58080.0,25.0,50.0,52.0,52.0,2.0,1.0,1.0,1.0,19.0,4.0,1.0,2.0,3.0,,,,,,,,4.0
2.0,5000.0,7470.0,1.0,2.0,46.0,52.0,97883.49087,26.0,40.0,52.0,32.0,1.0,1.0,1.0,1.0,16.0,4.0,1.0,1.0,3.0,,4.33,5.33,4.33,5.33,5.67,4.83,3.0
,1020.0,7380.0,5.0,2.0,60.0,87.9,,,,0.0,74.0,1.0,1.0,1.0,1.0,12.0,1.0,1.0,1.0,3.0,4.0,5.0,5.0,4.67,4.33,5.0,5.0,4.0
1.0,220.0,770.0,1.0,2.0,53.0,59.1,24502.5,20.0,40.0,50.0,24.0,1.0,1.0,1.0,1.0,12.0,1.0,5.0,0.0,3.0,,5.33,5.67,4.67,5.0,5.33,5.83,4.0
1.0,4920.0,7070.0,1.0,2.0,49.0,56.9,7713.75,13.0,40.0,48.0,30.0,1.0,1.0,1.0,1.0,16.0,3.0,5.0,0.0,3.0,4.0,5.0,5.165,4.33,5.0,3.5,4.5,3.5
2.0,3800.0,9470.0,1.0,2.0,40.0,45.1,24502.5,20.0,40.0,52.0,30.0,1.0,1.0,1.0,1.0,16.0,3.0,5.0,0.0,3.0,4.0,3.665,4.17,3.165,5.165,5.335,3.415,2.5
3.0,5240.0,8180.0,1.0,2.0,31.0,37.6,19965.0,19.0,40.0,50.0,31.0,1.0,2.0,1.0,1.0,12.0,1.0,5.0,1.0,3.0,4.0,3.835,4.0,3.335,6.165,4.5,3.58,2.5
,9130.0,6470.0,5.0,2.0,35.0,32.0,,,,0.0,86.0,1.0,1.0,1.0,1.0,18.0,1.0,1.0,1.0,3.0,,2.223333333333333,3.6666666666666665,2.11,2.8866666666666667,4.556666666666667,3.056666666666666,2.0
,2540.0,7860.0,5.0,2.0,48.0,26.1,,,,0.0,89.0,2.0,1.0,1.0,1.0,12.0,1.0,2.0,2.0,3.0,,,,,,,,3.0
4.0,2310.0,7860.0,4.0,2.0,61.0,80.9,19965.0,19.0,,46.0,50.0,2.0,1.0,1.0,1.0,18.0,4.0,3.0,2.0,3.0,4.0,5.333333333333333,5.33,4.22,6.22,4.22,4.78,4.0
3.0,4110.0,8680.0,7.0,2.0,31.0,19.6,4083.75,9.0,,40.0,45.0,2.0,1.0,1.0,1.0,13.0,1.0,5.0,2.0,3.0,4.0,2.33,2.33,2.0,6.0,3.33,2.0,2.0
3.0,430.0,7460.0,1.0,2.0,39.0,67.7,24502.5,20.0,40.0,52.0,42.0,1.0,1.0,,1.0,16.0,3.0,1.0,1.0,3.0,4.0,5.5,5.29125,4.875,4.8325,4.375,5.04125,4.0
2.0,5600.0,3490.0,1.0,2.0,40.0,49.4,29947.5,21.0,45.0,52.0,58.0,2.0,1.0,1.0,1.0,14.0,1.0,2.0,2.0,3.0,,4.0,5.33,3.0,4.33,4.67,4.5,2.0
3.0,5840.0,6990.0,1.0,2.0,38.0,39.2,36300.0,22.0,40.0,52.0,41.0,2.0,1.0,1.0,1.0,14.0,1.0,3.0,2.0,3.0,4.0,3.0,3.33,2.33,4.67,4.5,3.0,2.0
2.0,230.0,7860.0,7.0,2.0,59.0,75.5,24502.5,20.0,,52.0,33.0,2.0,1.0,1.0,1.0,14.0,2.0,3.0,1.0,3.0,4.0,5.7524999999999995,6.0825,5.25,6.25,3.915,5.3325,4.5
,5860.0,,5.0,2.0,32.0,35.8,,,,0.0,63.0,2.0,1.0,1.0,1.0,12.0,1.0,3.0,1.0,3.0,4.0,2.33,2.67,2.33,5.67,4.33,2.5,2.0
4.0,4810.0,6990.0,2.0,1.0,47.0,57.8,11797.5,16.0,20.0,50.0,68.0,1.0,1.0,3.0,1.0,12.0,1.0,1.0,3.0,3.0,4.0,5.0,5.33,3.67,5.33,4.67,3.83,4.0
4.0,50.0,7460.0,1.0,2.0,53.0,73.9,58080.0,25.0,45.0,46.0,60.0,1.0,1.0,1.0,1.0,13.0,1.0,1.0,3.0,3.0,,5.665,5.67,5.0,4.835,5.165,5.835,4.0
2.0,4850.0,3960.0,1.0,2.0,45.0,62.0,36300.0,22.0,40.0,52.0,54.0,1.0,1.0,1.0,1.0,12.0,1.0,1.0,0.0,3.0,4.0,4.89,4.89,3.78,4.553333333333334,3.78,4.613333333333333,3.6666666666666665
2.0,2310.0,7860.0,1.0,2.0,61.0,80.9,24502.5,20.0,40.0,52.0,55.0,2.0,1.0,5.0,1.0,16.0,3.0,1.0,2.0,3.0,,5.333333333333333,5.33,4.22,6.22,4.22,4.78,4.0
,2310.0,7860.0,5.0,2.0,61.0,80.9,16335.0,18.0,,30.0,47.0,2.0,2.0,1.0,1.0,20.0,4.0,5.0,3.0,3.0,4.0,5.333333333333333,5.33,4.22,6.22,4.22,4.78,4.0
,4740.0,7080.0,5.0,2.0,24.0,30.9,,,,0.0,75.0,2.0,1.0,1.0,1.0,12.0,1.0,3.0,4.0,3.0,,2.33,2.67,2.0,4.33,4.0,2.17,2.0
,1230.0,9590.0,5.0,2.0,56.0,85.0,,,,0.0,38.0,1.0,1.0,1.0,1.0,15.0,2.0,3.0,0.0,3.0,4.0,5.11,5.0,4.666666666666667,3.776666666666667,3.443333333333334,4.5,4.666666666666667
4.0,4000.0,8590.0,7.0,2.0,50.0,32.6,,,,30.0,42.0,2.0,1.0,1.0,1.0,15.0,1.0,3.0,1.0,3.0,4.0,5.0,6.0,5.33,4.67,3.67,4.5,3.0
3.0,6050.0,170.0,7.0,2.0,27.0,14.0,,,,0.0,39.0,2.0,1.0,2.0,2.0,8.0,0.0,1.0,5.0,3.0,,2.3333333333333335,2.443333333333334,1.6133333333333333,2.8866666666666667,3.8866666666666663,2.17,2.0
,5240.0,2480.0,5.0,2.0,31.0,37.6,,,,0.0,73.0,1.0,1.0,1.0,1.0,14.0,1.0,1.0,3.0,3.0,4.0,3.835,4.0,3.335,6.165,4.5,3.58,2.5
1.0,6260.0,770.0,4.0,2.0,28.0,25.2,7713.75,13.0,,52.0,55.0,1.0,3.0,2.0,1.0,2.0,0.0,5.0,4.0,3.0,,2.33,2.67,1.67,4.0,4.33,3.17,2.0
1.0,6240.0,770.0,1.0,2.0,31.0,23.0,,,60.0,52.0,48.0,1.0,1.0,2.0,2.0,5.0,0.0,1.0,2.0,3.0,,2.1675,3.335,2.165,3.415,3.83,3.0,2.0
1.0,1006.0,8190.0,1.0,2.0,65.0,80.7,36300.0,22.0,40.0,52.0,37.0,1.0,1.0,1.0,1.0,18.0,4.0,1.0,0.0,3.0,,5.0,5.0,4.835,4.17,4.665,4.835,4.0
1.0,3955.0,9470.0,1.0,2.0,32.0,36.8,24502.5,20.0,40.0,52.0,59.0,2.0,1.0,1.0,1.0,14.0,2.0,1.0,0.0,3.0,4.0,4.835,5.0,3.335,5.17,4.83,3.75,2.0
,4700.0,5370.0,5.0,2.0,38.0,43.0,,,,0.0,80.0,2.0,1.0,1.0,1.0,14.0,1.0,2.0,2.0,2.0,4.0,3.67,4.67,3.67,4.33,4.0,4.0,2.0
1.0,3646.0,8190.0,2.0,2.0,49.0,37.9,16335.0,18.0,30.0,52.0,55.0,2.0,1.0,1.0,1.0,12.0,1.0,1.0,2.0,2.0,4.0,3.0,2.67,2.67,4.0,4.67,2.67,3.0
1.0,9300.0,6290.0,1.0,2.0,43.0,40.1,16335.0,18.0,89.0,39.0,24.0,1.0,2.0,1.0,1.0,12.0,1.0,5.0,0.0,2.0,,3.67,2.67,2.67,3.67,5.67,3.17,2.0
2.0,5110.0,6890.0,1.0,2.0,40.0,33.4,29947.5,21.0,40.0,52.0,59.0,2.0,1.0,1.0,1.0,14.0,1.0,3.0,1.0,2.0,4.0,2.67,4.0,2.67,4.5,4.5,3.08,3.0
2.0,430.0,8770.0,1.0,2.0,39.0,67.7,24502.5,20.0,40.0,52.0,38.0,1.0,1.0,1.0,1.0,12.0,1.0,5.0,1.0,2.0,4.0,5.5,5.29125,4.875,4.8325,4.375,5.04125,4.0
1.0,1410.0,2190.0,1.0,2.0,73.0,86.5,97883.49087,26.0,50.0,52.0,54.0,1.0,1.0,1.0,1.0,16.0,3.0,1.0,3.0,2.0,4.0,5.0,5.22,4.776666666666666,3.33,4.556666666666667,5.113333333333333,4.0
,910.0,7870.0,5.0,2.0,45.0,62.1,,,,0.0,59.0,2.0,1.0,1.0,1.0,12.0,1.0,1.0,2.0,2.0,2.0,5.0,5.33,4.335,5.835,4.335,4.5,4.0
1.0,4700.0,5190.0,1.0,1.0,38.0,43.0,7713.75,13.0,80.0,52.0,64.0,1.0,1.0,1.0,1.0,16.0,3.0,1.0,0.0,2.0,,3.67,4.67,3.67,4.33,4.0,4.0,2.0
1.0,710.0,3190.0,1.0,2.0,51.0,78.3,36300.0,22.0,40.0,52.0,35.0,1.0,1.0,1.0,1.0,18.0,4.0,3.0,1.0,2.0,,5.33,5.33,5.0,6.0,3.67,5.17,4.0
,1320.0,3580.0,5.0,2.0,75.0,89.3,11797.5,16.0,,20.0,67.0,1.0,1.0,1.0,1.0,16.0,3.0,1.0,3.0,2.0,4.0,5.0,5.33,5.33,4.33,5.0,5.5,4.0
1.0,120.0,5070.0,1.0,2.0,53.0,69.3,29947.5,21.0,50.0,52.0,60.0,2.0,3.0,3.0,2.0,14.0,2.0,3.0,1.0,2.0,4.0,5.5,5.835,5.335,4.5,5.165,5.915,4.0
1.0,,,1.0,2.0,,,16335.0,18.0,48.0,45.0,35.0,1.0,1.0,1.0,1.0,12.0,1.0,3.0,0.0,2.0,,,,,,,,
1.0,2310.0,7860.0,2.0,2.0,61.0,80.9,,,5.0,40.0,43.0,2.0,2.0,1.0,1.0,14.0,1.0,5.0,1.0,2.0,,5.333333333333333,5.33,4.22,6.22,4.22,4.78,4.0
,3500.0,8270.0,8.0,2.0,69.0,46.6,,,,0.0,49.0,2.0,2.0,1.0,1.0,15.0,1.0,4.0,5.0,2.0,,5.33,5.0,4.0,6.33,5.67,4.33,3.0
,7750.0,3570.0,5.0,2.0,35.0,25.0,,,,0.0,79.0,2.0,2.0,1.0,1.0,14.0,2.0,5.0,1.0,2.0,1.0,2.4466666666666668,2.443333333333334,2.33,3.6633333333333336,4.556666666666667,2.8366666666666664,2.0
1.0,4610.0,8370.0,2.0,2.0,48.0,20.1,6806.25,12.0,28.0,52.0,64.0,2.0,2.0,1.0,1.0,12.0,1.0,5.0,7.0,2.0,4.0,4.0,3.33,2.67,5.67,4.0,3.0,2.0
1.0,5940.0,9160.0,2.0,2.0,17.0,45.3,5898.75,11.0,20.0,20.0,69.0,2.0,2.0,1.0,1.0,13.0,1.0,3.0,2.0,2.0,,,,,,,,
3.0,8965.0,6390.0,1.0,2.0,35.0,26.8,16335.0,18.0,80.0,52.0,48.0,2.0,2.0,1.0,1.0,13.0,1.0,5.0,6.0,2.0,,3.0,3.443333333333334,2.776666666666667,3.556666666666666,4.556666666666667,3.276666666666667,2.0
2.0,9640.0,6390.0,1.0,2.0,22.0,14.8,9982.5,15.0,30.0,,21.0,1.0,2.0,1.0,1.0,12.0,1.0,5.0,1.0,2.0,4.0,1.67,2.0,1.33,4.33,3.0,1.67,2.0
3.0,4230.0,8660.0,1.0,2.0,25.0,12.6,6806.25,12.0,35.0,52.0,44.0,2.0,2.0,1.0,1.0,12.0,1.0,5.0,2.0,2.0,,1.67,2.0,1.0,5.33,2.67,1.67,2.0
4.0,4760.0,5790.0,2.0,2.0,31.0,39.7,,,15.0,,40.0,2.0,2.0,1.0,1.0,11.0,0.0,5.0,2.0,2.0,4.0,3.0,3.0,2.67,5.0,4.0,2.33,2.0
2.0,4920.0,7070.0,7.0,2.0,49.0,56.9,,,,20.0,28.0,2.0,1.0,5.0,2.0,8.0,0.0,1.0,3.0,2.0,4.0,5.0,5.165,4.33,5.0,3.5,4.5,3.5
2.0,9620.0,6070.0,1.0,2.0,25.0,23.3,16335.0,18.0,40.0,40.0,41.0,1.0,1.0,1.0,1.0,12.0,1.0,5.0,0.0,2.0,,2.0,2.0,2.0,4.33,4.33,2.17,2.0
,4220.0,6770.0,5.0,2.0,24.0,20.7,,,,0.0,78.0,1.0,2.0,,1.0,15.0,2.0,4.0,8.0,2.0,4.0,1.67,2.0,1.33,4.33,3.0,2.0,3.0
,,,8.0,,,,,,,0.0,,2.0,2.0,1.0,1.0,11.0,0.0,5.0,1.0,2.0,,,,,,,,
,4130.0,7860.0,5.0,2.0,16.0,13.3,,,,0.0,89.0,2.0,2.0,1.0,1.0,10.0,0.0,5.0,3.0,2.0,4.0,1.67,2.0,1.67,5.33,3.0,1.67,2.0
1.0,5620.0,5390.0,1.0,2.0,25.0,23.8,,,40.0,52.0,56.0,1.0,2.0,1.0,1.0,15.0,1.0,2.0,6.0,2.0,4.0,2.0,2.83,1.83,4.5,4.25,2.29,2.0
1.0,5000.0,8190.0,1.0,2.0,46.0,52.0,29947.5,21.0,40.0,52.0,45.0,2.0,2.0,1.0,1.0,16.0,3.0,5.0,1.0,2.0,4.0,4.33,5.33,4.33,5.33,5.67,4.83,3.0
1.0,4230.0,8660.0,1.0,2.0,25.0,12.6,5898.75,11.0,41.0,52.0,55.0,2.0,2.0,1.0,1.0,6.0,0.0,5.0,4.0,2.0,,1.67,2.0,1.0,5.33,2.67,1.67,2.0
2.0,3645.0,8180.0,1.0,2.0,51.0,28.7,9982.5,15.0,40.0,6.0,64.0,2.0,2.0,1.0,1.0,14.0,1.0,1.0,0.0,2.0,,4.67,3.33,3.33,5.67,5.67,4.17,3.0
1.0,8320.0,1790.0,7.0,2.0,32.0,13.2,,,,0.0,66.0,1.0,2.0,1.0,1.0,7.0,0.0,5.0,2.0,2.0,4.0,2.0,2.33,1.67,2.67,4.33,2.17,2.0
1.0,4610.0,8170.0,2.0,2.0,48.0,20.1,8621.25,14.0,20.0,52.0,32.0,2.0,2.0,1.0,1.0,12.0,0.0,1.0,5.0,2.0,,4.0,3.33,2.67,5.67,4.0,3.0,2.0
1.0,6260.0,770.0,1.0,1.0,28.0,25.2,3267.0,8.0,40.0,52.0,41.0,1.0,2.0,1.0,1.0,11.0,1.0,4.0,2.0,2.0,4.0,2.33,2.67,1.67,4.0,4.33,3.17,2.0
2.0,5620.0,4970.0,1.0,2.0,25.0,23.8,3267.0,8.0,20.0,0.0,56.0,2.0,2.0,1.0,1.0,10.0,0.0,5.0,0.0,2.0,1.0,2.0,2.83,1.83,4.5,4.25,2.29,2.0
2.0,6730.0,770.0,1.0,2.0,41.0,27.2,16335.0,18.0,65.0,52.0,57.0,1.0,2.0,1.0,1.0,15.0,2.0,5.0,0.0,2.0,1.0,2.0,2.67,2.0,4.0,4.33,2.83,2.0
,630.0,7380.0,7.0,2.0,47.0,65.3,,,,,39.0,2.0,3.0,1.0,2.0,16.0,3.0,1.0,2.0,3.0,4.0,4.556666666666667,4.333333333333333,4.0,5.446666666666666,4.333333333333333,4.163333333333333,3.3333333333333335
1.0,5700.0,6970.0,1.0,1.0,47.0,38.8,,,30.0,52.0,64.0,2.0,1.0,1.0,1.0,16.0,3.0,1.0,1.0,3.0,4.0,3.3325,3.0,2.9175,5.0825,4.8325,3.6225,2.5
,,,6.0,,,,,,,0.0,18.0,2.0,1.0,5.0,2.0,12.0,0.0,5.0,0.0,3.0,4.0,,,,,,,
3.0,1106.0,2490.0,1.0,2.0,61.0,83.4,36300.0,22.0,4.0,52.0,48.0,1.0,1.0,1.0,1.0,16.0,3.0,4.0,0.0,3.0,4.0,5.5,4.5,4.165,3.0,4.665,5.0,3.5
2.0,430.0,6380.0,1.0,2.0,39.0,67.7,50820.0,24.0,45.0,52.0,47.0,1.0,1.0,1.0,1.0,12.0,1.0,1.0,2.0,3.0,4.0,5.5,5.29125,4.875,4.8325,4.375,5.04125,4.0
,1010.0,7380.0,5.0,2.0,63.0,81.0,,,,0.0,68.0,2.0,1.0,1.0,1.0,16.0,3.0,2.0,3.0,3.0,4.0,5.67,5.0,4.33,2.33,5.0,5.5,4.0
1.0,1030.0,7380.0,1.0,1.0,55.0,71.8,,,60.0,52.0,65.0,1.0,1.0,1.0,2.0,14.0,1.0,1.0,1.0,3.0,4.0,5.0,5.67,5.0,4.0,4.33,5.33,3.5
,,,4.0,,,,,,,0.0,28.0,2.0,1.0,1.0,1.0,8.0,0.0,5.0,0.0,3.0,4.0,,,,,,,
1.0,6260.0,770.0,1.0,2.0,28.0,25.2,24502.5,20.0,46.0,50.0,48.0,1.0,3.0,2.0,2.0,8.0,0.0,1.0,3.0,3.0,4.0,2.33,2.67,1.67,4.0,4.33,3.17,2.0
,800.0,5790.0,5.0,2.0,60.0,76.3,,,,0.0,67.0,2.0,1.0,1.0,1.0,14.0,1.0,3.0,2.0,3.0,4.0,5.0,5.0,4.67,4.67,4.67,4.5,4.0
1.0,4030.0,8680.0,7.0,2.0,21.0,13.6,,,,0.0,28.0,2.0,1.0,1.0,1.0,13.0,1.0,1.0,2.0,3.0,,1.67,1.67,1.67,4.67,4.67,2.0,2.0
,8420.0,1480.0,5.0,2.0,25.0,11.8,,,,0.0,66.0,2.0,1.0,1.0,1.0,12.0,1.0,2.0,0.0,3.0,4.0,2.0,2.67,1.67,3.0,4.33,2.33,2.0
2.0,6200.0,770.0,1.0,2.0,49.0,46.0,11797.5,16.0,52.0,52.0,25.0,1.0,1.0,1.0,1.0,12.0,1.0,1.0,0.0,3.0,,5.335,5.67,4.83,4.665,4.335,4.915,3.0
1.0,9130.0,6170.0,1.0,1.0,35.0,32.0,24502.5,20.0,60.0,45.0,50.0,1.0,1.0,1.0,1.0,12.0,1.0,1.0,2.0,3.0,,2.223333333333333,3.6666666666666665,2.11,2.8866666666666667,4.556666666666667,3.056666666666666,2.0
,6420.0,770.0,8.0,1.0,35.0,24.0,1633.5,4.0,,30.0,20.0,1.0,3.0,2.0,1.0,12.0,1.0,5.0,0.0,3.0,4.0,3.0,3.67,2.33,3.33,4.0,3.33,2.0
2.0,,,7.0,,,,,,,0.0,89.0,2.0,1.0,1.0,1.0,12.0,1.0,2.0,4.0,3.0,,,,,,,,
1.0,5860.0,7860.0,7.0,2.0,32.0,35.8,181.5,1.0,,0.0,60.0,2.0,1.0,1.0,1.0,12.0,1.0,1.0,2.0,3.0,4.0,2.33,2.67,2.33,5.67,4.33,2.5,2.0
1.0,4750.0,4690.0,1.0,2.0,30.0,29.6,9982.5,15.0,45.0,52.0,59.0,1.0,1.0,1.0,1.0,15.0,1.0,1.0,3.0,3.0,4.0,2.67,3.67,2.67,4.67,3.33,3.0,2.0
4.0,4110.0,8680.0,2.0,2.0,31.0,19.6,1633.5,4.0,24.0,25.0,21.0,1.0,3.0,5.0,2.0,11.0,0.0,5.0,0.0,3.0,,2.33,2.33,2.0,6.0,3.33,2.0,2.0
1.0,8965.0,6390.0,1.0,2.0,35.0,26.8,726.0,2.0,40.0,,56.0,2.0,3.0,5.0,2.0,17.0,3.0,3.0,1.0,3.0,4.0,3.0,3.443333333333334,2.776666666666667,3.556666666666666,4.556666666666667,3.276666666666667,2.0
2.0,9130.0,1290.0,1.0,2.0,35.0,32.0,43560.0,23.0,68.0,52.0,66.0,1.0,2.0,1.0,1.0,16.0,3.0,3.0,1.0,3.0,4.0,2.223333333333333,3.6666666666666665,2.11,2.8866666666666667,4.556666666666667,3.056666666666666,2.0
,1050.0,3380.0,5.0,2.0,48.0,64.5,19965.0,19.0,,52.0,37.0,1.0,2.0,3.0,1.0,18.0,3.0,1.0,0.0,3.0,4.0,5.165,4.5,4.165,4.165,5.0,4.92,3.5
,7000.0,6070.0,5.0,2.0,43.0,52.4,,,,0.0,85.0,1.0,2.0,1.0,1.0,12.0,1.0,1.0,3.0,3.0,4.0,4.67,5.67,4.0,4.33,4.33,5.0,3.0
,8740.0,1480.0,5.0,2.0,39.0,38.1,43560.0,23.0,,52.0,68.0,2.0,1.0,5.0,2.0,16.0,1.0,3.0,2.0,3.0,,2.33,2.33,1.67,3.0,4.33,2.83,2.0
,3820.0,9370.0,5.0,2.0,58.0,73.5,19965.0,19.0,,40.0,,2.0,2.0,1.0,1.0,17.0,3.0,5.0,0.0,3.0,4.0,4.7925,4.5,4.4575,4.1675,5.0425,5.0024999999999995,3.25
1.0,137.0,8680.0,1.0,2.0,59.0,73.9,43560.0,23.0,50.0,50.0,61.0,2.0,2.0,1.0,1.0,16.0,3.0,5.0,0.0,3.0,,5.33,5.33,5.0,6.0,4.0,5.67,4.0
1.0,5000.0,9480.0,1.0,2.0,46.0,52.0,,,40.0,40.0,37.0,2.0,2.0,1.0,1.0,18.0,4.0,4.0,1.0,3.0,4.0,4.33,5.33,4.33,5.33,5.67,4.83,3.0
1.0,4600.0,9290.0,1.0,2.0,35.0,21.8,16335.0,18.0,8.0,52.0,69.0,2.0,2.0,1.0,1.0,12.0,1.0,2.0,3.0,3.0,,4.0,4.5,2.5,6.0,3.0,3.33,2.0
,410.0,7070.0,5.0,2.0,41.0,54.6,,,,0.0,74.0,2.0,1.0,1.0,1.0,12.0,1.0,1.0,4.0,3.0,,5.0,5.67,4.33,4.33,3.67,4.83,4.0
1.0,,,4.0,,,,,,,,31.0,2.0,,,2.0,10.0,0.0,5.0,,3.0,4.0,,,,,,,
,310.0,8680.0,5.0,2.0,39.0,41.0,,,,0.0,74.0,2.0,1.0,1.0,1.0,12.0,1.0,3.0,2.0,3.0,4.0,4.33,5.67,4.33,4.67,4.67,4.5,2.0
2.0,4720.0,5270.0,2.0,2.0,28.0,21.6,181.5,1.0,8.0,52.0,22.0,2.0,2.0,1.0,1.0,15.0,1.0,5.0,0.0,3.0,4.0,2.5,2.835,2.0,4.5,4.0,2.335,2.0
4.0,5240.0,7780.0,1.0,2.0,31.0,37.6,13612.5,17.0,40.0,52.0,49.0,2.0,2.0,1.0,1.0,12.0,1.0,5.0,7.0,3.0,4.0,3.835,4.0,3.335,6.165,4.5,3.58,2.5
3.0,3255.0,8190.0,1.0,2.0,64.0,84.2,29947.5,21.0,40.0,52.0,35.0,2.0,1.0,1.0,1.0,19.0,4.0,1.0,0.0,4.0,2.0,5.3340000000000005,4.934,4.8,6.066,5.734,5.1,4.4
,2000.0,7860.0,5.0,2.0,51.0,63.7,,,,0.0,,1.0,1.0,1.0,1.0,19.0,4.0,1.0,2.0,4.0,1.0,5.465999999999999,5.0,4.668,6.6,3.601999999999999,4.566,4.8
1.0,5700.0,7870.0,7.0,2.0,47.0,38.8,,,,0.0,33.0,2.0,1.0,1.0,1.0,16.0,3.0,1.0,2.0,4.0,4.0,3.3325,3.0,2.9175,5.0825,4.8325,3.6225,2.5
,4840.0,7580.0,5.0,2.0,43.0,61.2,97883.49087,26.0,,0.0,69.0,2.0,1.0,1.0,1.0,16.0,3.0,1.0,0.0,4.0,4.0,5.17,5.08,4.42,4.75,4.42,5.17,3.0
,2310.0,7860.0,5.0,2.0,61.0,80.9,29947.5,21.0,,0.0,75.0,1.0,1.0,1.0,1.0,18.0,4.0,1.0,3.0,4.0,3.0,5.333333333333333,5.33,4.22,6.22,4.22,4.78,4.0
1.0,1760.0,7380.0,1.0,2.0,42.0,86.8,97883.49087,26.0,40.0,52.0,36.0,1.0,1.0,1.0,1.0,20.0,4.0,1.0,1.0,4.0,4.0,5.67,5.33,5.33,4.0,4.33,5.0,4.0
2.0,5240.0,,1.0,2.0,31.0,37.6,11797.5,16.0,32.0,52.0,41.0,2.0,1.0,1.0,1.0,12.0,1.0,1.0,1.0,4.0,,3.835,4.0,3.335,6.165,4.5,3.58,2.5
2.0,140.0,1990.0,2.0,1.0,50.0,68.0,5898.75,11.0,8.0,6.0,67.0,2.0,1.0,1.0,1.0,16.0,3.0,1.0,5.0,4.0,,5.5566666666666675,5.5,5.446666666666666,4.555,4.443333333333333,5.695,3.6666666666666665
2.0,2016.0,9170.0,4.0,2.0,44.0,43.8,9982.5,15.0,,30.0,39.0,1.0,1.0,1.0,1.0,14.0,2.0,5.0,0.0,4.0,4.0,3.67,4.0,3.33,6.0,5.0,3.5,4.0
3.0,1410.0,7290.0,1.0,2.0,73.0,86.5,97883.49087,26.0,50.0,52.0,60.0,1.0,1.0,1.0,1.0,17.0,3.0,1.0,0.0,4.0,4.0,5.0,5.22,4.776666666666666,3.33,4.556666666666667,5.113333333333333,4.0
4.0,4700.0,5790.0,2.0,1.0,38.0,43.0,9982.5,15.0,10.0,52.0,47.0,2.0,1.0,1.0,1.0,16.0,3.0,1.0,2.0,4.0,4.0,3.67,4.67,3.67,4.33,4.0,4.0,2.0
3.0,3645.0,8180.0,1.0,2.0,51.0,28.7,50820.0,24.0,50.0,52.0,49.0,2.0,1.0,1.0,1.0,16.0,4.0,1.0,0.0,4.0,4.0,4.67,3.33,3.33,5.67,5.67,4.17,3.0
2.0,9720.0,8590.0,2.0,2.0,32.0,24.1,,,8.0,36.0,71.0,1.0,1.0,1.0,1.0,11.0,1.0,1.0,3.0,4.0,4.0,2.0,2.33,1.33,4.0,4.33,2.83,2.0
2.0,2630.0,7290.0,1.0,2.0,46.0,61.4,36300.0,22.0,50.0,49.0,50.0,1.0,1.0,1.0,1.0,16.0,3.0,1.0,0.0,4.0,4.0,5.24,5.048571428571429,3.954285714285714,4.428571428571429,3.238571428571429,4.3342857142857145,3.5714285714285716
2.0,4760.0,5170.0,2.0,2.0,31.0,39.7,5898.75,11.0,28.0,52.0,69.0,2.0,1.0,1.0,2.0,12.0,0.0,5.0,0.0,4.0,,3.0,3.0,2.67,5.0,4.0,2.33,2.0
2.0,430.0,770.0,1.0,2.0,39.0,67.7,58080.0,25.0,50.0,52.0,43.0,1.0,1.0,1.0,1.0,10.0,1.0,1.0,1.0,4.0,4.0,5.5,5.29125,4.875,4.8325,4.375,5.04125,4.0
,5620.0,4970.0,5.0,2.0,25.0,23.8,,,,12.0,64.0,2.0,1.0,5.0,1.0,12.0,1.0,2.0,5.0,4.0,4.0,2.0,2.83,1.83,4.5,4.25,2.29,2.0
1.0,5620.0,4970.0,2.0,2.0,25.0,23.8,,,55.0,52.0,72.0,1.0,1.0,1.0,1.0,11.0,0.0,3.0,2.0,4.0,,2.0,2.83,1.83,4.5,4.25,2.29,2.0
,8030.0,2670.0,5.0,2.0,40.0,38.3,,,,0.0,74.0,1.0,1.0,1.0,1.0,12.0,1.0,3.0,5.0,4.0,1.0,2.67,3.33,2.67,2.0,5.33,3.33,3.0
,,,8.0,,,,,,,0.0,18.0,2.0,1.0,1.0,1.0,12.0,1.0,5.0,0.0,4.0,4.0,,,,,,,
,5700.0,7870.0,5.0,2.0,47.0,38.8,,,,0.0,82.0,2.0,1.0,1.0,1.0,12.0,1.0,2.0,5.0,4.0,4.0,3.3325,3.0,2.9175,5.0825,4.8325,3.6225,2.5
2.0,8320.0,1680.0,7.0,2.0,32.0,13.2,,,,0.0,45.0,2.0,3.0,2.0,2.0,12.0,0.0,1.0,6.0,4.0,,2.0,2.33,1.67,2.67,4.33,2.17,2.0
3.0,8950.0,6390.0,4.0,2.0,29.0,20.8,,,,10.0,21.0,2.0,2.0,5.0,2.0,12.0,1.0,5.0,0.0,4.0,4.0,1.33,2.0,1.33,2.67,5.0,2.17,2.0
1.0,800.0,7380.0,1.0,2.0,60.0,76.3,36300.0,22.0,45.0,52.0,31.0,1.0,1.0,1.0,1.0,16.0,3.0,1.0,2.0,4.0,4.0,5.0,5.0,4.67,4.67,4.67,4.5,4.0
,8100.0,2980.0,6.0,2.0,36.0,26.1,,,,30.0,,,3.0,3.0,,,0.0,1.0,0.0,4.0,,2.0,2.67,2.0,2.835,4.835,2.415,2.0
1.0,2320.0,7860.0,1.0,2.0,64.0,82.5,24502.5,20.0,40.0,52.0,70.0,1.0,1.0,1.0,1.0,18.0,4.0,1.0,5.0,4.0,,5.5,5.165,4.165,6.5,4.5,5.08,4.0
2.0,1030.0,7870.0,1.0,2.0,55.0,71.8,29947.5,21.0,40.0,52.0,39.0,1.0,1.0,1.0,1.0,20.0,4.0,1.0,2.0,4.0,4.0,5.0,5.67,5.0,4.0,4.33,5.33,3.5
,4760.0,4790.0,5.0,2.0,31.0,39.7,,,,0.0,80.0,1.0,1.0,1.0,2.0,17.0,3.0,1.0,5.0,4.0,4.0,3.0,3.0,2.67,5.0,4.0,2.33,2.0
,7855.0,1270.0,6.0,2.0,34.0,21.6,13612.5,17.0,,46.0,31.0,2.0,3.0,2.0,1.0,11.0,0.0,1.0,3.0,4.0,4.0,,,,,,,
2.0,9130.0,6170.0,1.0,2.0,35.0,32.0,13612.5,17.0,50.0,40.0,61.0,1.0,3.0,5.0,2.0,14.0,1.0,1.0,4.0,4.0,,2.223333333333333,3.6666666666666665,2.11,2.8866666666666667,4.556666666666667,3.056666666666666,2.0
2.0,9620.0,6380.0,1.0,2.0,25.0,23.3,13612.5,17.0,60.0,30.0,45.0,2.0,3.0,2.0,2.0,12.0,1.0,1.0,3.0,4.0,4.0,2.0,2.0,2.0,4.33,4.33,2.17,2.0
1.0,1320.0,3580.0,1.0,2.0,75.0,89.3,29947.5,21.0,40.0,52.0,34.0,1.0,1.0,1.0,1.0,18.0,3.0,1.0,2.0,4.0,4.0,5.0,5.33,5.33,4.33,5.0,5.5,4.0
1.0,3320.0,8190.0,1.0,2.0,59.0,69.3,29947.5,21.0,50.0,52.0,32.0,2.0,1.0,1.0,1.0,16.0,3.0,1.0,0.0,4.0,4.0,4.7,4.468,3.898000000000001,5.468,5.434,4.682,3.0
1.0,4760.0,4970.0,7.0,2.0,31.0,39.7,24502.5,20.0,,36.0,36.0,2.0,1.0,1.0,1.0,14.0,1.0,1.0,2.0,4.0,,3.0,3.0,2.67,5.0,4.0,2.33,2.0
2.0,410.0,7070.0,1.0,2.0,41.0,54.6,13612.5,17.0,40.0,52.0,32.0,2.0,1.0,1.0,1.0,12.0,1.0,1.0,3.0,4.0,4.0,5.0,5.67,4.33,4.33,3.67,4.83,4.0
1.0,7210.0,7860.0,1.0,2.0,42.0,35.3,24502.5,20.0,50.0,52.0,36.0,1.0,1.0,1.0,1.0,14.0,1.0,1.0,4.0,4.0,,3.67,3.67,3.33,4.33,5.0,3.5,3.0
1.0,3010.0,7980.0,1.0,2.0,72.0,92.1,97883.49087,26.0,40.0,48.0,48.0,1.0,1.0,1.0,1.0,20.0,4.0,1.0,5.0,4.0,,5.9175,6.4175,5.75,6.0,4.1675,5.75,5.0
,410.0,7070.0,5.0,2.0,41.0,54.6,,,,0.0,65.0,2.0,1.0,1.0,1.0,14.0,2.0,1.0,0.0,2.0,2.0,5.0,5.67,4.33,4.33,3.67,4.83,4.0
,5860.0,7970.0,6.0,2.0,32.0,35.8,7713.75,13.0,,12.0,34.0,2.0,2.0,5.0,1.0,15.0,1.0,3.0,0.0,2.0,4.0,2.33,2.67,2.33,5.67,4.33,2.5,2.0
1.0,3600.0,8170.0,4.0,2.0,48.0,24.2,,,,0.0,38.0,2.0,1.0,1.0,1.0,14.0,2.0,4.0,3.0,2.0,4.0,2.915,3.0,2.3325,5.0825,4.6675,3.125,2.25
2.0,2340.0,7870.0,7.0,2.0,38.0,59.1,181.5,1.0,,1.0,34.0,1.0,1.0,1.0,1.0,20.0,4.0,1.0,3.0,2.0,4.0,5.0,5.446666666666666,4.11,6.0,3.0,4.28,3.5
1.0,420.0,8380.0,1.0,2.0,52.0,67.8,11797.5,16.0,40.0,52.0,55.0,2.0,1.0,1.0,1.0,18.0,2.0,2.0,1.0,2.0,,5.33,5.67,5.0,6.33,4.33,5.5,4.0
,,,5.0,,,,,,,0.0,41.0,2.0,2.0,1.0,1.0,15.0,1.0,3.0,3.0,2.0,4.0,,,,,,,
2.0,4220.0,5380.0,2.0,2.0,24.0,20.7,181.5,1.0,32.0,52.0,42.0,1.0,,1.0,1.0,12.0,1.0,5.0,1.0,2.0,,1.67,2.0,1.33,4.33,3.0,2.0,3.0
4.0,4760.0,8680.0,2.0,2.0,31.0,39.7,726.0,2.0,26.0,48.0,26.0,2.0,1.0,1.0,1.0,12.0,1.0,5.0,4.0,2.0,4.0,3.0,3.0,2.67,5.0,4.0,2.33,2.0
1.0,5810.0,1170.0,7.0,2.0,37.0,32.6,,,,0.0,63.0,2.0,1.0,1.0,1.0,11.0,1.0,3.0,4.0,2.0,,2.0,2.0,1.67,3.67,4.33,2.83,2.0
1.0,4220.0,7070.0,1.0,2.0,24.0,20.7,,,40.0,30.0,52.0,1.0,,1.0,1.0,12.0,1.0,2.0,1.0,2.0,4.0,1.67,2.0,1.33,4.33,3.0,2.0,3.0
1.0,4110.0,8680.0,4.0,1.0,31.0,19.6,,,,0.0,45.0,2.0,1.0,1.0,1.0,14.0,1.0,5.0,1.0,2.0,4.0,2.33,2.33,2.0,6.0,3.33,2.0,2.0
3.0,5240.0,6990.0,4.0,2.0,31.0,37.6,,,,0.0,67.0,1.0,1.0,1.0,1.0,16.0,3.0,5.0,0.0,2.0,,3.835,4.0,3.335,6.165,4.5,3.58,2.5
4.0,4020.0,8660.0,7.0,2.0,33.0,13.6,,,,0.0,22.0,2.0,3.0,1.0,1.0,9.0,0.0,5.0,1.0,2.0,4.0,2.732,3.665999999999999,2.268,4.066,3.6,2.6,2.2
3.0,4720.0,5090.0,2.0,2.0,28.0,21.6,,,23.0,46.0,26.0,2.0,2.0,1.0,1.0,13.0,1.0,5.0,1.0,2.0,,2.5,2.835,2.0,4.5,4.0,2.335,2.0
1.0,9140.0,,2.0,2.0,26.0,28.5,24502.5,20.0,30.0,49.0,56.0,1.0,1.0,1.0,1.0,15.0,1.0,5.0,0.0,1.0,4.0,,,,,,,2.0
,5120.0,9380.0,5.0,2.0,45.0,38.3,24502.5,20.0,,50.0,65.0,2.0,1.0,1.0,1.0,14.0,0.0,3.0,1.0,1.0,4.0,3.67,3.67,3.0,4.67,5.0,3.67,3.0
1.0,4610.0,9290.0,7.0,2.0,48.0,20.1,,,,0.0,47.0,2.0,1.0,1.0,1.0,12.0,1.0,4.0,2.0,1.0,4.0,4.0,3.33,2.67,5.67,4.0,3.0,2.0
2.0,5620.0,5390.0,1.0,2.0,25.0,23.8,16335.0,18.0,35.0,48.0,21.0,2.0,2.0,1.0,1.0,11.0,1.0,5.0,0.0,1.0,,2.0,2.83,1.83,4.5,4.25,2.29,2.0
,9130.0,6170.0,5.0,2.0,35.0,32.0,,,,4.0,72.0,1.0,1.0,1.0,1.0,10.0,0.0,1.0,1.0,1.0,,2.223333333333333,3.6666666666666665,2.11,2.8866666666666667,4.556666666666667,3.056666666666666,2.0
1.0,2200.0,7870.0,1.0,2.0,74.0,84.5,,,30.0,49.0,,2.0,1.0,1.0,1.0,20.0,4.0,3.0,1.0,1.0,4.0,5.658888888888889,5.612222222222222,5.184722222222223,5.074166666666667,3.1766666666666667,5.342777777777778,4.944444444444445
2.0,3600.0,8180.0,1.0,2.0,48.0,24.2,29947.5,21.0,46.0,51.0,39.0,2.0,1.0,1.0,1.0,15.0,2.0,5.0,0.0,1.0,1.0,2.915,3.0,2.3325,5.0825,4.6675,3.125,2.25
1.0,3540.0,8080.0,1.0,1.0,53.0,64.2,16335.0,18.0,40.0,52.0,47.0,2.0,1.0,1.0,1.0,20.0,4.0,5.0,0.0,1.0,4.0,5.111666666666667,4.611666666666667,4.388333333333333,5.835,4.498333333333334,4.473333333333334,4.0
1.0,3850.0,9470.0,1.0,2.0,60.0,65.3,29947.5,21.0,50.0,52.0,33.0,2.0,1.0,1.0,1.0,16.0,3.0,3.0,2.0,1.0,1.0,5.67,5.67,5.17,5.67,5.67,4.75,3.0
,4700.0,5390.0,5.0,2.0,38.0,43.0,,,,0.0,73.0,1.0,1.0,2.0,1.0,16.0,3.0,1.0,3.0,1.0,4.0,3.67,4.67,3.67,4.33,4.0,4.0,2.0
4.0,230.0,7870.0,1.0,2.0,59.0,75.5,29947.5,21.0,40.0,52.0,38.0,2.0,1.0,1.0,1.0,18.0,4.0,5.0,0.0,1.0,4.0,5.7524999999999995,6.0825,5.25,6.25,3.915,5.3325,4.5
2.0,5240.0,8180.0,1.0,2.0,31.0,37.6,24502.5,20.0,40.0,52.0,50.0,2.0,2.0,1.0,2.0,14.0,2.0,3.0,3.0,1.0,4.0,3.835,4.0,3.335,6.165,4.5,3.58,2.5
,2010.0,9480.0,5.0,2.0,54.0,62.9,,,,0.0,76.0,2.0,1.0,1.0,1.0,16.0,3.0,3.0,2.0,1.0,4.0,5.890000000000001,5.4433333333333325,4.0,6.446666666666666,4.67,4.886666666666667,4.666666666666667
2.0,4840.0,6290.0,1.0,2.0,43.0,61.2,16335.0,18.0,60.0,52.0,29.0,1.0,1.0,1.0,1.0,6.0,0.0,5.0,0.0,1.0,4.0,5.17,5.08,4.42,4.75,4.42,5.17,3.0
,2310.0,7860.0,5.0,2.0,61.0,80.9,,,,0.0,76.0,1.0,1.0,1.0,1.0,16.0,4.0,3.0,3.0,1.0,,5.333333333333333,5.33,4.22,6.22,4.22,4.78,4.0
1.0,1760.0,7460.0,1.0,2.0,42.0,86.8,36300.0,22.0,40.0,52.0,42.0,1.0,1.0,1.0,1.0,18.0,4.0,1.0,2.0,1.0,1.0,5.67,5.33,5.33,4.0,4.33,5.0,4.0
,2310.0,7860.0,5.0,2.0,61.0,80.9,,,,0.0,69.0,2.0,1.0,1.0,1.0,17.0,4.0,1.0,2.0,1.0,1.0,5.333333333333333,5.33,4.22,6.22,4.22,4.78,4.0
,3255.0,8190.0,5.0,2.0,64.0,84.2,,,,0.0,66.0,2.0,1.0,1.0,1.0,16.0,3.0,1.0,2.0,3.0,4.0,5.3340000000000005,4.934,4.8,6.066,5.734,5.1,4.4
2.0,1965.0,9590.0,7.0,2.0,43.0,55.1,,,,24.0,64.0,2.0,,1.0,1.0,14.0,2.0,1.0,2.0,3.0,4.0,4.221666666666667,4.278333333333333,3.6666666666666665,3.776666666666667,4.776666666666666,4.193333333333333,3.2857142857142856
1.0,3160.0,8190.0,7.0,2.0,65.0,87.3,,,,0.0,54.0,2.0,1.0,1.0,1.0,20.0,4.0,1.0,3.0,3.0,,5.67,5.33,5.67,6.67,4.67,5.33,5.0
,110.0,490.0,5.0,2.0,60.0,83.8,,,,0.0,61.0,2.0,1.0,1.0,1.0,16.0,1.0,1.0,2.0,3.0,4.0,5.33,5.0,5.33,4.33,5.67,6.5,4.0
,9830.0,9590.0,5.0,2.0,62.0,50.4,,,,0.0,77.0,1.0,1.0,1.0,1.0,18.0,4.0,1.0,2.0,3.0,4.0,,,,,,,
,300.0,8190.0,5.0,2.0,62.0,89.1,,,,0.0,68.0,1.0,2.0,4.0,1.0,14.0,1.0,1.0,0.0,3.0,,6.335,6.0,5.33,3.665,4.335,6.085,4.5
,110.0,7380.0,5.0,2.0,60.0,83.8,1270.5,3.0,,5.0,66.0,1.0,1.0,1.0,1.0,14.0,1.0,1.0,3.0,3.0,4.0,5.33,5.0,5.33,4.33,5.67,6.5,4.0
,2540.0,7860.0,8.0,2.0,48.0,26.1,181.5,1.0,,0.0,49.0,2.0,3.0,1.0,1.0,15.0,1.0,1.0,2.0,3.0,4.0,,,,,,,3.0
1.0,3600.0,8170.0,1.0,2.0,48.0,24.2,4083.75,9.0,40.0,32.0,50.0,2.0,1.0,5.0,1.0,14.0,1.0,1.0,5.0,3.0,4.0,2.915,3.0,2.3325,5.0825,4.6675,3.125,2.25
2.0,800.0,6890.0,1.0,1.0,60.0,76.3,16335.0,18.0,24.0,52.0,52.0,1.0,1.0,2.0,1.0,16.0,3.0,3.0,0.0,3.0,,5.0,5.0,4.67,4.67,4.67,4.5,4.0
,5700.0,7860.0,5.0,2.0,47.0,38.8,,,,0.0,59.0,2.0,1.0,2.0,1.0,15.0,2.0,3.0,2.0,3.0,,3.3325,3.0,2.9175,5.0825,4.8325,3.6225,2.5
1.0,,,7.0,1.0,,,,,,1.0,32.0,2.0,1.0,1.0,1.0,12.0,1.0,5.0,3.0,3.0,4.0,,,,,,,
,6200.0,770.0,5.0,2.0,49.0,46.0,,,,,80.0,1.0,1.0,2.0,1.0,7.0,0.0,2.0,8.0,3.0,,5.335,5.67,4.83,4.665,4.335,4.915,3.0
2.0,9130.0,6290.0,3.0,1.0,35.0,32.0,24502.5,20.0,,45.0,39.0,1.0,2.0,1.0,1.0,14.0,1.0,5.0,3.0,3.0,4.0,2.223333333333333,3.6666666666666665,2.11,2.8866666666666667,4.556666666666667,3.056666666666666,2.0
2.0,5510.0,6370.0,2.0,1.0,29.0,39.9,29947.5,21.0,45.0,44.0,63.0,1.0,1.0,2.0,1.0,12.0,1.0,2.0,2.0,3.0,1.0,2.0,2.67,2.0,4.0,4.0,2.67,2.0
,5860.0,8190.0,5.0,2.0,32.0,35.8,,,,0.0,71.0,2.0,1.0,1.0,1.0,15.0,1.0,2.0,4.0,3.0,4.0,2.33,2.67,2.33,5.67,4.33,2.5,2.0
1.0,2010.0,6990.0,1.0,2.0,54.0,62.9,36300.0,22.0,40.0,52.0,55.0,2.0,3.0,5.0,2.0,17.0,4.0,1.0,1.0,3.0,4.0,5.890000000000001,5.4433333333333325,4.0,6.446666666666666,4.67,4.886666666666667,4.666666666666667
3.0,2010.0,7860.0,1.0,2.0,54.0,62.9,29947.5,21.0,40.0,52.0,49.0,1.0,1.0,2.0,1.0,18.0,4.0,1.0,2.0,3.0,,5.890000000000001,5.4433333333333325,4.0,6.446666666666666,4.67,4.886666666666667,4.666666666666667
2.0,4760.0,5380.0,2.0,2.0,31.0,39.7,3267.0,8.0,20.0,6.0,21.0,2.0,1.0,5.0,1.0,12.0,1.0,5.0,0.0,3.0,,3.0,3.0,2.67,5.0,4.0,2.33,2.0
1.0,220.0,770.0,1.0,1.0,53.0,59.1,29947.5,21.0,65.0,50.0,56.0,1.0,1.0,1.0,1.0,16.0,3.0,4.0,3.0,3.0,4.0,5.33,5.67,4.67,5.0,5.33,5.83,4.0
,2310.0,7860.0,5.0,2.0,61.0,80.9,,,,0.0,73.0,1.0,1.0,1.0,1.0,18.0,4.0,1.0,2.0,3.0,4.0,5.333333333333333,5.33,4.22,6.22,4.22,4.78,4.0
,3500.0,7580.0,5.0,2.0,69.0,46.6,,,,0.0,74.0,2.0,1.0,2.0,1.0,14.0,1.0,3.0,1.0,3.0,4.0,5.33,5.0,4.0,6.33,5.67,4.33,3.0
1.0,5700.0,4260.0,1.0,2.0,47.0,38.8,13612.5,17.0,40.0,52.0,62.0,2.0,1.0,1.0,1.0,13.0,1.0,3.0,2.0,3.0,4.0,3.3325,3.0,2.9175,5.0825,4.8325,3.6225,2.5
2.0,8300.0,9070.0,2.0,2.0,26.0,15.8,8621.25,14.0,40.0,24.0,67.0,1.0,1.0,5.0,2.0,12.0,1.0,2.0,2.0,3.0,4.0,2.0,2.67,2.0,3.67,3.33,2.33,2.0
1.0,2025.0,9170.0,1.0,2.0,56.0,53.8,24502.5,20.0,40.0,52.0,42.0,2.0,2.0,1.0,1.0,18.0,3.0,5.0,0.0,3.0,,5.5,5.665,4.165,7.0,3.33,4.585,4.0
2.0,1610.0,9590.0,1.0,2.0,73.0,85.8,36300.0,22.0,40.0,52.0,39.0,2.0,1.0,1.0,1.0,20.0,4.0,1.0,2.0,3.0,,5.43,5.048571428571429,5.475714285714285,3.618571428571428,3.62,5.0,4.714285714285714
,9620.0,6390.0,8.0,2.0,25.0,23.3,11797.5,16.0,,52.0,25.0,1.0,2.0,1.0,2.0,13.0,1.0,1.0,0.0,2.0,4.0,2.0,2.0,2.0,4.33,4.33,2.17,2.0
1.0,5240.0,6390.0,2.0,2.0,31.0,37.6,4083.75,9.0,25.0,52.0,31.0,1.0,2.0,1.0,2.0,14.0,2.0,5.0,0.0,2.0,,3.835,4.0,3.335,6.165,4.5,3.58,2.5
2.0,410.0,6390.0,1.0,2.0,41.0,54.6,9982.5,15.0,44.0,52.0,26.0,2.0,1.0,1.0,1.0,12.0,1.0,5.0,0.0,2.0,4.0,5.0,5.67,4.33,4.33,3.67,4.83,4.0
1.0,9120.0,6180.0,1.0,2.0,35.0,31.6,,,45.0,48.0,45.0,2.0,2.0,1.0,1.0,13.0,1.0,3.0,3.0,2.0,4.0,3.0,4.33,2.0,5.0,5.0,3.0,2.0
1.0,,,4.0,1.0,,,,,,5.0,34.0,,3.0,,,11.0,,1.0,5.0,2.0,4.0,,,,,,,
2.0,8740.0,7590.0,2.0,2.0,39.0,38.1,13612.5,17.0,30.0,36.0,47.0,1.0,3.0,1.0,2.0,15.0,2.0,1.0,3.0,2.0,4.0,2.33,2.33,1.67,3.0,4.33,2.83,2.0
2.0,8965.0,2590.0,1.0,2.0,35.0,26.8,16335.0,18.0,50.0,51.0,30.0,1.0,1.0,1.0,1.0,12.0,1.0,5.0,0.0,2.0,,3.0,3.443333333333334,2.776666666666667,3.556666666666666,4.556666666666667,3.276666666666667,2.0
2.0,6520.0,770.0,2.0,2.0,35.0,34.1,,,30.0,50.0,26.0,1.0,3.0,3.0,1.0,12.0,1.0,5.0,2.0,2.0,4.0,3.0,3.67,2.33,3.33,5.0,3.17,2.0
1.0,1450.0,3570.0,1.0,2.0,62.0,83.1,24502.5,20.0,40.0,52.0,28.0,1.0,3.0,2.0,2.0,17.0,3.0,5.0,0.0,2.0,4.0,5.0,5.33,4.67,3.0,5.67,5.33,4.0
4.0,5510.0,6380.0,1.0,1.0,29.0,39.9,13612.5,17.0,30.0,40.0,23.0,1.0,2.0,1.0,1.0,13.0,1.0,5.0,0.0,2.0,,2.0,2.67,2.0,4.0,4.0,2.67,2.0
3.0,5420.0,7970.0,1.0,1.0,43.0,43.1,16335.0,18.0,42.0,52.0,24.0,2.0,2.0,3.0,1.0,13.0,1.0,5.0,0.0,2.0,4.0,,,,,,,
2.0,3500.0,8190.0,1.0,2.0,69.0,46.6,24502.5,20.0,36.0,52.0,27.0,2.0,,1.0,1.0,15.0,2.0,1.0,3.0,2.0,4.0,5.33,5.0,4.0,6.33,5.67,4.33,3.0
,4010.0,8680.0,4.0,2.0,38.0,27.0,19965.0,19.0,,52.0,49.0,1.0,2.0,1.0,1.0,17.0,1.0,3.0,2.0,2.0,,3.67,4.67,3.67,5.67,4.67,3.17,2.0
3.0,1107.0,7380.0,2.0,2.0,48.0,70.5,19965.0,19.0,20.0,0.0,43.0,1.0,3.0,1.0,2.0,12.0,1.0,1.0,2.0,2.0,4.0,5.576363636363637,4.969090909090909,4.4390909090909085,3.4545454545454546,4.181818181818182,5.038181818181818,3.8461538461538463
1.0,5110.0,5490.0,2.0,2.0,40.0,33.4,4083.75,9.0,25.0,52.0,63.0,1.0,1.0,1.0,2.0,12.0,1.0,4.0,1.0,2.0,,2.67,4.0,2.67,4.5,4.5,3.08,3.0
,4110.0,8680.0,8.0,2.0,31.0,19.6,,,,0.0,62.0,2.0,1.0,1.0,1.0,12.0,1.0,2.0,5.0,2.0,1.0,2.33,2.33,2.0,6.0,3.33,2.0,2.0
1.0,4110.0,8680.0,2.0,2.0,31.0,19.6,4991.25,10.0,15.0,52.0,44.0,2.0,1.0,1.0,1.0,12.0,1.0,5.0,0.0,2.0,4.0,2.33,2.33,2.0,6.0,3.33,2.0,2.0
1.0,6420.0,770.0,1.0,1.0,35.0,24.0,29947.5,21.0,65.0,50.0,27.0,1.0,1.0,1.0,1.0,12.0,1.0,5.0,4.0,2.0,4.0,3.0,3.67,2.33,3.33,4.0,3.33,2.0
1.0,8965.0,7280.0,1.0,2.0,35.0,26.8,16335.0,18.0,40.0,52.0,43.0,2.0,1.0,1.0,1.0,12.0,1.0,3.0,3.0,2.0,4.0,3.0,3.443333333333334,2.776666666666667,3.556666666666666,4.556666666666667,3.276666666666667,2.0
1.0,2200.0,7880.0,3.0,2.0,74.0,84.5,4083.75,9.0,,30.0,22.0,2.0,1.0,1.0,1.0,13.0,1.0,5.0,0.0,2.0,4.0,5.658888888888889,5.612222222222222,5.184722222222223,5.074166666666667,3.1766666666666667,5.342777777777778,4.944444444444445
,430.0,7780.0,5.0,1.0,39.0,67.7,,,,0.0,77.0,1.0,1.0,1.0,1.0,14.0,1.0,4.0,1.0,2.0,4.0,5.5,5.29125,4.875,4.8325,4.375,5.04125,4.0
,4250.0,8590.0,5.0,2.0,37.0,18.6,,,,0.0,63.0,1.0,1.0,1.0,1.0,11.0,0.0,5.0,0.0,2.0,4.0,2.4466666666666668,3.3333333333333335,2.223333333333333,3.6633333333333336,4.333333333333333,3.11,2.0
,2310.0,7860.0,5.0,2.0,61.0,80.9,16335.0,18.0,,0.0,77.0,2.0,1.0,1.0,1.0,17.0,3.0,5.0,0.0,2.0,1.0,5.333333333333333,5.33,4.22,6.22,4.22,4.78,4.0
1.0,5700.0,8880.0,1.0,2.0,47.0,38.8,5898.75,11.0,37.0,48.0,39.0,2.0,1.0,1.0,1.0,12.0,1.0,3.0,2.0,2.0,,3.3325,3.0,2.9175,5.0825,4.8325,3.6225,2.5
1.0,,,7.0,,,,,,,0.0,23.0,2.0,1.0,1.0,1.0,13.0,0.0,5.0,4.0,2.0,,,,,,,,
,7340.0,8870.0,5.0,2.0,44.0,36.4,,,,0.0,68.0,1.0,1.0,1.0,1.0,15.0,1.0,4.0,1.0,2.0,4.0,3.33,4.0,2.67,4.0,5.0,3.67,3.0
4.0,4230.0,9290.0,1.0,1.0,25.0,12.6,8621.25,14.0,50.0,50.0,36.0,2.0,1.0,1.0,1.0,13.0,1.0,5.0,1.0,2.0,,1.67,2.0,1.0,5.33,2.67,1.67,2.0
,,,5.0,,,,,,,0.0,87.0,2.0,1.0,1.0,1.0,10.0,0.0,1.0,7.0,2.0,,,,,,,,
1.0,2340.0,7860.0,2.0,2.0,38.0,59.1,36300.0,22.0,2.0,35.0,69.0,2.0,1.0,1.0,1.0,14.0,1.0,3.0,2.0,2.0,4.0,5.0,5.446666666666666,4.11,6.0,3.0,4.28,3.5
2.0,710.0,7870.0,1.0,2.0,51.0,78.3,58080.0,25.0,50.0,52.0,52.0,2.0,1.0,1.0,1.0,16.0,3.0,1.0,2.0,2.0,,5.33,5.33,5.0,6.0,3.67,5.17,4.0
1.0,650.0,8180.0,7.0,2.0,53.0,64.2,,,,,25.0,,,1.0,1.0,12.0,1.0,1.0,,2.0,,5.33,5.33,4.67,6.33,4.67,4.83,4.0
,800.0,7470.0,5.0,2.0,60.0,76.3,58080.0,25.0,,52.0,68.0,2.0,1.0,1.0,1.0,18.0,4.0,3.0,0.0,2.0,4.0,5.0,5.0,4.67,4.67,4.67,4.5,4.0
1.0,2310.0,7860.0,1.0,2.0,61.0,80.9,36300.0,22.0,50.0,40.0,49.0,1.0,1.0,1.0,1.0,18.0,4.0,4.0,5.0,2.0,,5.333333333333333,5.33,4.22,6.22,4.22,4.78,4.0
3.0,2310.0,7860.0,1.0,2.0,61.0,80.9,43560.0,23.0,40.0,36.0,48.0,2.0,1.0,1.0,1.0,16.0,4.0,1.0,2.0,2.0,,5.333333333333333,5.33,4.22,6.22,4.22,4.78,4.0
,5320.0,6770.0,5.0,2.0,25.0,36.5,,,,0.0,78.0,2.0,1.0,1.0,2.0,13.0,1.0,2.0,2.0,2.0,4.0,2.67,2.33,2.33,5.0,3.67,2.5,2.0
,,,6.0,,,,,,,0.0,18.0,2.0,1.0,1.0,1.0,11.0,0.0,5.0,0.0,2.0,4.0,,,,,,,
2.0,800.0,7280.0,1.0,1.0,60.0,76.3,50820.0,24.0,35.0,52.0,50.0,2.0,1.0,1.0,1.0,16.0,3.0,1.0,2.0,2.0,,5.0,5.0,4.67,4.67,4.67,4.5,4.0
4.0,20.0,6290.0,1.0,2.0,50.0,68.6,29947.5,21.0,40.0,52.0,44.0,1.0,1.0,1.0,1.0,14.0,2.0,1.0,2.0,2.0,4.0,5.33,6.0,5.67,6.33,4.67,6.0,4.0
,2540.0,7870.0,6.0,2.0,48.0,26.1,3267.0,8.0,,25.0,22.0,2.0,1.0,1.0,1.0,17.0,4.0,5.0,0.0,2.0,,,,,,,,3.0
1.0,5700.0,9370.0,1.0,2.0,47.0,38.8,16335.0,18.0,44.0,52.0,53.0,2.0,1.0,2.0,1.0,14.0,2.0,3.0,2.0,2.0,4.0,3.3325,3.0,2.9175,5.0825,4.8325,3.6225,2.5
,5000.0,7860.0,5.0,2.0,46.0,52.0,,,,0.0,65.0,2.0,1.0,1.0,1.0,16.0,3.0,1.0,2.0,2.0,,4.33,5.33,4.33,5.33,5.67,4.83,3.0
2.0,5860.0,9590.0,1.0,2.0,32.0,35.8,24502.5,20.0,50.0,50.0,45.0,2.0,1.0,1.0,1.0,16.0,3.0,1.0,2.0,2.0,1.0,2.33,2.67,2.33,5.67,4.33,2.5,2.0
2.0,10.0,9170.0,2.0,2.0,72.0,77.4,,,12.0,30.0,75.0,1.0,1.0,1.0,1.0,16.0,3.0,3.0,0.0,2.0,4.0,6.5,6.835,6.5,5.0,4.33,6.33,5.0
1.0,1240.0,6870.0,1.0,2.0,65.0,85.0,36300.0,22.0,55.0,52.0,56.0,1.0,1.0,1.0,1.0,16.0,3.0,3.0,0.0,2.0,4.0,,,,,,,4.0
,9830.0,9870.0,5.0,2.0,62.0,50.4,13612.5,17.0,,0.0,36.0,2.0,2.0,1.0,1.0,14.0,2.0,5.0,0.0,2.0,4.0,,,,,,,
2.0,3420.0,6990.0,4.0,2.0,55.0,37.2,11797.5,16.0,,32.0,24.0,1.0,1.0,1.0,1.0,15.0,1.0,5.0,0.0,2.0,,3.556666666666666,3.4450000000000003,3.2216666666666662,5.4433333333333325,5.166666666666667,3.526666666666667,3.0
1.0,4840.0,7380.0,4.0,2.0,43.0,61.2,50820.0,24.0,,51.0,24.0,1.0,1.0,1.0,2.0,14.0,1.0,5.0,0.0,2.0,4.0,5.17,5.08,4.42,4.75,4.42,5.17,3.0
2.0,,,1.0,2.0,,,36300.0,22.0,40.0,52.0,49.0,1.0,1.0,1.0,1.0,14.0,2.0,1.0,2.0,2.0,1.0,,,,,,,
1.0,430.0,6680.0,1.0,2.0,39.0,67.7,58080.0,25.0,40.0,52.0,46.0,2.0,1.0,1.0,1.0,16.0,3.0,1.0,2.0,2.0,2.0,5.5,5.29125,4.875,4.8325,4.375,5.04125,4.0
1.0,2145.0,7270.0,1.0,2.0,52.0,60.3,36300.0,22.0,38.0,48.0,43.0,2.0,1.0,1.0,1.0,14.0,2.0,1.0,2.0,2.0,2.0,4.0,3.0,3.67,5.0,4.33,4.33,3.0
,9130.0,6170.0,5.0,2.0,35.0,32.0,,,,0.0,69.0,1.0,1.0,1.0,1.0,17.0,3.0,2.0,4.0,2.0,4.0,2.223333333333333,3.6666666666666665,2.11,2.8866666666666667,4.556666666666667,3.056666666666666,2.0
1.0,220.0,770.0,1.0,2.0,53.0,59.1,24502.5,20.0,45.0,52.0,44.0,1.0,1.0,1.0,1.0,14.0,1.0,1.0,3.0,2.0,4.0,5.33,5.67,4.67,5.0,5.33,5.83,4.0
1.0,5810.0,1270.0,7.0,2.0,37.0,32.6,,,,0.0,50.0,2.0,1.0,1.0,1.0,12.0,1.0,1.0,4.0,2.0,,2.0,2.0,1.67,3.67,4.33,2.83,2.0
1.0,9130.0,770.0,1.0,2.0,35.0,32.0,24502.5,20.0,35.0,52.0,56.0,1.0,1.0,1.0,1.0,12.0,1.0,3.0,2.0,2.0,1.0,2.223333333333333,3.6666666666666665,2.11,2.8866666666666667,4.556666666666667,3.056666666666666,2.0
2.0,9130.0,6170.0,1.0,2.0,35.0,32.0,36300.0,22.0,50.0,52.0,50.0,1.0,1.0,1.0,1.0,12.0,1.0,1.0,3.0,2.0,,2.223333333333333,3.6666666666666665,2.11,2.8866666666666667,4.556666666666667,3.056666666666666,2.0
2.0,3600.0,8170.0,1.0,2.0,48.0,24.2,8621.25,14.0,36.0,52.0,23.0,2.0,1.0,1.0,1.0,13.0,1.0,4.0,1.0,2.0,,2.915,3.0,2.3325,5.0825,4.6675,3.125,2.25
3.0,120.0,7970.0,1.0,2.0,53.0,69.3,24502.5,20.0,60.0,52.0,48.0,2.0,1.0,1.0,1.0,14.0,1.0,3.0,3.0,2.0,,5.5,5.835,5.335,4.5,5.165,5.915,4.0
2.0,5860.0,8190.0,1.0,2.0,32.0,35.8,13612.5,17.0,40.0,52.0,45.0,2.0,1.0,1.0,1.0,15.0,1.0,2.0,3.0,2.0,4.0,2.33,2.67,2.33,5.67,4.33,2.5,2.0
3.0,9360.0,4790.0,2.0,2.0,24.0,21.0,,,24.0,52.0,21.0,2.0,1.0,1.0,1.0,11.0,0.0,5.0,0.0,2.0,4.0,1.67,3.0,1.67,3.33,4.67,2.17,2.0
1.0,110.0,7870.0,4.0,2.0,60.0,83.8,,,,0.0,59.0,1.0,1.0,2.0,1.0,18.0,3.0,1.0,0.0,2.0,4.0,5.33,5.0,5.33,4.33,5.67,6.5,4.0
3.0,20.0,8660.0,1.0,2.0,50.0,68.6,29947.5,21.0,50.0,52.0,40.0,2.0,1.0,1.0,2.0,16.0,3.0,1.0,1.0,2.0,,5.33,6.0,5.67,6.33,4.67,6.0,4.0
1.0,1820.0,8090.0,1.0,2.0,71.0,88.7,13612.5,17.0,45.0,45.0,57.0,2.0,1.0,1.0,1.0,20.0,4.0,3.0,1.0,2.0,4.0,5.609999999999999,5.78,5.11,6.609999999999999,3.946666666666667,5.583333333333333,5.0
1.0,2100.0,7270.0,1.0,1.0,69.0,91.1,97883.49087,26.0,30.0,52.0,79.0,1.0,1.0,1.0,1.0,19.0,3.0,1.0,2.0,2.0,4.0,6.0,6.0,6.33,4.0,4.33,6.0,5.0
1.0,2200.0,7870.0,1.0,2.0,74.0,84.5,8621.25,14.0,20.0,40.0,28.0,1.0,3.0,1.0,2.0,17.0,3.0,5.0,0.0,2.0,4.0,5.658888888888889,5.612222222222222,5.184722222222223,5.074166666666667,3.1766666666666667,5.342777777777778,4.944444444444445
3.0,5810.0,6695.0,2.0,2.0,37.0,32.6,1633.5,4.0,22.0,7.0,,1.0,2.0,1.0,1.0,16.0,1.0,5.0,0.0,2.0,4.0,2.0,2.0,1.67,3.67,4.33,2.83,2.0
2.0,860.0,6990.0,7.0,2.0,43.0,66.2,,,,0.0,40.0,2.0,3.0,1.0,2.0,15.0,3.0,1.0,2.0,2.0,4.0,4.33,5.0,4.0,5.0,4.67,4.0,4.0
,3255.0,8190.0,5.0,2.0,64.0,84.2,,,,0.0,71.0,2.0,1.0,1.0,1.0,16.0,3.0,1.0,4.0,2.0,4.0,5.3340000000000005,4.934,4.8,6.066,5.734,5.1,4.4
,4720.0,4970.0,6.0,2.0,28.0,21.6,,,,40.0,18.0,1.0,1.0,1.0,1.0,12.0,1.0,5.0,0.0,2.0,4.0,2.5,2.835,2.0,4.5,4.0,2.335,2.0
,3255.0,8190.0,5.0,2.0,64.0,84.2,3267.0,8.0,,26.0,65.0,2.0,1.0,1.0,1.0,16.0,3.0,1.0,3.0,2.0,,5.3340000000000005,4.934,4.8,6.066,5.734,5.1,4.4
,2750.0,6570.0,5.0,2.0,51.0,52.3,1996.5,5.0,,0.0,67.0,1.0,1.0,1.0,1.0,16.0,1.0,1.0,2.0,2.0,,5.83,4.415,4.75,5.25,2.585,4.17,4.0
1.0,430.0,3590.0,1.0,2.0,39.0,67.7,58080.0,25.0,50.0,52.0,39.0,1.0,1.0,1.0,1.0,20.0,4.0,1.0,1.0,2.0,4.0,5.5,5.29125,4.875,4.8325,4.375,5.04125,4.0
1.0,10.0,6890.0,1.0,2.0,72.0,77.4,97883.49087,26.0,36.0,46.0,43.0,1.0,1.0,1.0,1.0,17.0,3.0,1.0,2.0,2.0,,6.5,6.835,6.5,5.0,4.33,6.33,5.0
1.0,9040.0,9590.0,7.0,2.0,66.0,66.4,36300.0,22.0,,0.0,40.0,1.0,2.0,3.0,1.0,15.0,1.0,1.0,7.0,2.0,4.0,4.5,4.83,4.5,3.5,6.0,4.75,3.0
,3850.0,9470.0,5.0,2.0,60.0,65.3,,,,0.0,58.0,1.0,2.0,1.0,1.0,14.0,1.0,2.0,2.0,2.0,1.0,5.67,5.67,5.17,5.67,5.67,4.75,3.0
2.0,4020.0,8680.0,4.0,2.0,33.0,13.6,9982.5,15.0,,32.0,38.0,1.0,2.0,1.0,1.0,14.0,1.0,3.0,4.0,2.0,,2.732,3.665999999999999,2.268,4.066,3.6,2.6,2.2
2.0,2310.0,7860.0,1.0,2.0,61.0,80.9,4083.75,9.0,40.0,37.0,40.0,2.0,1.0,1.0,1.0,18.0,3.0,5.0,2.0,2.0,4.0,5.333333333333333,5.33,4.22,6.22,4.22,4.78,4.0
,3600.0,8190.0,6.0,2.0,48.0,24.2,4083.75,9.0,,51.0,20.0,2.0,1.0,1.0,1.0,14.0,1.0,5.0,0.0,2.0,4.0,2.915,3.0,2.3325,5.0825,4.6675,3.125,2.25
1.0,430.0,9370.0,1.0,2.0,39.0,67.7,24502.5,20.0,45.0,52.0,42.0,2.0,1.0,2.0,1.0,19.0,4.0,1.0,2.0,2.0,,5.5,5.29125,4.875,4.8325,4.375,5.04125,4.0
1.0,2000.0,8090.0,1.0,2.0,51.0,63.7,13612.5,17.0,70.0,52.0,29.0,1.0,1.0,1.0,1.0,13.0,1.0,5.0,1.0,2.0,4.0,5.465999999999999,5.0,4.668,6.6,3.601999999999999,4.566,4.8
1.0,2750.0,8560.0,2.0,1.0,51.0,52.3,726.0,2.0,8.0,20.0,77.0,1.0,1.0,1.0,1.0,15.0,1.0,1.0,2.0,2.0,4.0,5.83,4.415,4.75,5.25,2.585,4.17,4.0
,20.0,8170.0,5.0,2.0,50.0,68.6,24502.5,20.0,,52.0,65.0,2.0,1.0,1.0,1.0,12.0,1.0,1.0,3.0,2.0,,5.33,6.0,5.67,6.33,4.67,6.0,4.0
,8255.0,1990.0,5.0,2.0,36.0,31.1,,,,0.0,74.0,1.0,1.0,1.0,1.0,12.0,1.0,1.0,1.0,2.0,,3.33,3.0,3.0,2.33,4.0,3.0,2.0
,4720.0,4970.0,5.0,2.0,28.0,21.6,1270.5,3.0,,20.0,69.0,2.0,1.0,1.0,1.0,12.0,1.0,3.0,2.0,2.0,4.0,2.5,2.835,2.0,4.5,4.0,2.335,2.0
,7720.0,3490.0,5.0,2.0,27.0,23.3,,,,0.0,71.0,2.0,2.0,1.0,2.0,10.0,1.0,1.0,4.0,2.0,2.0,2.223333333333333,2.443333333333334,1.8866666666666667,3.89,5.223333333333334,2.61,2.0
,4530.0,8190.0,5.0,2.0,29.0,29.5,,,,0.0,72.0,1.0,2.0,1.0,1.0,9.0,0.0,2.0,6.0,2.0,,2.67,3.83,2.17,6.0,4.0,3.165,2.0
2.0,4700.0,1190.0,1.0,1.0,38.0,43.0,13612.5,17.0,50.0,52.0,45.0,2.0,1.0,1.0,1.0,17.0,3.0,5.0,0.0,2.0,,3.67,4.67,3.67,4.33,4.0,4.0,2.0
1.0,6320.0,770.0,1.0,2.0,42.0,31.0,29947.5,21.0,41.0,37.0,53.0,2.0,2.0,1.0,1.0,12.0,1.0,5.0,1.0,2.0,1.0,3.33,3.0,2.67,4.0,5.0,3.67,2.0
2.0,4110.0,8680.0,1.0,2.0,31.0,19.6,,,31.0,20.0,21.0,2.0,2.0,1.0,1.0,15.0,1.0,5.0,0.0,2.0,1.0,2.33,2.33,2.0,6.0,3.33,2.0,2.0
1.0,,8190.0,1.0,2.0,,,,,45.0,52.0,48.0,,1.0,1.0,,,0.0,5.0,0.0,2.0,4.0,,,,,,,
2.0,6600.0,770.0,1.0,1.0,27.0,19.7,19965.0,19.0,50.0,50.0,27.0,1.0,1.0,1.0,1.0,12.0,1.0,5.0,2.0,2.0,4.0,2.0,2.443333333333334,1.945,4.223333333333334,4.165,2.4983333333333335,2.0
,,,7.0,,,,,,,0.0,46.0,2.0,1.0,1.0,1.0,12.0,1.0,3.0,2.0,2.0,4.0,,,,,,,
,150.0,9480.0,5.0,2.0,52.0,71.6,,,,0.0,46.0,1.0,1.0,1.0,1.0,15.0,1.0,3.0,4.0,2.0,4.0,4.0,4.67,4.33,4.0,5.0,5.33,4.0
,7340.0,3570.0,5.0,2.0,44.0,36.4,,,,0.0,86.0,1.0,1.0,1.0,1.0,12.0,1.0,1.0,2.0,2.0,4.0,3.33,4.0,2.67,4.0,5.0,3.67,3.0
,8965.0,2670.0,4.0,2.0,35.0,26.8,24502.5,20.0,,52.0,62.0,1.0,1.0,1.0,1.0,12.0,1.0,3.0,2.0,2.0,4.0,3.0,3.443333333333334,2.776666666666667,3.556666666666666,4.556666666666667,3.276666666666667,2.0
1.0,,,4.0,2.0,,,,,,52.0,51.0,2.0,1.0,1.0,1.0,12.0,1.0,5.0,1.0,2.0,,,,,,,,
2.0,6320.0,770.0,1.0,2.0,42.0,31.0,36300.0,22.0,50.0,52.0,55.0,1.0,1.0,1.0,1.0,12.0,1.0,1.0,8.0,2.0,,3.33,3.0,2.67,4.0,5.0,3.67,2.0
2.0,9230.0,6080.0,1.0,2.0,45.0,50.0,11797.5,16.0,40.0,46.0,22.0,1.0,1.0,1.0,1.0,12.0,1.0,5.0,0.0,2.0,4.0,2.5,2.83,2.0,3.67,5.5,3.33,2.0
1.0,4230.0,7690.0,1.0,2.0,25.0,12.6,2359.5,6.0,40.0,20.0,57.0,2.0,1.0,1.0,1.0,12.0,1.0,3.0,2.0,2.0,,1.67,2.0,1.0,5.33,2.67,1.67,2.0
2.0,2910.0,7580.0,2.0,1.0,48.0,51.5,4083.75,9.0,25.0,52.0,45.0,1.0,1.0,1.0,1.0,12.0,1.0,5.0,2.0,2.0,4.0,4.33,5.0,3.67,4.67,2.67,3.5,3.0
,4110.0,8680.0,5.0,2.0,31.0,19.6,,,,0.0,80.0,2.0,1.0,1.0,1.0,11.0,0.0,3.0,0.0,2.0,4.0,2.33,2.33,2.0,6.0,3.33,2.0,2.0
,3800.0,9470.0,5.0,2.0,40.0,45.1,,,,0.0,69.0,1.0,1.0,1.0,1.0,12.0,1.0,1.0,2.0,2.0,4.0,3.665,4.17,3.165,5.165,5.335,3.415,2.5
1.0,230.0,6770.0,1.0,2.0,59.0,75.5,,,40.0,52.0,52.0,2.0,1.0,1.0,1.0,18.0,4.0,5.0,0.0,2.0,4.0,5.7524999999999995,6.0825,5.25,6.25,3.915,5.3325,4.5
1.0,2310.0,7860.0,1.0,2.0,61.0,80.9,,,40.0,52.0,30.0,2.0,1.0,1.0,1.0,16.0,3.0,1.0,2.0,2.0,1.0,5.333333333333333,5.33,4.22,6.22,4.22,4.78,4.0
,9620.0,4070.0,8.0,2.0,25.0,23.3,,,,0.0,51.0,1.0,1.0,1.0,1.0,13.0,1.0,1.0,0.0,2.0,4.0,2.0,2.0,2.0,4.33,4.33,2.17,2.0
,,,5.0,,,,,,,0.0,86.0,2.0,1.0,1.0,1.0,12.0,1.0,2.0,7.0,2.0,4.0,,,,,,,
,6200.0,770.0,5.0,2.0,49.0,46.0,97883.49087,26.0,,52.0,64.0,1.0,1.0,1.0,1.0,12.0,1.0,3.0,0.0,2.0,1.0,5.335,5.67,4.83,4.665,4.335,4.915,3.0
1.0,4760.0,4870.0,1.0,2.0,31.0,39.7,7713.75,13.0,40.0,52.0,29.0,1.0,1.0,1.0,1.0,12.0,1.0,5.0,0.0,2.0,4.0,3.0,3.0,2.67,5.0,4.0,2.33,2.0
1.0,3320.0,8190.0,1.0,2.0,59.0,69.3,19965.0,19.0,36.0,48.0,48.0,2.0,1.0,1.0,1.0,14.0,2.0,2.0,1.0,2.0,4.0,4.7,4.468,3.898000000000001,5.468,5.434,4.682,3.0
4.0,6260.0,770.0,1.0,1.0,28.0,25.2,,,60.0,6.0,45.0,1.0,1.0,1.0,1.0,10.0,0.0,1.0,6.0,2.0,4.0,2.33,2.67,1.67,4.0,4.33,3.17,2.0
2.0,6260.0,770.0,1.0,2.0,28.0,25.2,,,45.0,52.0,46.0,1.0,1.0,1.0,1.0,12.0,1.0,3.0,3.0,2.0,4.0,2.33,2.67,1.67,4.0,4.33,3.17,2.0
,7750.0,3570.0,5.0,2.0,35.0,25.0,,,,0.0,77.0,1.0,1.0,1.0,1.0,12.0,1.0,1.0,3.0,2.0,,2.4466666666666668,2.443333333333334,2.33,3.6633333333333336,4.556666666666667,2.8366666666666664,2.0
,6200.0,770.0,5.0,2.0,49.0,46.0,,,,0.0,70.0,1.0,2.0,1.0,1.0,13.0,1.0,1.0,4.0,4.0,,5.335,5.67,4.83,4.665,4.335,4.915,3.0
,3649.0,8190.0,5.0,2.0,53.0,30.0,,,,0.0,40.0,2.0,2.0,1.0,1.0,14.0,1.0,1.0,5.0,4.0,2.0,4.0,2.67,3.0,4.0,4.67,3.5,3.0
2.0,9130.0,4470.0,4.0,2.0,35.0,32.0,,,,0.0,60.0,1.0,1.0,5.0,1.0,12.0,1.0,5.0,0.0,4.0,4.0,2.223333333333333,3.6666666666666665,2.11,2.8866666666666667,4.556666666666667,3.056666666666666,2.0
3.0,4110.0,8680.0,1.0,2.0,31.0,19.6,4991.25,10.0,40.0,52.0,37.0,2.0,1.0,1.0,2.0,20.0,3.0,5.0,0.0,4.0,4.0,2.33,2.33,2.0,6.0,3.33,2.0,2.0
1.0,7200.0,8770.0,1.0,2.0,45.0,31.2,,,48.0,52.0,55.0,1.0,3.0,2.0,2.0,18.0,3.0,1.0,1.0,4.0,,3.67,4.33,3.0,3.83,4.33,3.58,3.0
1.0,4040.0,8680.0,1.0,2.0,32.0,26.9,36300.0,22.0,40.0,30.0,27.0,1.0,3.0,2.0,2.0,12.0,1.0,1.0,1.0,4.0,4.0,2.33,4.0,2.67,5.33,3.33,2.33,2.0
2.0,3930.0,8590.0,3.0,2.0,34.0,34.7,8621.25,14.0,,50.0,57.0,1.0,2.0,1.0,2.0,18.0,3.0,1.0,5.0,4.0,4.0,3.665,4.835,3.165,3.835,5.165,3.335,2.0
,3255.0,8190.0,5.0,2.0,64.0,84.2,,,,0.0,80.0,2.0,1.0,1.0,2.0,20.0,4.0,2.0,3.0,4.0,,5.3340000000000005,4.934,4.8,6.066,5.734,5.1,4.4
,50.0,6870.0,5.0,2.0,53.0,73.9,97883.49087,26.0,,52.0,56.0,1.0,1.0,1.0,1.0,16.0,3.0,1.0,2.0,4.0,4.0,5.665,5.67,5.0,4.835,5.165,5.835,4.0
2.0,3640.0,7980.0,7.0,2.0,48.0,28.6,,,,0.0,53.0,2.0,1.0,1.0,1.0,13.0,1.0,1.0,4.0,4.0,,3.33,3.67,3.0,6.0,5.67,4.17,3.0
2.0,4850.0,7970.0,2.0,1.0,45.0,62.0,16335.0,18.0,10.0,40.0,42.0,2.0,1.0,1.0,1.0,18.0,3.0,1.0,2.0,4.0,4.0,4.89,4.89,3.78,4.553333333333334,3.78,4.613333333333333,3.6666666666666665
2.0,5810.0,7590.0,2.0,2.0,37.0,32.6,16335.0,18.0,10.0,52.0,40.0,2.0,1.0,1.0,1.0,15.0,2.0,5.0,2.0,4.0,4.0,2.0,2.0,1.67,3.67,4.33,2.83,2.0
2.0,9620.0,4180.0,1.0,2.0,25.0,23.3,29947.5,21.0,60.0,52.0,28.0,1.0,1.0,1.0,1.0,12.0,1.0,5.0,0.0,4.0,4.0,2.0,2.0,2.0,4.33,4.33,2.17,2.0
1.0,1105.0,1990.0,1.0,2.0,61.0,74.8,16335.0,18.0,40.0,36.0,50.0,1.0,1.0,1.0,1.0,14.0,1.0,1.0,1.0,4.0,2.0,4.67,4.33,4.67,4.0,5.33,5.5,4.0
,6260.0,770.0,4.0,,28.0,25.2,,,,0.0,63.0,1.0,1.0,1.0,1.0,13.0,1.0,3.0,2.0,4.0,4.0,2.33,2.67,1.67,4.0,4.33,3.17,2.0
1.0,5400.0,5080.0,7.0,2.0,38.0,25.7,,,,0.0,79.0,2.0,1.0,1.0,1.0,12.0,1.0,1.0,2.0,4.0,4.0,3.0,3.0,2.33,5.67,4.0,2.67,2.0
1.0,6355.0,770.0,2.0,2.0,49.0,45.4,3267.0,8.0,22.0,40.0,40.0,1.0,2.0,1.0,1.0,14.0,1.0,5.0,3.0,4.0,1.0,4.33,5.33,3.33,3.67,5.0,4.17,3.0
3.0,6440.0,770.0,1.0,2.0,43.0,36.2,16335.0,18.0,40.0,51.0,48.0,1.0,1.0,2.0,2.0,12.0,0.0,1.0,2.0,4.0,4.0,2.915,4.0,2.665,4.335,4.75,3.455,2.5
,5900.0,6870.0,5.0,2.0,29.0,29.2,,,,0.0,71.0,1.0,3.0,2.0,1.0,13.0,1.0,3.0,4.0,4.0,,2.0,2.67,2.0,4.0,4.33,2.33,2.0
,4600.0,8470.0,8.0,2.0,35.0,21.8,,,,0.0,43.0,2.0,2.0,3.0,1.0,12.0,0.0,5.0,1.0,4.0,4.0,4.0,4.5,2.5,6.0,3.0,3.33,2.0
1.0,5860.0,7280.0,7.0,2.0,32.0,35.8,19965.0,19.0,,52.0,45.0,2.0,1.0,5.0,1.0,13.0,1.0,1.0,1.0,4.0,4.0,2.33,2.67,2.33,5.67,4.33,2.5,2.0
,5300.0,8660.0,5.0,2.0,30.0,24.1,,,,0.0,74.0,1.0,1.0,1.0,1.0,16.0,3.0,3.0,2.0,4.0,4.0,2.33,3.0,2.33,6.0,3.67,2.17,2.0
1.0,430.0,1180.0,1.0,2.0,39.0,67.7,50820.0,24.0,80.0,52.0,39.0,1.0,1.0,1.0,1.0,13.0,1.0,1.0,3.0,3.0,4.0,5.5,5.29125,4.875,4.8325,4.375,5.04125,4.0
,3600.0,8170.0,5.0,2.0,48.0,24.2,,,,0.0,86.0,2.0,2.0,1.0,2.0,8.0,0.0,2.0,3.0,3.0,4.0,2.915,3.0,2.3325,5.0825,4.6675,3.125,2.25
1.0,6050.0,170.0,1.0,1.0,27.0,14.0,,,40.0,40.0,33.0,1.0,1.0,1.0,1.0,13.0,1.0,5.0,0.0,3.0,4.0,2.3333333333333335,2.443333333333334,1.6133333333333333,2.8866666666666667,3.8866666666666663,2.17,2.0
2.0,4720.0,5490.0,2.0,2.0,28.0,21.6,8621.25,14.0,25.0,45.0,60.0,2.0,1.0,1.0,1.0,16.0,3.0,3.0,5.0,3.0,,2.5,2.835,2.0,4.5,4.0,2.335,2.0
1.0,4220.0,2170.0,3.0,2.0,24.0,20.7,24502.5,20.0,,52.0,51.0,1.0,1.0,1.0,1.0,12.0,1.0,1.0,2.0,3.0,4.0,1.67,2.0,1.33,4.33,3.0,2.0,3.0
,8300.0,9070.0,5.0,1.0,26.0,15.8,,,,0.0,69.0,1.0,1.0,1.0,1.0,12.0,1.0,1.0,2.0,3.0,4.0,2.0,2.67,2.0,3.67,3.33,2.33,2.0
1.0,2000.0,7870.0,1.0,2.0,51.0,63.7,,,43.0,52.0,55.0,2.0,1.0,1.0,1.0,17.0,3.0,1.0,1.0,3.0,4.0,5.465999999999999,5.0,4.668,6.6,3.601999999999999,4.566,4.8
2.0,9130.0,6170.0,1.0,2.0,35.0,32.0,24502.5,20.0,46.0,52.0,60.0,2.0,1.0,1.0,1.0,12.0,1.0,3.0,2.0,3.0,,2.223333333333333,3.6666666666666665,2.11,2.8866666666666667,4.556666666666667,3.056666666666666,2.0
1.0,110.0,6590.0,1.0,2.0,60.0,83.8,24502.5,20.0,50.0,52.0,30.0,2.0,1.0,1.0,1.0,17.0,3.0,5.0,0.0,3.0,,5.33,5.0,5.33,4.33,5.67,6.5,4.0
1.0,3060.0,8190.0,1.0,2.0,80.0,92.8,97883.49087,26.0,40.0,52.0,36.0,1.0,3.0,1.0,1.0,20.0,4.0,5.0,0.0,3.0,4.0,6.155882352941177,5.96,6.077058823529412,5.587647058823529,5.0194117647058825,5.676470588235294,5.0
1.0,10.0,770.0,1.0,1.0,72.0,77.4,97883.49087,26.0,40.0,50.0,77.0,1.0,1.0,1.0,1.0,16.0,3.0,1.0,2.0,3.0,,6.5,6.835,6.5,5.0,4.33,6.33,5.0
,800.0,7970.0,5.0,2.0,60.0,76.3,,,,0.0,72.0,2.0,1.0,1.0,1.0,17.0,3.0,1.0,2.0,3.0,4.0,5.0,5.0,4.67,4.67,4.67,4.5,4.0
,2340.0,7890.0,5.0,1.0,38.0,59.1,,,,0.0,65.0,2.0,1.0,1.0,1.0,16.0,3.0,5.0,0.0,3.0,,5.0,5.446666666666666,4.11,6.0,3.0,4.28,3.5
2.0,7000.0,4670.0,1.0,2.0,43.0,52.4,43560.0,23.0,60.0,52.0,57.0,1.0,1.0,1.0,1.0,12.0,1.0,3.0,2.0,3.0,4.0,4.67,5.67,4.0,4.33,4.33,5.0,3.0
1.0,2630.0,7380.0,1.0,2.0,46.0,61.4,97883.49087,26.0,50.0,52.0,49.0,1.0,1.0,1.0,1.0,18.0,4.0,1.0,3.0,3.0,,5.24,5.048571428571429,3.954285714285714,4.428571428571429,3.238571428571429,4.3342857142857145,3.5714285714285716
1.0,6230.0,770.0,3.0,1.0,44.0,28.7,9982.5,15.0,,30.0,59.0,1.0,1.0,1.0,1.0,12.0,1.0,1.0,5.0,3.0,4.0,3.67,4.33,2.83,3.0,4.83,3.83,2.0
1.0,840.0,6970.0,1.0,2.0,58.0,81.9,36300.0,22.0,25.0,50.0,26.0,1.0,1.0,1.0,1.0,16.0,3.0,5.0,0.0,3.0,4.0,,,,,,,4.0
1.0,3060.0,8090.0,2.0,1.0,80.0,92.8,97883.49087,26.0,24.0,51.0,69.0,1.0,1.0,1.0,1.0,20.0,4.0,1.0,2.0,3.0,4.0,6.155882352941177,5.96,6.077058823529412,5.587647058823529,5.0194117647058825,5.676470588235294,5.0
2.0,2320.0,7860.0,7.0,2.0,64.0,82.5,,,,0.0,54.0,2.0,1.0,1.0,1.0,18.0,4.0,1.0,3.0,3.0,4.0,5.5,5.165,4.165,6.5,4.5,5.08,4.0
,1300.0,7290.0,5.0,2.0,73.0,84.0,,,,0.0,,1.0,1.0,1.0,1.0,17.0,4.0,1.0,,3.0,,5.335,5.835,5.17,3.5,3.665,5.335,4.5
1.0,430.0,3960.0,1.0,2.0,39.0,67.7,97883.49087,26.0,50.0,52.0,51.0,1.0,1.0,1.0,1.0,20.0,4.0,1.0,3.0,3.0,4.0,5.5,5.29125,4.875,4.8325,4.375,5.04125,4.0
,6230.0,770.0,5.0,2.0,44.0,28.7,,,,,62.0,2.0,2.0,1.0,1.0,14.0,1.0,1.0,3.0,3.0,4.0,3.67,4.33,2.83,3.0,4.83,3.83,2.0
,,,6.0,,,,,,,4.0,23.0,2.0,1.0,1.0,1.0,15.0,1.0,5.0,0.0,3.0,4.0,,,,,,,
2.0,630.0,7580.0,1.0,2.0,47.0,65.3,24502.5,20.0,40.0,52.0,33.0,1.0,3.0,5.0,2.0,17.0,3.0,5.0,0.0,3.0,4.0,4.556666666666667,4.333333333333333,4.0,5.446666666666666,4.333333333333333,4.163333333333333,3.3333333333333335
1.0,,,1.0,2.0,,,,,40.0,50.0,42.0,1.0,3.0,5.0,2.0,10.0,1.0,1.0,3.0,3.0,,,,,,,,
,,,7.0,,,,,,,0.0,43.0,2.0,1.0,1.0,1.0,10.0,0.0,4.0,3.0,3.0,4.0,,,,,,,
1.0,9620.0,4470.0,1.0,2.0,25.0,23.3,24502.5,20.0,40.0,52.0,56.0,1.0,1.0,2.0,2.0,12.0,1.0,1.0,4.0,3.0,4.0,2.0,2.0,2.0,4.33,4.33,2.17,2.0
,,,,,,,,,,,42.0,2.0,2.0,1.0,1.0,3.0,0.0,5.0,3.0,3.0,,,,,,,,
,3600.0,8190.0,6.0,2.0,48.0,24.2,1633.5,4.0,,9.0,37.0,2.0,3.0,2.0,1.0,12.0,1.0,1.0,4.0,3.0,4.0,2.915,3.0,2.3325,5.0825,4.6675,3.125,2.25
,4850.0,6680.0,8.0,2.0,45.0,62.0,2722.5,7.0,,5.0,64.0,2.0,2.0,1.0,1.0,12.0,1.0,3.0,2.0,3.0,,4.89,4.89,3.78,4.553333333333334,3.78,4.613333333333333,3.6666666666666665
3.0,5240.0,7780.0,2.0,2.0,31.0,37.6,1996.5,5.0,20.0,20.0,33.0,2.0,2.0,1.0,1.0,15.0,1.0,5.0,5.0,3.0,4.0,3.835,4.0,3.335,6.165,4.5,3.58,2.5
,9120.0,6180.0,5.0,2.0,35.0,31.6,,,,,70.0,1.0,2.0,1.0,1.0,12.0,1.0,3.0,1.0,3.0,1.0,3.0,4.33,2.0,5.0,5.0,3.0,2.0
,4010.0,7860.0,5.0,2.0,38.0,27.0,,,,0.0,71.0,2.0,2.0,1.0,1.0,12.0,1.0,2.0,0.0,3.0,4.0,3.67,4.67,3.67,5.67,4.67,3.17,2.0
2.0,4060.0,8680.0,1.0,2.0,24.0,14.6,5898.75,11.0,36.0,52.0,31.0,1.0,1.0,1.0,1.0,12.0,1.0,5.0,0.0,3.0,4.0,1.835,2.25,1.835,4.415,3.835,2.21,2.0
2.0,8740.0,3570.0,1.0,2.0,39.0,38.1,13612.5,17.0,40.0,50.0,47.0,1.0,1.0,1.0,1.0,14.0,1.0,5.0,0.0,3.0,4.0,2.33,2.33,1.67,3.0,4.33,2.83,2.0
,9130.0,1690.0,5.0,2.0,35.0,32.0,,,,0.0,73.0,1.0,1.0,1.0,1.0,12.0,1.0,1.0,1.0,3.0,4.0,2.223333333333333,3.6666666666666665,2.11,2.8866666666666667,4.556666666666667,3.056666666666666,2.0
1.0,2340.0,7580.0,1.0,2.0,38.0,59.1,1996.5,5.0,40.0,22.0,51.0,2.0,1.0,1.0,1.0,14.0,1.0,1.0,2.0,3.0,4.0,5.0,5.446666666666666,4.11,6.0,3.0,4.28,3.5
1.0,2025.0,8370.0,1.0,2.0,56.0,53.8,,,40.0,52.0,48.0,2.0,,1.0,1.0,16.0,3.0,5.0,,3.0,,5.5,5.665,4.165,7.0,3.33,4.585,4.0
,,,8.0,,,,,,,0.0,40.0,1.0,2.0,1.0,1.0,11.0,0.0,5.0,0.0,3.0,4.0,,,,,,,
,2200.0,7870.0,5.0,2.0,74.0,84.5,,,,0.0,83.0,2.0,1.0,1.0,1.0,20.0,4.0,3.0,2.0,3.0,4.0,5.658888888888889,5.612222222222222,5.184722222222223,5.074166666666667,3.1766666666666667,5.342777777777778,4.944444444444445
1.0,,,1.0,2.0,,,,,40.0,,,1.0,1.0,1.0,1.0,,0.0,1.0,2.0,3.0,4.0,,,,,,,
,4010.0,8680.0,5.0,2.0,38.0,27.0,,,,0.0,83.0,2.0,2.0,1.0,1.0,12.0,1.0,3.0,3.0,3.0,,3.67,4.67,3.67,5.67,4.67,3.17,2.0
4.0,9620.0,5390.0,1.0,2.0,25.0,23.3,,,35.0,0.0,60.0,2.0,1.0,1.0,1.0,12.0,1.0,4.0,2.0,3.0,4.0,2.0,2.0,2.0,4.33,4.33,2.17,2.0
2.0,565.0,2190.0,1.0,2.0,47.0,69.4,24502.5,20.0,40.0,52.0,26.0,2.0,1.0,1.0,1.0,16.0,3.0,5.0,0.0,3.0,4.0,4.555,4.778333333333333,3.776666666666667,4.445,4.666666666666667,4.445,3.6666666666666665
1.0,5620.0,5790.0,7.0,2.0,25.0,23.8,,,,0.0,36.0,2.0,2.0,1.0,1.0,13.0,1.0,1.0,5.0,3.0,4.0,2.0,2.83,1.83,4.5,4.25,2.29,2.0
1.0,3258.0,7970.0,1.0,2.0,72.0,92.2,50820.0,24.0,40.0,52.0,62.0,2.0,1.0,1.0,1.0,20.0,4.0,2.0,1.0,3.0,4.0,5.67,5.67,5.0,6.67,5.67,5.5,5.0
,4700.0,5490.0,5.0,1.0,38.0,43.0,,,,0.0,71.0,2.0,1.0,1.0,1.0,15.0,1.0,3.0,3.0,3.0,,3.67,4.67,3.67,4.33,4.0,4.0,2.0
,3600.0,7580.0,5.0,2.0,48.0,24.2,,,,0.0,68.0,2.0,1.0,1.0,1.0,13.0,1.0,2.0,3.0,3.0,4.0,2.915,3.0,2.3325,5.0825,4.6675,3.125,2.25
,1550.0,3990.0,5.0,2.0,50.0,57.4,,,,0.0,76.0,2.0,2.0,1.0,1.0,12.0,1.0,4.0,2.0,3.0,4.0,4.528333333333333,4.235,3.9091666666666662,3.7283333333333335,5.1875,4.503333333333333,3.076923076923077
1.0,7020.0,6070.0,1.0,2.0,38.0,52.1,36300.0,22.0,40.0,52.0,41.0,1.0,1.0,3.0,2.0,14.0,2.0,1.0,0.0,3.0,,4.165,4.0,2.67,3.665,5.0,4.33,3.0
,,,5.0,,,,,,,0.0,77.0,2.0,1.0,1.0,1.0,16.0,3.0,1.0,1.0,3.0,,,,,,,,
2.0,2830.0,6470.0,1.0,2.0,51.0,73.4,36300.0,22.0,40.0,52.0,27.0,2.0,1.0,1.0,1.0,16.0,3.0,1.0,0.0,3.0,4.0,5.33,6.0,5.0,4.33,4.0,4.33,4.0
1.0,4230.0,7690.0,2.0,2.0,25.0,12.6,1633.5,4.0,4.0,20.0,42.0,2.0,3.0,5.0,2.0,16.0,3.0,1.0,3.0,3.0,4.0,1.67,2.0,1.0,5.33,2.67,1.67,2.0
1.0,5940.0,770.0,1.0,2.0,17.0,45.3,11797.5,16.0,40.0,52.0,43.0,2.0,1.0,3.0,1.0,14.0,2.0,3.0,1.0,3.0,,,,,,,,
,3500.0,8190.0,5.0,2.0,69.0,46.6,,,,0.0,70.0,2.0,1.0,1.0,1.0,15.0,1.0,3.0,3.0,3.0,,5.33,5.0,4.0,6.33,5.67,4.33,3.0
,7330.0,1390.0,5.0,2.0,38.0,42.8,,,,0.0,75.0,1.0,1.0,1.0,1.0,14.0,2.0,1.0,4.0,3.0,4.0,3.0,4.5,2.5,3.5,5.67,3.42,2.5
,110.0,2190.0,5.0,2.0,60.0,83.8,,,,0.0,74.0,1.0,1.0,1.0,1.0,16.0,3.0,1.0,4.0,3.0,,5.33,5.0,5.33,4.33,5.67,6.5,4.0
1.0,4110.0,8660.0,1.0,2.0,31.0,19.6,16335.0,18.0,70.0,52.0,57.0,2.0,1.0,1.0,2.0,12.0,1.0,1.0,3.0,3.0,4.0,2.33,2.33,2.0,6.0,3.33,2.0,2.0
,5000.0,9480.0,5.0,2.0,46.0,52.0,,,,0.0,72.0,2.0,,1.0,1.0,16.0,3.0,1.0,2.0,3.0,4.0,4.33,5.33,4.33,5.33,5.67,4.83,3.0
1.0,650.0,5080.0,1.0,2.0,53.0,64.2,24502.5,20.0,40.0,52.0,42.0,2.0,2.0,3.0,1.0,18.0,4.0,5.0,2.0,3.0,,5.33,5.33,4.67,6.33,4.67,4.83,4.0
2.0,8965.0,6380.0,2.0,2.0,35.0,26.8,16335.0,18.0,25.0,52.0,44.0,1.0,1.0,1.0,1.0,16.0,3.0,5.0,1.0,3.0,,3.0,3.443333333333334,2.776666666666667,3.556666666666666,4.556666666666667,3.276666666666667,2.0
2.0,2630.0,7390.0,1.0,2.0,46.0,61.4,11797.5,16.0,40.0,7.0,39.0,2.0,1.0,1.0,2.0,18.0,4.0,1.0,2.0,3.0,4.0,5.24,5.048571428571429,3.954285714285714,4.428571428571429,3.238571428571429,4.3342857142857145,3.5714285714285716
3.0,1410.0,570.0,1.0,2.0,73.0,86.5,36300.0,22.0,50.0,52.0,34.0,1.0,1.0,1.0,1.0,17.0,3.0,5.0,0.0,3.0,4.0,5.0,5.22,4.776666666666666,3.33,4.556666666666667,5.113333333333333,4.0
,430.0,9590.0,5.0,2.0,39.0,67.7,,,,0.0,69.0,1.0,1.0,1.0,2.0,16.0,3.0,1.0,2.0,3.0,4.0,5.5,5.29125,4.875,4.8325,4.375,5.04125,4.0
1.0,2340.0,9590.0,1.0,2.0,38.0,59.1,97883.49087,26.0,40.0,51.0,54.0,1.0,1.0,1.0,1.0,18.0,4.0,1.0,3.0,3.0,4.0,5.0,5.446666666666666,4.11,6.0,3.0,4.28,3.5
3.0,630.0,9590.0,1.0,2.0,47.0,65.3,97883.49087,26.0,30.0,52.0,39.0,2.0,1.0,1.0,1.0,17.0,3.0,1.0,1.0,3.0,2.0,4.556666666666667,4.333333333333333,4.0,5.446666666666666,4.333333333333333,4.163333333333333,3.3333333333333335
2.0,3850.0,9470.0,1.0,2.0,60.0,65.3,29947.5,21.0,40.0,52.0,47.0,1.0,3.0,1.0,1.0,12.0,1.0,1.0,1.0,3.0,4.0,5.67,5.67,5.17,5.67,5.67,4.75,3.0
2.0,4110.0,8680.0,7.0,2.0,31.0,19.6,8621.25,14.0,,52.0,22.0,2.0,1.0,4.0,1.0,12.0,1.0,1.0,1.0,3.0,4.0,2.33,2.33,2.0,6.0,3.33,2.0,2.0
2.0,5700.0,8590.0,7.0,2.0,47.0,38.8,,,,0.0,34.0,2.0,3.0,1.0,2.0,15.0,1.0,1.0,2.0,3.0,4.0,3.3325,3.0,2.9175,5.0825,4.8325,3.6225,2.5
2.0,1710.0,9590.0,1.0,2.0,63.0,85.9,,,40.0,52.0,19.0,2.0,1.0,3.0,1.0,12.0,1.0,1.0,0.0,3.0,4.0,5.33,5.0,4.67,5.0,3.0,5.0,4.0
,,,,,,,,,,,60.0,2.0,1.0,1.0,1.0,14.0,2.0,3.0,4.0,3.0,,,,,,,,
2.0,7260.0,4690.0,1.0,2.0,33.0,21.3,,,60.0,52.0,21.0,1.0,3.0,5.0,1.0,12.0,1.0,5.0,0.0,3.0,4.0,2.89,3.78,2.3333333333333335,3.11,3.8866666666666663,2.776666666666667,2.0
2.0,5860.0,,1.0,2.0,32.0,35.8,13612.5,17.0,40.0,40.0,26.0,2.0,1.0,1.0,1.0,12.0,1.0,5.0,2.0,3.0,,2.33,2.67,2.33,5.67,4.33,2.5,2.0
2.0,5620.0,5390.0,1.0,2.0,25.0,23.8,,,30.0,52.0,34.0,2.0,2.0,1.0,1.0,11.0,1.0,5.0,2.0,3.0,,2.0,2.83,1.83,4.5,4.25,2.29,2.0
,,,,,,,,,,,42.0,2.0,2.0,1.0,1.0,17.0,3.0,5.0,0.0,3.0,4.0,,,,,,,
1.0,4465.0,9080.0,1.0,2.0,49.0,66.1,24502.5,20.0,40.0,51.0,60.0,1.0,2.0,1.0,1.0,16.0,3.0,3.0,2.0,3.0,4.0,4.67,5.33,4.0,6.33,4.0,4.33,3.0
1.0,3930.0,8590.0,1.0,2.0,34.0,34.7,726.0,2.0,32.0,20.0,23.0,2.0,2.0,1.0,2.0,12.0,1.0,5.0,1.0,3.0,4.0,3.665,4.835,3.165,3.835,5.165,3.335,2.0
1.0,3255.0,8270.0,1.0,2.0,64.0,84.2,,,32.0,52.0,41.0,2.0,2.0,1.0,1.0,18.0,3.0,5.0,2.0,3.0,,5.3340000000000005,4.934,4.8,6.066,5.734,5.1,4.4
2.0,6200.0,770.0,1.0,2.0,49.0,46.0,43560.0,23.0,65.0,50.0,48.0,1.0,1.0,1.0,1.0,13.0,1.0,1.0,1.0,3.0,,5.335,5.67,4.83,4.665,4.335,4.915,3.0
1.0,8140.0,8870.0,1.0,1.0,38.0,28.4,13612.5,17.0,50.0,50.0,27.0,1.0,1.0,1.0,1.0,12.0,1.0,1.0,1.0,3.0,4.0,2.415,3.25,2.25,3.75,5.25,3.0,2.0
,7630.0,8880.0,8.0,2.0,31.0,35.4,,,,0.0,64.0,2.0,3.0,1.0,1.0,15.0,1.0,3.0,1.0,3.0,4.0,4.0,3.0,2.67,3.33,4.0,3.83,2.0
4.0,5300.0,8660.0,1.0,2.0,30.0,24.1,,,9.0,0.0,43.0,2.0,2.0,1.0,1.0,8.0,0.0,5.0,0.0,3.0,4.0,2.33,3.0,2.33,6.0,3.67,2.17,2.0
1.0,4510.0,8980.0,2.0,2.0,36.0,24.6,6806.25,12.0,25.0,52.0,62.0,2.0,1.0,1.0,1.0,12.0,1.0,5.0,2.0,3.0,4.0,4.0,5.0,2.67,6.33,2.0,3.17,3.0
,800.0,9070.0,5.0,2.0,60.0,76.3,,,,0.0,65.0,2.0,1.0,1.0,1.0,12.0,1.0,3.0,4.0,3.0,,5.0,5.0,4.67,4.67,4.67,4.5,4.0
1.0,3500.0,8190.0,1.0,2.0,69.0,46.6,16335.0,18.0,42.0,52.0,30.0,2.0,2.0,1.0,1.0,12.0,1.0,5.0,2.0,3.0,4.0,5.33,5.0,4.0,6.33,5.67,4.33,3.0
,9620.0,6170.0,5.0,2.0,25.0,23.3,,,,0.0,73.0,1.0,2.0,1.0,1.0,9.0,0.0,3.0,3.0,3.0,4.0,2.0,2.0,2.0,4.33,4.33,2.17,2.0
2.0,9130.0,1290.0,1.0,2.0,35.0,32.0,36300.0,22.0,45.0,52.0,42.0,1.0,2.0,1.0,1.0,12.0,1.0,5.0,4.0,3.0,,2.223333333333333,3.6666666666666665,2.11,2.8866666666666667,4.556666666666667,3.056666666666666,2.0
1.0,4720.0,7860.0,7.0,2.0,28.0,21.6,726.0,2.0,,48.0,43.0,2.0,2.0,1.0,1.0,13.0,1.0,5.0,1.0,3.0,,2.5,2.835,2.0,4.5,4.0,2.335,2.0
,5410.0,6070.0,8.0,2.0,33.0,44.9,,,,0.0,64.0,1.0,2.0,1.0,1.0,16.0,3.0,3.0,2.0,3.0,4.0,3.33,3.67,3.0,5.0,3.67,3.17,2.0
1.0,7340.0,7870.0,4.0,2.0,44.0,36.4,1270.5,3.0,,52.0,26.0,1.0,2.0,1.0,1.0,13.0,1.0,5.0,0.0,3.0,4.0,3.33,4.0,2.67,4.0,5.0,3.67,3.0
1.0,4610.0,9090.0,7.0,1.0,48.0,20.1,1996.5,5.0,,52.0,34.0,2.0,2.0,1.0,1.0,12.0,1.0,5.0,2.0,3.0,,4.0,3.33,2.67,5.67,4.0,3.0,2.0
2.0,4020.0,8680.0,1.0,1.0,33.0,13.6,16335.0,18.0,60.0,52.0,37.0,1.0,2.0,1.0,1.0,16.0,3.0,5.0,2.0,3.0,4.0,2.732,3.665999999999999,2.268,4.066,3.6,2.6,2.2
,4700.0,5380.0,7.0,2.0,38.0,43.0,,,,0.0,56.0,2.0,2.0,1.0,1.0,12.0,1.0,4.0,1.0,3.0,4.0,3.67,4.67,3.67,4.33,4.0,4.0,2.0
,9140.0,6190.0,5.0,1.0,26.0,28.5,,,,0.0,66.0,2.0,1.0,1.0,1.0,12.0,1.0,5.0,0.0,3.0,4.0,,,,,,,2.0
1.0,4620.0,8590.0,1.0,1.0,35.0,42.9,19965.0,19.0,40.0,50.0,57.0,2.0,2.0,1.0,1.0,15.0,2.0,5.0,0.0,3.0,4.0,4.5,5.0,3.165,6.0,4.0,3.67,3.5
2.0,4230.0,8270.0,2.0,2.0,25.0,12.6,16335.0,18.0,25.0,52.0,67.0,2.0,2.0,1.0,1.0,11.0,0.0,5.0,2.0,3.0,,1.67,2.0,1.0,5.33,2.67,1.67,2.0
2.0,2540.0,7860.0,1.0,2.0,48.0,26.1,,,38.0,,50.0,2.0,1.0,1.0,1.0,12.0,1.0,3.0,1.0,3.0,,,,,,,,3.0
1.0,7430.0,8790.0,1.0,2.0,33.0,53.9,,,59.0,52.0,33.0,1.0,3.0,1.0,1.0,15.0,1.0,1.0,0.0,3.0,4.0,3.665,4.25,2.6675,3.4175,3.5,3.5425,3.0
2.0,7330.0,1670.0,1.0,2.0,38.0,42.8,16335.0,18.0,40.0,52.0,55.0,1.0,2.0,1.0,1.0,14.0,2.0,1.0,0.0,3.0,4.0,3.0,4.5,2.5,3.5,5.67,3.42,2.5
,230.0,7860.0,5.0,2.0,59.0,75.5,,,,,73.0,1.0,,1.0,1.0,19.0,4.0,1.0,2.0,3.0,4.0,5.7524999999999995,6.0825,5.25,6.25,3.915,5.3325,4.5
2.0,5620.0,5790.0,2.0,2.0,25.0,23.8,,,32.0,,20.0,1.0,1.0,1.0,1.0,14.0,2.0,5.0,0.0,3.0,4.0,2.0,2.83,1.83,4.5,4.25,2.29,2.0
1.0,3500.0,6990.0,1.0,2.0,69.0,46.6,36300.0,22.0,70.0,45.0,46.0,2.0,2.0,1.0,1.0,14.0,2.0,1.0,3.0,3.0,4.0,5.33,5.0,4.0,6.33,5.67,4.33,3.0
,6230.0,770.0,5.0,1.0,44.0,28.7,,,,0.0,89.0,1.0,1.0,1.0,1.0,10.0,1.0,2.0,2.0,3.0,4.0,3.67,4.33,2.83,3.0,4.83,3.83,2.0
,3535.0,7380.0,8.0,2.0,52.0,49.2,,,,0.0,53.0,2.0,1.0,1.0,1.0,12.0,1.0,2.0,4.0,3.0,4.0,4.696666666666666,4.39,3.9716666666666662,5.5566666666666675,4.803333333333334,4.485,3.4285714285714284
2.0,8965.0,2490.0,1.0,2.0,35.0,26.8,13612.5,17.0,55.0,52.0,49.0,1.0,1.0,1.0,1.0,14.0,2.0,5.0,0.0,3.0,4.0,3.0,3.443333333333334,2.776666666666667,3.556666666666666,4.556666666666667,3.276666666666667,2.0
1.0,5240.0,2980.0,1.0,2.0,31.0,37.6,,,40.0,49.0,44.0,2.0,1.0,3.0,1.0,16.0,1.0,1.0,2.0,3.0,4.0,3.835,4.0,3.335,6.165,4.5,3.58,2.5
1.0,4760.0,5380.0,7.0,2.0,31.0,39.7,4083.75,9.0,,23.0,37.0,2.0,1.0,3.0,2.0,12.0,1.0,5.0,3.0,3.0,,3.0,3.0,2.67,5.0,4.0,2.33,2.0
,5120.0,4470.0,5.0,2.0,45.0,38.3,,,,0.0,79.0,2.0,1.0,1.0,1.0,12.0,1.0,1.0,2.0,3.0,4.0,3.67,3.67,3.0,4.67,5.0,3.67,3.0
,140.0,2370.0,5.0,2.0,50.0,68.0,,,,0.0,76.0,2.0,1.0,1.0,1.0,13.0,1.0,2.0,3.0,3.0,,5.5566666666666675,5.5,5.446666666666666,4.555,4.443333333333333,5.695,3.6666666666666665
,150.0,1480.0,5.0,2.0,52.0,71.6,,,,0.0,66.0,1.0,1.0,1.0,1.0,12.0,1.0,1.0,3.0,3.0,4.0,4.0,4.67,4.33,4.0,5.0,5.33,4.0
,,,,,35.0,32.8,,,,50.0,31.0,1.0,1.0,1.0,1.0,14.0,1.0,5.0,0.0,3.0,4.0,,,,,,,
,50.0,5270.0,5.0,2.0,53.0,73.9,,,,0.0,73.0,1.0,1.0,1.0,1.0,12.0,1.0,1.0,0.0,3.0,4.0,5.665,5.67,5.0,4.835,5.165,5.835,4.0
,1410.0,1390.0,5.0,2.0,73.0,86.5,,,,0.0,68.0,1.0,1.0,1.0,1.0,14.0,2.0,1.0,2.0,3.0,,5.0,5.22,4.776666666666666,3.33,4.556666666666667,5.113333333333333,4.0
,7700.0,3180.0,5.0,2.0,50.0,46.5,,,,0.0,88.0,1.0,1.0,1.0,1.0,12.0,1.0,1.0,1.0,3.0,4.0,5.0,5.67,4.67,5.0,5.33,4.67,3.0
1.0,9130.0,770.0,1.0,2.0,35.0,32.0,29947.5,21.0,65.0,52.0,28.0,1.0,2.0,5.0,2.0,12.0,1.0,1.0,4.0,3.0,,2.223333333333333,3.6666666666666665,2.11,2.8866666666666667,4.556666666666667,3.056666666666666,2.0
,1300.0,7290.0,4.0,1.0,73.0,84.0,1270.5,3.0,,26.0,70.0,1.0,1.0,1.0,1.0,14.0,1.0,3.0,0.0,3.0,4.0,5.335,5.835,5.17,3.5,3.665,5.335,4.5
2.0,1107.0,9590.0,1.0,2.0,48.0,70.5,36300.0,22.0,40.0,52.0,25.0,2.0,1.0,2.0,1.0,16.0,3.0,5.0,1.0,3.0,,5.576363636363637,4.969090909090909,4.4390909090909085,3.4545454545454546,4.181818181818182,5.038181818181818,3.8461538461538463
2.0,5940.0,8290.0,1.0,2.0,17.0,45.3,36300.0,22.0,60.0,52.0,37.0,2.0,1.0,1.0,1.0,17.0,3.0,3.0,0.0,3.0,4.0,,,,,,,
2.0,5140.0,7280.0,2.0,1.0,40.0,41.8,19965.0,19.0,26.0,48.0,42.0,2.0,1.0,1.0,1.0,16.0,3.0,4.0,3.0,3.0,,3.33,3.33,3.0,5.0,4.33,3.33,3.0
,3500.0,7970.0,8.0,2.0,69.0,46.6,16335.0,18.0,,4.0,41.0,2.0,1.0,1.0,1.0,14.0,2.0,1.0,2.0,3.0,2.0,5.33,5.0,4.0,6.33,5.67,4.33,3.0
1.0,140.0,4380.0,1.0,2.0,50.0,68.0,36300.0,22.0,58.0,52.0,67.0,2.0,1.0,1.0,1.0,15.0,1.0,5.0,0.0,3.0,4.0,5.5566666666666675,5.5,5.446666666666666,4.555,4.443333333333333,5.695,3.6666666666666665
1.0,4110.0,8680.0,2.0,2.0,31.0,19.6,,,6.0,2.0,24.0,,1.0,1.0,,,0.0,5.0,,3.0,4.0,2.33,2.33,2.0,6.0,3.33,2.0,2.0
2.0,9600.0,6390.0,1.0,2.0,35.0,20.9,16335.0,18.0,50.0,52.0,30.0,2.0,2.0,1.0,1.0,12.0,1.0,3.0,3.0,3.0,4.0,2.33,3.0,2.33,4.33,4.33,2.5,2.0
2.0,5620.0,5380.0,2.0,2.0,25.0,23.8,1270.5,3.0,24.0,14.0,39.0,1.0,1.0,2.0,1.0,12.0,1.0,4.0,1.0,3.0,4.0,2.0,2.83,1.83,4.5,4.25,2.29,2.0
2.0,9600.0,6390.0,1.0,2.0,35.0,20.9,13612.5,17.0,33.0,,24.0,2.0,3.0,3.0,2.0,12.0,1.0,1.0,2.0,3.0,4.0,2.33,3.0,2.33,4.33,4.33,2.5,2.0
1.0,4600.0,8470.0,2.0,1.0,35.0,21.8,43560.0,23.0,21.0,48.0,58.0,2.0,1.0,1.0,1.0,13.0,1.0,1.0,2.0,3.0,4.0,4.0,4.5,2.5,6.0,3.0,3.33,2.0
2.0,205.0,180.0,1.0,1.0,46.0,39.9,97883.49087,26.0,60.0,52.0,42.0,2.0,1.0,1.0,1.0,16.0,3.0,1.0,2.0,3.0,4.0,4.89,5.22,4.44,4.66,3.22,4.67,4.0
,5700.0,6390.0,5.0,2.0,47.0,38.8,,,,0.0,74.0,2.0,1.0,1.0,1.0,12.0,1.0,2.0,2.0,3.0,4.0,3.3325,3.0,2.9175,5.0825,4.8325,3.6225,2.5
1.0,3850.0,9470.0,1.0,2.0,60.0,65.3,29947.5,21.0,50.0,40.0,40.0,1.0,1.0,1.0,1.0,14.0,1.0,1.0,6.0,3.0,4.0,5.67,5.67,5.17,5.67,5.67,4.75,3.0
2.0,5610.0,4070.0,1.0,2.0,35.0,23.7,24502.5,20.0,40.0,50.0,55.0,1.0,1.0,1.0,1.0,12.0,1.0,1.0,3.0,3.0,4.0,2.67,3.0,2.67,5.33,4.33,2.83,2.0
3.0,1020.0,5180.0,1.0,2.0,60.0,87.9,16335.0,18.0,40.0,26.0,25.0,1.0,1.0,1.0,1.0,14.0,2.0,5.0,0.0,3.0,4.0,5.0,5.0,4.67,4.33,5.0,5.0,4.0
,2320.0,7890.0,5.0,2.0,64.0,82.5,,,,0.0,72.0,2.0,2.0,1.0,1.0,16.0,3.0,5.0,1.0,3.0,4.0,5.5,5.165,4.165,6.5,4.5,5.08,4.0
,7020.0,6680.0,5.0,2.0,38.0,52.1,,,,0.0,77.0,1.0,1.0,1.0,1.0,12.0,1.0,1.0,2.0,3.0,3.0,4.165,4.0,2.67,3.665,5.0,4.33,3.0
2.0,4720.0,6290.0,1.0,2.0,28.0,21.6,,,40.0,40.0,19.0,1.0,1.0,3.0,2.0,14.0,1.0,5.0,,3.0,,2.5,2.835,2.0,4.5,4.0,2.335,2.0
1.0,5240.0,5590.0,2.0,2.0,31.0,37.6,13612.5,17.0,30.0,50.0,29.0,2.0,3.0,4.0,2.0,18.0,2.0,1.0,1.0,3.0,4.0,3.835,4.0,3.335,6.165,4.5,3.58,2.5
1.0,,,1.0,2.0,,,,,40.0,52.0,45.0,1.0,2.0,1.0,1.0,16.0,3.0,1.0,3.0,3.0,,,,,,,,
1.0,5000.0,8190.0,7.0,2.0,46.0,52.0,,,,0.0,50.0,2.0,1.0,1.0,2.0,12.0,1.0,1.0,3.0,3.0,4.0,4.33,5.33,4.33,5.33,5.67,4.83,3.0
1.0,5000.0,7690.0,1.0,2.0,46.0,52.0,11797.5,16.0,40.0,40.0,58.0,2.0,1.0,1.0,1.0,8.0,0.0,3.0,4.0,3.0,,4.33,5.33,4.33,5.33,5.67,4.83,3.0
2.0,8965.0,3990.0,1.0,2.0,35.0,26.8,4083.75,9.0,37.0,,26.0,2.0,1.0,1.0,1.0,12.0,1.0,5.0,1.0,3.0,4.0,3.0,3.443333333333334,2.776666666666667,3.556666666666666,4.556666666666667,3.276666666666667,2.0
2.0,,,7.0,,,,,,,12.0,49.0,2.0,1.0,1.0,1.0,11.0,1.0,4.0,6.0,3.0,,,,,,,,
3.0,8030.0,3570.0,1.0,2.0,40.0,38.3,16335.0,18.0,40.0,52.0,38.0,1.0,2.0,1.0,1.0,15.0,2.0,5.0,4.0,3.0,1.0,2.67,3.33,2.67,2.0,5.33,3.33,3.0
2.0,8140.0,3570.0,1.0,2.0,38.0,28.4,11797.5,16.0,48.0,50.0,24.0,2.0,1.0,1.0,1.0,11.0,0.0,5.0,1.0,3.0,,2.415,3.25,2.25,3.75,5.25,3.0,2.0
1.0,4720.0,4970.0,7.0,2.0,28.0,21.6,,,,0.0,66.0,2.0,1.0,5.0,1.0,13.0,1.0,2.0,3.0,3.0,4.0,2.5,2.835,2.0,4.5,4.0,2.335,2.0
,4600.0,8470.0,5.0,2.0,35.0,21.8,,,,0.0,62.0,2.0,1.0,1.0,2.0,10.0,1.0,1.0,2.0,3.0,4.0,4.0,4.5,2.5,6.0,3.0,3.33,2.0
2.0,3600.0,8270.0,2.0,2.0,48.0,24.2,,,25.0,,22.0,2.0,2.0,1.0,2.0,14.0,2.0,1.0,0.0,3.0,4.0,2.915,3.0,2.3325,5.0825,4.6675,3.125,2.25
3.0,1320.0,9590.0,7.0,2.0,75.0,89.3,,,,0.0,49.0,2.0,1.0,1.0,1.0,10.0,1.0,1.0,6.0,3.0,4.0,5.0,5.33,5.33,4.33,5.0,5.5,4.0
1.0,800.0,7280.0,1.0,1.0,60.0,76.3,43560.0,23.0,40.0,52.0,77.0,1.0,1.0,1.0,1.0,18.0,4.0,1.0,2.0,3.0,4.0,5.0,5.0,4.67,4.67,4.67,4.5,4.0
2.0,,,1.0,2.0,,,,,40.0,50.0,39.0,1.0,1.0,1.0,1.0,18.0,4.0,1.0,3.0,3.0,4.0,,,,,,,
1.0,800.0,9370.0,1.0,2.0,60.0,76.3,29947.5,21.0,40.0,52.0,53.0,2.0,1.0,1.0,1.0,10.0,1.0,1.0,3.0,3.0,,5.0,5.0,4.67,4.67,4.67,4.5,4.0
1.0,4220.0,7860.0,1.0,2.0,24.0,20.7,16335.0,18.0,40.0,52.0,50.0,2.0,3.0,2.0,2.0,12.0,1.0,1.0,3.0,3.0,4.0,1.67,2.0,1.33,4.33,3.0,2.0,3.0
,5400.0,8190.0,5.0,2.0,38.0,25.7,,,,0.0,71.0,2.0,2.0,1.0,1.0,14.0,1.0,2.0,3.0,3.0,4.0,3.0,3.0,2.33,5.67,4.0,2.67,2.0
3.0,5420.0,8190.0,1.0,2.0,43.0,43.1,16335.0,18.0,50.0,49.0,44.0,2.0,1.0,1.0,1.0,15.0,1.0,1.0,1.0,3.0,4.0,,,,,,,
,5550.0,6370.0,5.0,2.0,45.0,58.4,,,,0.0,,1.0,1.0,1.0,1.0,16.0,3.0,1.0,2.0,3.0,4.0,2.33,3.0,2.67,3.67,4.0,3.5,2.0
2.0,5120.0,490.0,1.0,2.0,45.0,38.3,,,40.0,52.0,57.0,2.0,1.0,1.0,1.0,16.0,3.0,1.0,2.0,3.0,,3.67,3.67,3.0,4.67,5.0,3.67,3.0
1.0,,,1.0,2.0,,,,,72.0,,,1.0,1.0,1.0,1.0,16.0,3.0,1.0,1.0,3.0,,,,,,,,
2.0,350.0,8190.0,1.0,2.0,64.0,71.8,29947.5,21.0,40.0,52.0,48.0,2.0,1.0,1.0,1.0,16.0,3.0,3.0,4.0,3.0,4.0,5.0,6.0,4.67,6.0,5.67,6.0,4.0
2.0,,,7.0,,,,,,,15.0,79.0,,1.0,4.0,1.0,0.0,0.0,4.0,,3.0,4.0,,,,,,,
,3300.0,8180.0,5.0,2.0,61.0,60.5,,,,0.0,,2.0,1.0,1.0,1.0,17.0,4.0,1.0,3.0,3.0,,4.6675,4.6675,4.0024999999999995,3.665,4.75,4.04,3.8333333333333335
2.0,430.0,770.0,2.0,1.0,39.0,67.7,11797.5,16.0,30.0,52.0,61.0,2.0,1.0,1.0,1.0,16.0,3.0,1.0,3.0,3.0,4.0,5.5,5.29125,4.875,4.8325,4.375,5.04125,4.0
1.0,3930.0,7680.0,1.0,1.0,34.0,34.7,,,70.0,52.0,57.0,1.0,3.0,1.0,1.0,14.0,1.0,1.0,5.0,3.0,4.0,3.665,4.835,3.165,3.835,5.165,3.335,2.0
,2300.0,7860.0,5.0,2.0,53.0,41.1,,,,0.0,85.0,2.0,1.0,1.0,1.0,16.0,3.0,2.0,2.0,3.0,4.0,5.0,4.665,3.665,6.5,3.67,4.335,3.5
,3160.0,8090.0,5.0,2.0,65.0,87.3,,,,0.0,68.0,2.0,1.0,1.0,1.0,17.0,4.0,2.0,2.0,3.0,,5.67,5.33,5.67,6.67,4.67,5.33,5.0
4.0,7750.0,3570.0,7.0,2.0,35.0,25.0,,,,0.0,51.0,2.0,3.0,1.0,1.0,13.0,1.0,1.0,1.0,3.0,4.0,2.4466666666666668,2.443333333333334,2.33,3.6633333333333336,4.556666666666667,2.8366666666666664,2.0
1.0,2060.0,9160.0,2.0,2.0,31.0,51.7,726.0,2.0,3.0,50.0,87.0,2.0,1.0,1.0,1.0,14.0,1.0,2.0,3.0,3.0,4.0,,,,,,,
2.0,4010.0,8680.0,1.0,2.0,38.0,27.0,29947.5,21.0,40.0,52.0,28.0,1.0,1.0,1.0,1.0,15.0,2.0,5.0,1.0,3.0,,3.67,4.67,3.67,5.67,4.67,3.17,2.0
3.0,2310.0,7860.0,1.0,2.0,61.0,80.9,36300.0,22.0,40.0,50.0,32.0,1.0,1.0,1.0,1.0,18.0,4.0,1.0,2.0,3.0,3.0,5.333333333333333,5.33,4.22,6.22,4.22,4.78,4.0
,5700.0,7870.0,5.0,2.0,47.0,38.8,,,,0.0,73.0,2.0,1.0,1.0,1.0,17.0,3.0,1.0,1.0,3.0,4.0,3.3325,3.0,2.9175,5.0825,4.8325,3.6225,2.5
4.0,800.0,9380.0,1.0,2.0,60.0,76.3,43560.0,23.0,50.0,52.0,68.0,1.0,1.0,1.0,1.0,20.0,4.0,3.0,0.0,3.0,,5.0,5.0,4.67,4.67,4.67,4.5,4.0
,800.0,5270.0,5.0,2.0,60.0,76.3,50820.0,24.0,,52.0,62.0,2.0,1.0,1.0,1.0,16.0,3.0,2.0,0.0,3.0,,5.0,5.0,4.67,4.67,4.67,4.5,4.0
,4610.0,7690.0,5.0,2.0,48.0,20.1,,,,0.0,72.0,2.0,1.0,1.0,1.0,17.0,3.0,3.0,3.0,3.0,4.0,4.0,3.33,2.67,5.67,4.0,3.0,2.0
2.0,800.0,7280.0,2.0,2.0,60.0,76.3,11797.5,16.0,15.0,48.0,68.0,2.0,1.0,1.0,1.0,16.0,3.0,2.0,0.0,3.0,,5.0,5.0,4.67,4.67,4.67,4.5,4.0
2.0,4760.0,5080.0,1.0,2.0,31.0,39.7,97883.49087,26.0,55.0,1.0,54.0,2.0,1.0,1.0,1.0,16.0,4.0,5.0,0.0,3.0,,3.0,3.0,2.67,5.0,4.0,2.33,2.0
,9120.0,7860.0,5.0,2.0,35.0,31.6,,,,0.0,87.0,1.0,1.0,1.0,1.0,19.0,3.0,2.0,3.0,3.0,4.0,3.0,4.33,2.0,5.0,5.0,3.0,2.0
,430.0,7670.0,5.0,1.0,39.0,67.7,,,,0.0,77.0,2.0,1.0,1.0,1.0,12.0,1.0,2.0,2.0,3.0,,5.5,5.29125,4.875,4.8325,4.375,5.04125,4.0
1.0,1710.0,9590.0,1.0,2.0,63.0,85.9,13612.5,17.0,50.0,50.0,27.0,2.0,1.0,1.0,1.0,13.0,4.0,3.0,0.0,3.0,4.0,5.33,5.0,4.67,5.0,3.0,5.0,4.0
1.0,4110.0,8680.0,7.0,2.0,31.0,19.6,,,,20.0,23.0,,1.0,3.0,,15.0,1.0,1.0,1.0,3.0,,2.33,2.33,2.0,6.0,3.33,2.0,2.0
4.0,9830.0,9590.0,1.0,2.0,62.0,50.4,16335.0,18.0,40.0,52.0,25.0,1.0,1.0,1.0,1.0,14.0,1.0,1.0,0.0,3.0,,,,,,,,
3.0,4965.0,4970.0,2.0,2.0,31.0,55.3,1633.5,4.0,34.0,14.0,45.0,2.0,,3.0,1.0,17.0,3.0,4.0,2.0,3.0,,,,,,,,
3.0,5610.0,6290.0,1.0,2.0,35.0,23.7,2722.5,7.0,40.0,30.0,19.0,1.0,1.0,1.0,1.0,12.0,1.0,5.0,0.0,2.0,,2.67,3.0,2.67,5.33,4.33,2.83,2.0
2.0,8620.0,680.0,1.0,2.0,39.0,43.5,24502.5,20.0,40.0,52.0,53.0,1.0,1.0,1.0,1.0,16.0,3.0,3.0,2.0,2.0,4.0,3.0,4.67,2.33,2.33,5.67,2.83,2.0
,3255.0,7860.0,5.0,2.0,64.0,84.2,,,,0.0,67.0,2.0,1.0,1.0,1.0,14.0,2.0,1.0,4.0,2.0,4.0,5.3340000000000005,4.934,4.8,6.066,5.734,5.1,4.4
1.0,4050.0,8680.0,4.0,2.0,21.0,14.0,1633.5,4.0,,52.0,20.0,1.0,1.0,1.0,1.0,12.0,1.0,5.0,0.0,2.0,4.0,1.67,1.83,1.67,4.5,4.0,1.92,2.0
4.0,7020.0,770.0,7.0,2.0,38.0,52.1,8621.25,14.0,,50.0,44.0,1.0,1.0,1.0,1.0,13.0,1.0,1.0,3.0,2.0,2.0,4.165,4.0,2.67,3.665,5.0,4.33,3.0
,8610.0,7860.0,5.0,2.0,47.0,50.0,,,,0.0,83.0,1.0,1.0,1.0,1.0,13.0,1.0,1.0,2.0,2.0,,2.67,3.67,2.33,4.67,5.0,3.67,3.0
1.0,2630.0,5380.0,2.0,2.0,46.0,61.4,,,24.0,0.0,76.0,1.0,3.0,1.0,1.0,17.0,1.0,2.0,1.0,2.0,1.0,5.24,5.048571428571429,3.954285714285714,4.428571428571429,3.238571428571429,4.3342857142857145,3.5714285714285716
,3600.0,8270.0,5.0,2.0,48.0,24.2,,,,,80.0,2.0,1.0,1.0,1.0,12.0,1.0,2.0,3.0,2.0,4.0,2.915,3.0,2.3325,5.0825,4.6675,3.125,2.25
,4850.0,4270.0,5.0,2.0,45.0,62.0,,,,0.0,75.0,1.0,1.0,1.0,1.0,18.0,4.0,1.0,3.0,2.0,,4.89,4.89,3.78,4.553333333333334,3.78,4.613333333333333,3.6666666666666665
1.0,3630.0,8990.0,1.0,1.0,36.0,37.8,4083.75,9.0,45.0,,32.0,,1.0,3.0,1.0,6.0,0.0,5.0,4.0,2.0,4.0,3.67,4.67,3.33,5.33,3.0,3.5,3.0
1.0,7330.0,3570.0,1.0,2.0,38.0,42.8,19965.0,19.0,48.0,52.0,26.0,1.0,3.0,3.0,1.0,15.0,2.0,5.0,0.0,2.0,4.0,3.0,4.5,2.5,3.5,5.67,3.42,2.5
,3500.0,3570.0,5.0,2.0,69.0,46.6,,,,0.0,68.0,2.0,1.0,1.0,1.0,13.0,1.0,3.0,3.0,2.0,4.0,5.33,5.0,4.0,6.33,5.67,4.33,3.0
3.0,4700.0,5090.0,7.0,2.0,38.0,43.0,13612.5,17.0,,52.0,38.0,2.0,1.0,1.0,1.0,12.0,1.0,1.0,2.0,2.0,4.0,3.67,4.67,3.67,4.33,4.0,4.0,2.0
2.0,5860.0,8270.0,7.0,2.0,32.0,35.8,,,,0.0,60.0,2.0,1.0,1.0,1.0,14.0,2.0,1.0,5.0,2.0,4.0,2.33,2.67,2.33,5.67,4.33,2.5,2.0
2.0,160.0,1170.0,1.0,2.0,44.0,52.5,36300.0,22.0,55.0,52.0,40.0,1.0,1.0,1.0,1.0,14.0,1.0,5.0,4.0,2.0,2.0,4.44,5.22,4.22,5.33,4.78,5.17,4.0
2.0,6355.0,770.0,2.0,1.0,49.0,45.4,7713.75,13.0,10.0,44.0,71.0,1.0,1.0,1.0,1.0,12.0,1.0,3.0,3.0,2.0,,4.33,5.33,3.33,3.67,5.0,4.17,3.0
,4230.0,8290.0,5.0,2.0,25.0,12.6,,,,0.0,61.0,2.0,1.0,1.0,1.0,12.0,1.0,3.0,1.0,2.0,4.0,1.67,2.0,1.0,5.33,2.67,1.67,2.0
2.0,3600.0,8180.0,1.0,2.0,48.0,24.2,13612.5,17.0,45.0,52.0,39.0,2.0,1.0,1.0,1.0,12.0,1.0,,4.0,2.0,,2.915,3.0,2.3325,5.0825,4.6675,3.125,2.25
2.0,5940.0,9170.0,1.0,2.0,17.0,45.3,11797.5,16.0,45.0,30.0,25.0,2.0,1.0,1.0,1.0,17.0,3.0,5.0,0.0,2.0,,,,,,,,
3.0,5700.0,7290.0,1.0,2.0,47.0,38.8,13612.5,17.0,43.0,51.0,37.0,1.0,1.0,1.0,1.0,16.0,3.0,5.0,0.0,2.0,4.0,3.3325,3.0,2.9175,5.0825,4.8325,3.6225,2.5
2.0,430.0,9170.0,1.0,2.0,39.0,67.7,19965.0,19.0,40.0,50.0,34.0,2.0,1.0,1.0,1.0,16.0,3.0,1.0,1.0,2.0,4.0,5.5,5.29125,4.875,4.8325,4.375,5.04125,4.0
1.0,2016.0,9370.0,1.0,2.0,44.0,43.8,,,40.0,,45.0,1.0,2.0,1.0,2.0,17.0,4.0,1.0,3.0,2.0,4.0,3.67,4.0,3.33,6.0,5.0,3.5,4.0
,8965.0,3490.0,8.0,2.0,35.0,26.8,,,,0.0,61.0,2.0,1.0,1.0,1.0,11.0,1.0,3.0,2.0,2.0,2.0,3.0,3.443333333333334,2.776666666666667,3.556666666666666,4.556666666666667,3.276666666666667,2.0
1.0,4110.0,8680.0,2.0,2.0,31.0,19.6,4991.25,10.0,20.0,50.0,70.0,1.0,1.0,1.0,1.0,13.0,1.0,5.0,0.0,2.0,,2.33,2.33,2.0,6.0,3.33,2.0,2.0
2.0,8740.0,3590.0,1.0,2.0,39.0,38.1,8621.25,14.0,40.0,52.0,23.0,1.0,1.0,1.0,1.0,12.0,1.0,5.0,0.0,2.0,4.0,2.33,2.33,1.67,3.0,4.33,2.83,2.0
2.0,,,1.0,2.0,,,43560.0,23.0,40.0,52.0,64.0,1.0,1.0,1.0,1.0,18.0,4.0,1.0,2.0,2.0,,,,,,,,
,8740.0,3570.0,8.0,2.0,39.0,38.1,,,,0.0,64.0,2.0,1.0,1.0,1.0,12.0,1.0,1.0,2.0,2.0,4.0,2.33,2.33,1.67,3.0,4.33,2.83,2.0
1.0,140.0,1290.0,1.0,2.0,50.0,68.0,50820.0,24.0,42.0,45.0,59.0,2.0,1.0,1.0,1.0,16.0,3.0,1.0,2.0,2.0,,5.5566666666666675,5.5,5.446666666666666,4.555,4.443333333333333,5.695,3.6666666666666665
2.0,9200.0,2690.0,1.0,2.0,59.0,60.4,29947.5,21.0,46.0,52.0,46.0,1.0,1.0,1.0,1.0,12.0,1.0,5.0,0.0,2.0,1.0,2.5,3.39,2.443333333333334,4.11,5.833333333333333,3.72,2.0
3.0,2540.0,7860.0,3.0,2.0,48.0,26.1,5898.75,11.0,,50.0,25.0,2.0,1.0,1.0,1.0,13.0,1.0,1.0,2.0,2.0,4.0,,,,,,,3.0
1.0,4760.0,5170.0,7.0,2.0,31.0,39.7,181.5,1.0,,22.0,38.0,2.0,1.0,5.0,1.0,11.0,0.0,1.0,4.0,2.0,4.0,3.0,3.0,2.67,5.0,4.0,2.33,2.0
1.0,6440.0,770.0,1.0,2.0,43.0,36.2,24502.5,20.0,45.0,42.0,43.0,1.0,1.0,1.0,1.0,10.0,1.0,1.0,5.0,2.0,4.0,2.915,4.0,2.665,4.335,4.75,3.455,2.5
2.0,220.0,770.0,1.0,2.0,53.0,59.1,43560.0,23.0,40.0,52.0,53.0,1.0,1.0,1.0,1.0,16.0,3.0,5.0,0.0,2.0,4.0,5.33,5.67,4.67,5.0,5.33,5.83,4.0
2.0,230.0,7870.0,1.0,2.0,59.0,75.5,16335.0,18.0,44.0,40.0,27.0,2.0,3.0,1.0,1.0,18.0,4.0,5.0,0.0,3.0,,5.7524999999999995,6.0825,5.25,6.25,3.915,5.3325,4.5
1.0,1430.0,1090.0,1.0,2.0,63.0,81.6,29947.5,21.0,40.0,50.0,24.0,2.0,3.0,1.0,1.0,16.0,3.0,5.0,0.0,3.0,,5.5825,5.5024999999999995,5.1675,3.9175,4.4975000000000005,5.54,4.25
2.0,3600.0,9290.0,2.0,2.0,48.0,24.2,7713.75,13.0,41.0,52.0,64.0,2.0,2.0,1.0,1.0,14.0,2.0,5.0,3.0,3.0,4.0,2.915,3.0,2.3325,5.0825,4.6675,3.125,2.25
1.0,4430.0,8590.0,1.0,2.0,18.0,29.4,24502.5,20.0,50.0,40.0,28.0,2.0,1.0,1.0,1.0,18.0,4.0,5.0,0.0,3.0,4.0,1.7766666666666666,3.22,1.7766666666666666,4.78,3.443333333333334,2.556666666666666,2.0
,1965.0,7460.0,6.0,2.0,43.0,55.1,7713.75,13.0,,,23.0,1.0,3.0,1.0,1.0,18.0,4.0,5.0,0.0,3.0,,4.221666666666667,4.278333333333333,3.6666666666666665,3.776666666666667,4.776666666666666,4.193333333333333,3.2857142857142856
2.0,5240.0,4970.0,2.0,2.0,31.0,37.6,4991.25,10.0,36.0,50.0,22.0,2.0,1.0,1.0,1.0,16.0,3.0,5.0,0.0,3.0,4.0,3.835,4.0,3.335,6.165,4.5,3.58,2.5
,2540.0,7870.0,6.0,2.0,48.0,26.1,2722.5,7.0,,42.0,21.0,2.0,1.0,1.0,1.0,16.0,1.0,5.0,0.0,3.0,4.0,,,,,,,3.0
1.0,3420.0,8190.0,3.0,2.0,55.0,37.2,16335.0,18.0,,52.0,37.0,1.0,1.0,1.0,1.0,17.0,1.0,3.0,0.0,3.0,,3.556666666666666,3.4450000000000003,3.2216666666666662,5.4433333333333325,5.166666666666667,3.526666666666667,3.0
2.0,5840.0,6990.0,3.0,2.0,38.0,39.2,19965.0,19.0,,52.0,47.0,2.0,2.0,1.0,1.0,15.0,2.0,3.0,4.0,3.0,4.0,3.0,3.33,2.33,4.67,4.5,3.0,2.0
,4110.0,8680.0,6.0,2.0,31.0,19.6,4991.25,10.0,,40.0,,2.0,2.0,1.0,1.0,16.0,3.0,5.0,0.0,3.0,4.0,2.33,2.33,2.0,6.0,3.33,2.0,2.0
1.0,136.0,7580.0,1.0,2.0,53.0,68.6,19965.0,19.0,40.0,52.0,26.0,2.0,2.0,1.0,1.0,16.0,3.0,5.0,0.0,3.0,,5.33,5.0,5.67,6.0,4.33,5.33,4.0
4.0,1760.0,7460.0,1.0,2.0,42.0,86.8,19965.0,19.0,40.0,49.0,36.0,2.0,1.0,5.0,2.0,20.0,4.0,5.0,0.0,3.0,4.0,5.67,5.33,5.33,4.0,4.33,5.0,4.0
,2200.0,7870.0,6.0,2.0,74.0,84.5,1270.5,3.0,,48.0,24.0,2.0,3.0,1.0,2.0,16.0,3.0,5.0,0.0,3.0,,5.658888888888889,5.612222222222222,5.184722222222223,5.074166666666667,3.1766666666666667,5.342777777777778,4.944444444444445
2.0,4020.0,8680.0,1.0,2.0,33.0,13.6,7713.75,13.0,10.0,30.0,34.0,2.0,1.0,3.0,,7.0,0.0,5.0,0.0,3.0,2.0,2.732,3.665999999999999,2.268,4.066,3.6,2.6,2.2
4.0,7800.0,4970.0,2.0,2.0,45.0,19.7,6806.25,12.0,35.0,52.0,28.0,1.0,1.0,5.0,1.0,15.0,1.0,5.0,0.0,3.0,,5.0,3.67,3.0,3.0,3.33,2.5,2.0
,,,5.0,2.0,,,,,,0.0,80.0,2.0,1.0,1.0,1.0,12.0,1.0,1.0,2.0,3.0,4.0,,,,,,,
,8140.0,3190.0,5.0,2.0,38.0,28.4,,,,30.0,66.0,1.0,1.0,1.0,1.0,12.0,1.0,3.0,4.0,3.0,4.0,2.415,3.25,2.25,3.75,5.25,3.0,2.0
1.0,4020.0,8680.0,4.0,2.0,33.0,13.6,6806.25,12.0,,24.0,61.0,1.0,1.0,1.0,1.0,14.0,1.0,2.0,0.0,3.0,,2.732,3.665999999999999,2.268,4.066,3.6,2.6,2.2
1.0,1050.0,8180.0,1.0,2.0,48.0,64.5,19965.0,19.0,48.0,52.0,55.0,1.0,1.0,1.0,1.0,14.0,2.0,5.0,0.0,3.0,4.0,5.165,4.5,4.165,4.165,5.0,4.92,3.5
2.0,4850.0,2190.0,1.0,2.0,45.0,62.0,36300.0,22.0,50.0,48.0,41.0,2.0,1.0,1.0,1.0,16.0,3.0,1.0,2.0,3.0,,4.89,4.89,3.78,4.553333333333334,3.78,4.613333333333333,3.6666666666666665
2.0,8740.0,5490.0,1.0,2.0,39.0,38.1,,,40.0,45.0,39.0,2.0,1.0,2.0,2.0,6.0,0.0,1.0,2.0,3.0,4.0,2.33,2.33,1.67,3.0,4.33,2.83,2.0
,1006.0,7380.0,5.0,1.0,65.0,80.7,,,,0.0,74.0,1.0,1.0,1.0,1.0,12.0,1.0,1.0,2.0,3.0,4.0,5.0,5.0,4.835,4.17,4.665,4.835,4.0
2.0,7700.0,7490.0,1.0,2.0,50.0,46.5,24502.5,20.0,40.0,52.0,34.0,1.0,1.0,1.0,1.0,9.0,0.0,1.0,3.0,3.0,,5.0,5.67,4.67,5.0,5.33,4.67,3.0
,7040.0,8790.0,5.0,2.0,40.0,39.6,,,,0.0,74.0,1.0,1.0,1.0,1.0,12.0,1.0,1.0,2.0,3.0,,3.33,3.67,3.0,4.0,5.0,3.67,3.0
,2200.0,7870.0,5.0,2.0,74.0,84.5,,,,0.0,69.0,2.0,1.0,1.0,1.0,16.0,4.0,1.0,3.0,3.0,,5.658888888888889,5.612222222222222,5.184722222222223,5.074166666666667,3.1766666666666667,5.342777777777778,4.944444444444445
2.0,6260.0,770.0,4.0,2.0,28.0,25.2,,,,38.0,26.0,1.0,1.0,1.0,1.0,12.0,1.0,5.0,1.0,3.0,4.0,2.33,2.67,1.67,4.0,4.33,3.17,2.0
2.0,5700.0,8290.0,7.0,2.0,47.0,38.8,,,,0.0,75.0,2.0,1.0,1.0,1.0,12.0,1.0,2.0,3.0,3.0,4.0,3.3325,3.0,2.9175,5.0825,4.8325,3.6225,2.5
,2200.0,7870.0,5.0,2.0,74.0,84.5,,,,0.0,76.0,1.0,1.0,1.0,1.0,19.0,4.0,1.0,2.0,3.0,4.0,5.658888888888889,5.612222222222222,5.184722222222223,5.074166666666667,3.1766666666666667,5.342777777777778,4.944444444444445
4.0,2200.0,7880.0,1.0,2.0,74.0,84.5,11797.5,16.0,45.0,50.0,23.0,1.0,1.0,1.0,1.0,16.0,3.0,1.0,0.0,3.0,4.0,5.658888888888889,5.612222222222222,5.184722222222223,5.074166666666667,3.1766666666666667,5.342777777777778,4.944444444444445
,1050.0,4970.0,5.0,2.0,48.0,64.5,,,,0.0,69.0,2.0,1.0,1.0,1.0,12.0,1.0,1.0,4.0,3.0,4.0,5.165,4.5,4.165,4.165,5.0,4.92,3.5
,1560.0,7290.0,5.0,2.0,34.0,49.6,,,,0.0,74.0,1.0,1.0,1.0,1.0,15.0,2.0,2.0,2.0,3.0,4.0,3.5,4.17,3.0,3.67,4.67,3.58,3.0
1.0,3060.0,8190.0,1.0,2.0,80.0,92.8,24502.5,20.0,40.0,50.0,34.0,1.0,1.0,1.0,1.0,20.0,4.0,1.0,1.0,3.0,4.0,6.155882352941177,5.96,6.077058823529412,5.587647058823529,5.0194117647058825,5.676470588235294,5.0
2.0,4030.0,8680.0,2.0,2.0,21.0,13.6,2359.5,6.0,28.0,0.0,18.0,1.0,1.0,1.0,1.0,12.0,1.0,5.0,0.0,3.0,,1.67,1.67,1.67,4.67,4.67,2.0,2.0
,4700.0,4680.0,5.0,2.0,38.0,43.0,,,,0.0,69.0,1.0,1.0,1.0,1.0,20.0,3.0,1.0,2.0,3.0,4.0,3.67,4.67,3.67,4.33,4.0,4.0,2.0
2.0,5400.0,7480.0,1.0,2.0,38.0,25.7,11797.5,16.0,64.0,51.0,36.0,2.0,1.0,1.0,1.0,12.0,1.0,1.0,0.0,3.0,4.0,3.0,3.0,2.33,5.67,4.0,2.67,2.0
2.0,4710.0,6970.0,1.0,2.0,48.0,57.5,24502.5,20.0,40.0,52.0,41.0,2.0,1.0,1.0,1.0,14.0,2.0,1.0,1.0,3.0,4.0,4.33,5.33,4.0,5.0,5.0,5.17,4.0
3.0,3255.0,8180.0,3.0,1.0,64.0,84.2,24502.5,20.0,,48.0,41.0,2.0,1.0,2.0,1.0,20.0,4.0,1.0,2.0,1.0,4.0,5.3340000000000005,4.934,4.8,6.066,5.734,5.1,4.4
2.0,9120.0,6180.0,1.0,2.0,35.0,31.6,6806.25,12.0,40.0,52.0,39.0,2.0,1.0,1.0,1.0,12.0,1.0,1.0,2.0,1.0,4.0,3.0,4.33,2.0,5.0,5.0,3.0,2.0
2.0,5240.0,7780.0,1.0,2.0,31.0,37.6,16335.0,18.0,40.0,52.0,49.0,2.0,1.0,1.0,1.0,14.0,2.0,3.0,2.0,1.0,,3.835,4.0,3.335,6.165,4.5,3.58,2.5
,3255.0,7860.0,5.0,2.0,64.0,84.2,,,,0.0,71.0,2.0,1.0,1.0,1.0,18.0,4.0,1.0,2.0,1.0,,5.3340000000000005,4.934,4.8,6.066,5.734,5.1,4.4
1.0,6420.0,770.0,1.0,1.0,35.0,24.0,5898.75,11.0,40.0,25.0,52.0,2.0,1.0,1.0,1.0,14.0,1.0,3.0,3.0,1.0,4.0,3.0,3.67,2.33,3.33,4.0,3.33,2.0
1.0,100.0,6990.0,1.0,2.0,59.0,64.9,24502.5,20.0,40.0,52.0,43.0,2.0,1.0,1.0,1.0,16.0,3.0,1.0,2.0,1.0,4.0,4.67,5.67,4.67,6.33,4.0,4.67,3.0
,3255.0,8190.0,5.0,2.0,64.0,84.2,,,,0.0,69.0,2.0,1.0,1.0,1.0,16.0,3.0,1.0,3.0,1.0,4.0,5.3340000000000005,4.934,4.8,6.066,5.734,5.1,4.4
2.0,5540.0,6370.0,1.0,2.0,45.0,59.8,16335.0,18.0,45.0,15.0,35.0,1.0,1.0,1.0,1.0,12.0,1.0,1.0,0.0,1.0,1.0,2.33,3.0,2.67,4.33,4.33,3.83,2.0
1.0,7800.0,1190.0,4.0,2.0,45.0,19.7,,,,31.0,57.0,2.0,1.0,1.0,1.0,10.0,0.0,2.0,2.0,1.0,4.0,5.0,3.67,3.0,3.0,3.33,2.5,2.0
,8965.0,2470.0,5.0,2.0,35.0,26.8,,,,0.0,72.0,2.0,1.0,1.0,1.0,12.0,1.0,1.0,4.0,1.0,4.0,3.0,3.443333333333334,2.776666666666667,3.556666666666666,4.556666666666667,3.276666666666667,2.0
2.0,5120.0,770.0,1.0,2.0,45.0,38.3,16335.0,18.0,40.0,52.0,31.0,2.0,1.0,1.0,1.0,16.0,2.0,1.0,0.0,1.0,4.0,3.67,3.67,3.0,4.67,5.0,3.67,3.0
2.0,5860.0,,1.0,2.0,32.0,35.8,,,34.0,30.0,,2.0,1.0,1.0,1.0,12.0,1.0,1.0,0.0,1.0,,2.33,2.67,2.33,5.67,4.33,2.5,2.0
2.0,4840.0,7380.0,4.0,2.0,43.0,61.2,,,,0.0,52.0,1.0,1.0,1.0,1.0,17.0,2.0,3.0,4.0,1.0,,5.17,5.08,4.42,4.75,4.42,5.17,3.0
,3600.0,8170.0,5.0,2.0,48.0,24.2,,,,0.0,70.0,2.0,1.0,1.0,1.0,12.0,1.0,1.0,2.0,1.0,2.0,2.915,3.0,2.3325,5.0825,4.6675,3.125,2.25
1.0,4040.0,9170.0,1.0,2.0,32.0,26.9,8621.25,14.0,58.0,52.0,47.0,2.0,1.0,1.0,1.0,12.0,1.0,5.0,1.0,1.0,4.0,2.33,4.0,2.67,5.33,3.33,2.33,2.0
1.0,5700.0,4270.0,2.0,2.0,47.0,38.8,13612.5,17.0,10.0,52.0,65.0,1.0,1.0,1.0,1.0,13.0,1.0,1.0,1.0,1.0,4.0,3.3325,3.0,2.9175,5.0825,4.8325,3.6225,2.5
1.0,700.0,9590.0,1.0,2.0,51.0,61.9,29947.5,21.0,40.0,52.0,85.0,1.0,1.0,5.0,2.0,19.0,4.0,1.0,2.0,1.0,4.0,5.333333333333333,5.446666666666666,5.113333333333333,4.223333333333334,4.223333333333334,4.943333333333333,4.0
,1530.0,3380.0,5.0,2.0,70.0,86.1,,,,0.0,65.0,1.0,1.0,1.0,1.0,18.0,4.0,3.0,3.0,1.0,4.0,5.636363636363637,5.484545454545454,5.211818181818182,3.4545454545454546,4.271818181818182,5.531818181818182,4.181818181818182
3.0,4700.0,5790.0,1.0,2.0,38.0,43.0,19965.0,19.0,40.0,52.0,47.0,1.0,1.0,1.0,1.0,12.0,1.0,1.0,4.0,1.0,4.0,3.67,4.67,3.67,4.33,4.0,4.0,2.0
2.0,3255.0,8190.0,1.0,2.0,64.0,84.2,36300.0,22.0,36.0,52.0,27.0,2.0,1.0,1.0,1.0,17.0,3.0,5.0,0.0,1.0,1.0,5.3340000000000005,4.934,4.8,6.066,5.734,5.1,4.4
3.0,4720.0,4970.0,4.0,2.0,28.0,21.6,,,,0.0,33.0,2.0,1.0,1.0,1.0,12.0,1.0,5.0,1.0,1.0,4.0,2.5,2.835,2.0,4.5,4.0,2.335,2.0
2.0,420.0,8370.0,1.0,2.0,52.0,67.8,13612.5,17.0,40.0,40.0,42.0,2.0,1.0,1.0,1.0,16.0,3.0,5.0,2.0,1.0,4.0,5.33,5.67,5.0,6.33,4.33,5.5,4.0
,4040.0,8660.0,5.0,2.0,32.0,26.9,,,,0.0,64.0,2.0,1.0,1.0,1.0,12.0,1.0,1.0,0.0,1.0,2.0,2.33,4.0,2.67,5.33,3.33,2.33,2.0
4.0,9130.0,7390.0,4.0,2.0,35.0,32.0,13612.5,17.0,,32.0,58.0,1.0,1.0,1.0,1.0,12.0,1.0,1.0,3.0,1.0,,2.223333333333333,3.6666666666666665,2.11,2.8866666666666667,4.556666666666667,3.056666666666666,2.0
2.0,410.0,8380.0,1.0,2.0,41.0,54.6,19965.0,19.0,35.0,52.0,53.0,2.0,1.0,1.0,1.0,12.0,1.0,3.0,2.0,1.0,,5.0,5.67,4.33,4.33,3.67,4.83,4.0
,230.0,7860.0,5.0,2.0,59.0,75.5,,,,0.0,66.0,2.0,1.0,1.0,1.0,16.0,3.0,2.0,2.0,1.0,4.0,5.7524999999999995,6.0825,5.25,6.25,3.915,5.3325,4.5
,5700.0,9370.0,5.0,2.0,47.0,38.8,24502.5,20.0,,52.0,63.0,2.0,1.0,1.0,1.0,15.0,1.0,2.0,2.0,1.0,,3.3325,3.0,2.9175,5.0825,4.8325,3.6225,2.5
2.0,5360.0,4670.0,1.0,2.0,36.0,44.6,19965.0,19.0,44.0,52.0,48.0,2.0,1.0,1.0,1.0,13.0,1.0,3.0,2.0,1.0,4.0,3.33,3.67,3.33,5.0,4.67,3.83,3.0
,9830.0,9870.0,5.0,2.0,62.0,50.4,,,,0.0,89.0,1.0,1.0,1.0,1.0,19.0,4.0,2.0,4.0,1.0,4.0,,,,,,,
,20.0,9590.0,5.0,2.0,50.0,68.6,,,,0.0,78.0,1.0,1.0,1.0,1.0,16.0,3.0,1.0,4.0,1.0,,5.33,6.0,5.67,6.33,4.67,6.0,4.0
1.0,9830.0,9870.0,7.0,2.0,62.0,50.4,43560.0,23.0,,0.0,41.0,2.0,1.0,1.0,1.0,16.0,3.0,1.0,2.0,1.0,,,,,,,,
1.0,3540.0,9490.0,1.0,2.0,53.0,64.2,24502.5,20.0,38.0,52.0,42.0,2.0,1.0,1.0,1.0,18.0,4.0,1.0,0.0,1.0,4.0,5.111666666666667,4.611666666666667,4.388333333333333,5.835,4.498333333333334,4.473333333333334,4.0
2.0,5550.0,6370.0,1.0,2.0,45.0,58.4,,,48.0,52.0,29.0,1.0,1.0,1.0,1.0,18.0,3.0,5.0,0.0,1.0,1.0,2.33,3.0,2.67,3.67,4.0,3.5,2.0
,150.0,9370.0,5.0,2.0,52.0,71.6,,,,0.0,65.0,2.0,1.0,1.0,1.0,16.0,3.0,1.0,0.0,1.0,4.0,4.0,4.67,4.33,4.0,5.0,5.33,4.0
,8255.0,1990.0,5.0,2.0,36.0,31.1,,,,0.0,67.0,2.0,1.0,1.0,1.0,14.0,1.0,3.0,1.0,1.0,4.0,3.33,3.0,3.0,2.33,4.0,3.0,2.0
,5810.0,2170.0,8.0,2.0,37.0,32.6,,,,0.0,62.0,2.0,1.0,1.0,1.0,19.0,4.0,5.0,0.0,1.0,4.0,2.0,2.0,1.67,3.67,4.33,2.83,2.0
2.0,6355.0,770.0,1.0,2.0,49.0,45.4,36300.0,22.0,40.0,48.0,46.0,1.0,1.0,1.0,1.0,14.0,1.0,3.0,0.0,1.0,1.0,4.33,5.33,3.33,3.67,5.0,4.17,3.0
4.0,2830.0,6780.0,7.0,2.0,51.0,73.4,16335.0,18.0,,24.0,52.0,2.0,1.0,1.0,1.0,17.0,2.0,3.0,1.0,1.0,4.0,5.33,6.0,5.0,4.33,4.0,4.33,4.0
,3255.0,7970.0,5.0,2.0,64.0,84.2,,,,0.0,75.0,2.0,1.0,1.0,1.0,14.0,1.0,1.0,2.0,1.0,,5.3340000000000005,4.934,4.8,6.066,5.734,5.1,4.4
,4230.0,8190.0,5.0,2.0,25.0,12.6,,,,0.0,76.0,2.0,1.0,1.0,1.0,10.0,0.0,2.0,5.0,1.0,4.0,1.67,2.0,1.0,5.33,2.67,1.67,2.0
,6260.0,770.0,8.0,2.0,28.0,25.2,2722.5,7.0,,0.0,38.0,1.0,1.0,1.0,1.0,12.0,1.0,3.0,3.0,1.0,4.0,2.33,2.67,1.67,4.0,4.33,3.17,2.0
,8965.0,1870.0,5.0,2.0,35.0,26.8,,,,0.0,72.0,1.0,1.0,1.0,1.0,12.0,1.0,1.0,1.0,1.0,2.0,3.0,3.443333333333334,2.776666666666667,3.556666666666666,4.556666666666667,3.276666666666667,2.0
1.0,3600.0,8190.0,1.0,2.0,48.0,24.2,16335.0,18.0,40.0,52.0,64.0,2.0,1.0,1.0,2.0,17.0,3.0,,2.0,1.0,,2.915,3.0,2.3325,5.0825,4.6675,3.125,2.25
,2200.0,7870.0,5.0,2.0,74.0,84.5,,,,0.0,77.0,1.0,1.0,1.0,2.0,20.0,4.0,1.0,3.0,1.0,4.0,5.658888888888889,5.612222222222222,5.184722222222223,5.074166666666667,3.1766666666666667,5.342777777777778,4.944444444444445
2.0,3110.0,8190.0,1.0,2.0,63.0,75.7,43560.0,23.0,45.0,52.0,61.0,2.0,1.0,1.0,1.0,17.0,3.0,1.0,3.0,1.0,4.0,4.83,4.5,4.335,5.5,5.33,4.835,5.0
2.0,2025.0,9480.0,1.0,2.0,56.0,53.8,36300.0,22.0,40.0,52.0,38.0,1.0,1.0,1.0,1.0,16.0,3.0,1.0,0.0,1.0,1.0,5.5,5.665,4.165,7.0,3.33,4.585,4.0
1.0,420.0,9480.0,1.0,2.0,52.0,67.8,43560.0,23.0,40.0,47.0,52.0,2.0,2.0,1.0,2.0,16.0,3.0,5.0,1.0,1.0,,5.33,5.67,5.0,6.33,4.33,5.5,4.0
2.0,60.0,7460.0,1.0,2.0,52.0,82.4,43560.0,23.0,40.0,52.0,64.0,2.0,1.0,1.0,1.0,16.0,3.0,2.0,1.0,1.0,,,,,,,,4.0
2.0,2540.0,7860.0,2.0,2.0,48.0,26.1,13612.5,17.0,21.0,40.0,42.0,2.0,1.0,1.0,1.0,12.0,1.0,5.0,2.0,1.0,,,,,,,,3.0
1.0,2100.0,7270.0,1.0,2.0,69.0,91.1,29947.5,21.0,40.0,52.0,31.0,1.0,1.0,1.0,1.0,19.0,4.0,1.0,0.0,1.0,4.0,6.0,6.0,6.33,4.0,4.33,6.0,5.0
1.0,9140.0,8180.0,1.0,2.0,26.0,28.5,19965.0,19.0,60.0,52.0,54.0,1.0,2.0,1.0,1.0,13.0,1.0,1.0,2.0,1.0,2.0,,,,,,,2.0
3.0,2145.0,9180.0,1.0,2.0,52.0,60.3,19965.0,19.0,38.0,52.0,41.0,2.0,1.0,1.0,1.0,17.0,2.0,5.0,0.0,1.0,4.0,4.0,3.0,3.67,5.0,4.33,4.33,3.0
,,,6.0,,,,,,,48.0,29.0,1.0,3.0,2.0,1.0,20.0,3.0,1.0,3.0,1.0,1.0,,,,,,,
2.0,5700.0,9370.0,3.0,2.0,47.0,38.8,19965.0,19.0,,52.0,48.0,1.0,1.0,1.0,1.0,12.0,1.0,5.0,0.0,1.0,,3.3325,3.0,2.9175,5.0825,4.8325,3.6225,2.5
1.0,3600.0,8270.0,1.0,2.0,48.0,24.2,19965.0,19.0,40.0,52.0,35.0,2.0,1.0,1.0,1.0,12.0,1.0,5.0,4.0,1.0,4.0,2.915,3.0,2.3325,5.0825,4.6675,3.125,2.25
,340.0,8660.0,5.0,1.0,42.0,50.3,,,,0.0,85.0,2.0,1.0,1.0,2.0,16.0,3.0,2.0,5.0,1.0,4.0,5.0,6.0,4.33,7.0,4.0,4.17,4.0
,4610.0,8170.0,5.0,1.0,48.0,20.1,726.0,2.0,,52.0,62.0,2.0,1.0,1.0,1.0,12.0,1.0,2.0,3.0,1.0,,4.0,3.33,2.67,5.67,4.0,3.0,2.0
2.0,5120.0,770.0,1.0,2.0,45.0,38.3,29947.5,21.0,40.0,52.0,52.0,2.0,1.0,1.0,1.0,13.0,1.0,3.0,1.0,1.0,,3.67,3.67,3.0,4.67,5.0,3.67,3.0
2.0,6660.0,9370.0,1.0,2.0,49.0,53.9,24502.5,20.0,35.0,52.0,64.0,1.0,1.0,1.0,1.0,13.0,1.0,1.0,2.0,1.0,4.0,4.33,5.0,3.67,4.33,5.67,4.5,3.0
,4220.0,7860.0,8.0,2.0,24.0,20.7,,,,0.0,62.0,1.0,1.0,1.0,1.0,12.0,1.0,3.0,1.0,1.0,4.0,1.67,2.0,1.33,4.33,3.0,2.0,3.0
2.0,6520.0,770.0,7.0,2.0,35.0,34.1,,,,45.0,30.0,1.0,1.0,1.0,1.0,11.0,1.0,3.0,3.0,1.0,,3.0,3.67,2.33,3.33,5.0,3.17,2.0
,3255.0,8190.0,5.0,2.0,64.0,84.2,,,,0.0,89.0,2.0,1.0,1.0,1.0,18.0,4.0,2.0,4.0,1.0,4.0,5.3340000000000005,4.934,4.8,6.066,5.734,5.1,4.4
1.0,5840.0,6990.0,2.0,2.0,38.0,39.2,19965.0,19.0,25.0,48.0,55.0,2.0,1.0,1.0,1.0,15.0,2.0,1.0,2.0,1.0,4.0,3.0,3.33,2.33,4.67,4.5,3.0,2.0
,4600.0,6180.0,5.0,2.0,35.0,21.8,,,,0.0,67.0,2.0,1.0,1.0,1.0,12.0,1.0,2.0,0.0,1.0,,4.0,4.5,2.5,6.0,3.0,3.33,2.0
1.0,1740.0,9490.0,1.0,2.0,65.0,86.7,24502.5,20.0,55.0,52.0,32.0,2.0,1.0,1.0,1.0,18.0,4.0,5.0,0.0,1.0,,5.609999999999999,5.221666666666667,4.888333333333333,3.7783333333333338,3.0,5.001666666666666,4.833333333333333
2.0,5240.0,8680.0,7.0,2.0,31.0,37.6,,,,0.0,60.0,2.0,1.0,1.0,1.0,14.0,3.0,2.0,6.0,1.0,4.0,3.835,4.0,3.335,6.165,4.5,3.58,2.5
1.0,6355.0,770.0,1.0,2.0,49.0,45.4,36300.0,22.0,40.0,50.0,43.0,1.0,1.0,1.0,1.0,16.0,1.0,1.0,2.0,1.0,,4.33,5.33,3.33,3.67,5.0,4.17,3.0
,4120.0,8370.0,5.0,2.0,34.0,17.0,,,,52.0,66.0,2.0,1.0,1.0,1.0,12.0,1.0,1.0,3.0,1.0,4.0,1.67,2.33,1.67,3.67,3.67,2.33,2.0
2.0,6220.0,770.0,1.0,1.0,39.0,24.6,24502.5,20.0,40.0,52.0,62.0,1.0,1.0,1.0,1.0,16.0,3.0,1.0,4.0,1.0,4.0,3.335,4.0,2.5,3.17,4.67,3.835,2.0
2.0,6320.0,770.0,1.0,2.0,42.0,31.0,24502.5,20.0,67.0,52.0,46.0,1.0,1.0,1.0,1.0,12.0,1.0,1.0,3.0,1.0,1.0,3.33,3.0,2.67,4.0,5.0,3.67,2.0
,9620.0,4570.0,5.0,2.0,25.0,23.3,,,,0.0,71.0,2.0,1.0,1.0,1.0,0.0,0.0,2.0,0.0,1.0,4.0,2.0,2.0,2.0,4.33,4.33,2.17,2.0
1.0,6260.0,770.0,1.0,1.0,28.0,25.2,24502.5,20.0,70.0,52.0,35.0,1.0,3.0,5.0,2.0,9.0,0.0,1.0,2.0,1.0,4.0,2.33,2.67,1.67,4.0,4.33,3.17,2.0
,,,6.0,,,,,,,30.0,20.0,1.0,2.0,1.0,1.0,14.0,1.0,5.0,0.0,1.0,4.0,,,,,,,
,205.0,170.0,5.0,1.0,46.0,39.9,,,,0.0,89.0,2.0,1.0,1.0,2.0,8.0,0.0,3.0,5.0,1.0,4.0,4.89,5.22,4.44,4.66,3.22,4.67,4.0
1.0,3420.0,7460.0,3.0,2.0,55.0,37.2,16335.0,18.0,,52.0,63.0,1.0,1.0,1.0,1.0,14.0,2.0,1.0,0.0,1.0,4.0,3.556666666666666,3.4450000000000003,3.2216666666666662,5.4433333333333325,5.166666666666667,3.526666666666667,3.0
,5150.0,6370.0,5.0,2.0,36.0,53.0,,,,0.0,80.0,1.0,1.0,1.0,1.0,14.0,1.0,3.0,2.0,1.0,,3.67,4.33,3.33,4.33,4.0,3.33,2.0
2.0,3510.0,7590.0,1.0,2.0,48.0,36.9,43560.0,23.0,45.0,52.0,61.0,2.0,1.0,1.0,1.0,18.0,4.0,2.0,2.0,1.0,,,,,,,,3.0
2.0,310.0,8660.0,1.0,2.0,39.0,41.0,19965.0,19.0,50.0,45.0,31.0,2.0,1.0,1.0,1.0,16.0,3.0,5.0,2.0,1.0,4.0,4.33,5.67,4.33,4.67,4.67,4.5,2.0
,2340.0,7860.0,4.0,2.0,38.0,59.1,,,,40.0,26.0,1.0,1.0,1.0,1.0,18.0,4.0,5.0,0.0,1.0,4.0,5.0,5.446666666666666,4.11,6.0,3.0,4.28,3.5
,2310.0,7860.0,5.0,2.0,61.0,80.9,,,,0.0,72.0,2.0,1.0,1.0,1.0,18.0,4.0,1.0,0.0,1.0,4.0,5.333333333333333,5.33,4.22,6.22,4.22,4.78,4.0
1.0,4620.0,8590.0,1.0,1.0,35.0,42.9,11797.5,16.0,45.0,52.0,34.0,1.0,1.0,1.0,2.0,16.0,3.0,1.0,2.0,1.0,4.0,4.5,5.0,3.165,6.0,4.0,3.67,3.5
2.0,4700.0,5490.0,2.0,2.0,38.0,43.0,11797.5,16.0,30.0,51.0,57.0,2.0,1.0,1.0,1.0,18.0,2.0,3.0,2.0,1.0,,3.67,4.67,3.67,4.33,4.0,4.0,2.0
3.0,5000.0,6290.0,1.0,1.0,46.0,52.0,29947.5,21.0,45.0,52.0,66.0,1.0,1.0,1.0,1.0,12.0,1.0,1.0,1.0,3.0,,4.33,5.33,4.33,5.33,5.67,4.83,3.0
1.0,6050.0,170.0,1.0,2.0,27.0,14.0,11797.5,16.0,40.0,47.0,35.0,2.0,1.0,1.0,1.0,17.0,3.0,5.0,0.0,3.0,4.0,2.3333333333333335,2.443333333333334,1.6133333333333333,2.8866666666666667,3.8866666666666663,2.17,2.0
2.0,5620.0,4580.0,1.0,2.0,25.0,23.8,11797.5,16.0,50.0,52.0,61.0,2.0,1.0,1.0,1.0,14.0,2.0,3.0,2.0,3.0,4.0,2.0,2.83,1.83,4.5,4.25,2.29,2.0
3.0,4220.0,7690.0,1.0,1.0,24.0,20.7,11797.5,16.0,40.0,52.0,49.0,2.0,1.0,5.0,2.0,14.0,1.0,1.0,0.0,3.0,4.0,1.67,2.0,1.33,4.33,3.0,2.0,3.0
1.0,2540.0,7860.0,1.0,2.0,48.0,26.1,9982.5,15.0,40.0,52.0,65.0,1.0,1.0,1.0,1.0,17.0,3.0,3.0,1.0,3.0,,,,,,,,3.0
1.0,6660.0,770.0,1.0,2.0,49.0,53.9,97883.49087,26.0,60.0,50.0,30.0,1.0,1.0,1.0,1.0,20.0,4.0,1.0,0.0,3.0,,4.33,5.0,3.67,4.33,5.67,4.5,3.0
2.0,3255.0,8270.0,1.0,2.0,64.0,84.2,24502.5,20.0,40.0,52.0,37.0,1.0,1.0,1.0,1.0,18.0,1.0,2.0,0.0,3.0,4.0,5.3340000000000005,4.934,4.8,6.066,5.734,5.1,4.4
,8140.0,770.0,5.0,2.0,38.0,28.4,,,,0.0,66.0,1.0,1.0,1.0,1.0,12.0,1.0,1.0,0.0,3.0,3.0,2.415,3.25,2.25,3.75,5.25,3.0,2.0
1.0,5520.0,6170.0,1.0,2.0,32.0,38.2,,,45.0,52.0,33.0,2.0,1.0,1.0,1.0,16.0,2.0,1.0,1.0,3.0,,3.665,4.335,3.335,4.665,5.335,4.0,2.0
1.0,9030.0,6380.0,1.0,2.0,65.0,79.4,36300.0,22.0,45.0,52.0,47.0,1.0,1.0,1.0,1.0,12.0,1.0,1.0,4.0,3.0,3.0,5.67,6.33,5.835,4.835,6.5,5.25,3.5
,2320.0,7860.0,5.0,2.0,64.0,82.5,,,,0.0,67.0,2.0,1.0,1.0,1.0,18.0,4.0,5.0,0.0,3.0,4.0,5.5,5.165,4.165,6.5,4.5,5.08,4.0
1.0,3600.0,8170.0,1.0,2.0,48.0,24.2,,,40.0,52.0,24.0,2.0,1.0,1.0,1.0,12.0,1.0,3.0,1.0,3.0,,2.915,3.0,2.3325,5.0825,4.6675,3.125,2.25
2.0,5700.0,3890.0,7.0,2.0,47.0,38.8,,,,0.0,66.0,2.0,1.0,1.0,1.0,12.0,1.0,1.0,3.0,3.0,,3.3325,3.0,2.9175,5.0825,4.8325,3.6225,2.5
,5940.0,2070.0,5.0,2.0,17.0,45.3,,,,0.0,69.0,1.0,1.0,1.0,1.0,14.0,2.0,1.0,3.0,3.0,,,,,,,,
,4220.0,7860.0,8.0,2.0,24.0,20.7,,,,0.0,69.0,2.0,1.0,1.0,1.0,12.0,1.0,1.0,6.0,3.0,4.0,1.67,2.0,1.33,4.33,3.0,2.0,3.0
,3710.0,9470.0,5.0,2.0,66.0,72.6,,,,0.0,63.0,2.0,1.0,1.0,1.0,20.0,1.0,1.0,1.0,3.0,,5.0,6.33,6.0,5.33,5.0,5.33,2.0
3.0,5620.0,7780.0,2.0,2.0,25.0,23.8,,,0.0,0.0,18.0,1.0,1.0,1.0,1.0,12.0,1.0,5.0,0.0,3.0,,2.0,2.83,1.83,4.5,4.25,2.29,2.0
2.0,430.0,,1.0,2.0,39.0,67.7,9982.5,15.0,40.0,,28.0,2.0,1.0,1.0,1.0,12.0,0.0,3.0,3.0,3.0,4.0,5.5,5.29125,4.875,4.8325,4.375,5.04125,4.0
,4810.0,6990.0,5.0,1.0,47.0,57.8,,,,0.0,82.0,1.0,1.0,1.0,1.0,14.0,1.0,1.0,3.0,3.0,,5.0,5.33,3.67,5.33,4.67,3.83,4.0
1.0,4700.0,5070.0,1.0,2.0,38.0,43.0,24502.5,20.0,44.0,52.0,43.0,1.0,1.0,1.0,1.0,15.0,1.0,1.0,3.0,3.0,4.0,3.67,4.67,3.67,4.33,4.0,4.0,2.0
1.0,430.0,770.0,1.0,1.0,39.0,67.7,,,3.0,52.0,46.0,1.0,1.0,1.0,1.0,13.0,1.0,3.0,6.0,3.0,,5.5,5.29125,4.875,4.8325,4.375,5.04125,4.0
,2540.0,7860.0,6.0,2.0,48.0,26.1,4991.25,10.0,,38.0,19.0,2.0,1.0,1.0,1.0,13.0,1.0,5.0,0.0,3.0,,,,,,,,3.0
,4010.0,7860.0,5.0,2.0,38.0,27.0,,,,0.0,74.0,2.0,1.0,1.0,1.0,12.0,1.0,1.0,2.0,3.0,4.0,3.67,4.67,3.67,5.67,4.67,3.17,2.0
,2040.0,9160.0,5.0,1.0,66.0,62.6,181.5,1.0,,4.0,84.0,1.0,1.0,1.0,1.0,16.0,3.0,1.0,2.0,3.0,,6.67,6.33,5.33,6.33,3.33,5.0,5.0
,7855.0,1180.0,5.0,2.0,34.0,21.6,,,,,63.0,2.0,1.0,3.0,2.0,12.0,1.0,4.0,2.0,3.0,4.0,,,,,,,
3.0,9620.0,3870.0,2.0,2.0,25.0,23.3,,,31.0,30.0,31.0,2.0,1.0,2.0,2.0,0.0,0.0,4.0,2.0,3.0,4.0,2.0,2.0,2.0,4.33,4.33,2.17,2.0
2.0,,,7.0,,,,,,,0.0,30.0,2.0,1.0,1.0,1.0,12.0,1.0,1.0,1.0,3.0,4.0,,,,,,,
2.0,9640.0,1280.0,1.0,2.0,22.0,14.8,19965.0,19.0,36.0,52.0,34.0,1.0,1.0,1.0,1.0,12.0,1.0,5.0,1.0,3.0,4.0,1.67,2.0,1.33,4.33,3.0,1.67,2.0
3.0,4020.0,8680.0,4.0,2.0,33.0,13.6,,,,,25.0,1.0,1.0,1.0,1.0,12.0,1.0,5.0,0.0,3.0,,2.732,3.665999999999999,2.268,4.066,3.6,2.6,2.2
,,,8.0,,,,,,,12.0,29.0,1.0,1.0,1.0,1.0,12.0,1.0,5.0,2.0,3.0,,,,,,,,
1.0,3600.0,8170.0,1.0,1.0,48.0,24.2,4083.75,9.0,40.0,52.0,57.0,2.0,2.0,1.0,1.0,11.0,0.0,3.0,2.0,3.0,4.0,2.915,3.0,2.3325,5.0825,4.6675,3.125,2.25
,4140.0,8680.0,4.0,2.0,20.0,10.6,,,,0.0,29.0,1.0,1.0,1.0,1.0,12.0,1.0,1.0,0.0,3.0,4.0,1.67,2.0,1.67,4.0,2.67,1.5,2.0
2.0,4250.0,,2.0,2.0,37.0,18.6,,,28.0,,34.0,1.0,3.0,2.0,1.0,12.0,0.0,1.0,2.0,3.0,4.0,2.4466666666666668,3.3333333333333335,2.223333333333333,3.6633333333333336,4.333333333333333,3.11,2.0
4.0,8300.0,9070.0,4.0,2.0,26.0,15.8,,,,0.0,39.0,2.0,1.0,1.0,1.0,12.0,0.0,3.0,2.0,3.0,4.0,2.0,2.67,2.0,3.67,3.33,2.33,2.0
1.0,5400.0,7980.0,7.0,2.0,38.0,25.7,,,,0.0,40.0,2.0,1.0,1.0,1.0,14.0,2.0,1.0,1.0,2.0,,3.0,3.0,2.33,5.67,4.0,2.67,2.0
,4230.0,7070.0,8.0,2.0,25.0,12.6,5898.75,11.0,,32.0,58.0,2.0,1.0,1.0,1.0,12.0,1.0,1.0,1.0,2.0,4.0,1.67,2.0,1.0,5.33,2.67,1.67,2.0
,,,5.0,2.0,,,,,,26.0,73.0,2.0,1.0,1.0,1.0,13.0,1.0,1.0,2.0,2.0,,,,,,,,
1.0,4720.0,5090.0,2.0,2.0,28.0,21.6,4991.25,10.0,18.0,24.0,54.0,2.0,1.0,1.0,1.0,12.0,1.0,1.0,4.0,2.0,4.0,2.5,2.835,2.0,4.5,4.0,2.335,2.0
1.0,5000.0,9160.0,2.0,2.0,46.0,52.0,4083.75,9.0,20.0,52.0,55.0,2.0,1.0,1.0,1.0,16.0,2.0,1.0,4.0,2.0,4.0,4.33,5.33,4.33,5.33,5.67,4.83,3.0
2.0,7340.0,770.0,1.0,2.0,44.0,36.4,36300.0,22.0,50.0,52.0,32.0,1.0,1.0,1.0,1.0,12.0,1.0,1.0,2.0,2.0,4.0,3.33,4.0,2.67,4.0,5.0,3.67,3.0
,2310.0,7860.0,5.0,2.0,61.0,80.9,7713.75,13.0,,52.0,76.0,1.0,1.0,1.0,1.0,17.0,4.0,5.0,0.0,2.0,4.0,5.333333333333333,5.33,4.22,6.22,4.22,4.78,4.0
4.0,9640.0,3190.0,1.0,2.0,22.0,14.8,2722.5,7.0,40.0,28.0,19.0,1.0,1.0,3.0,1.0,12.0,1.0,5.0,0.0,2.0,,1.67,2.0,1.33,4.33,3.0,1.67,2.0
4.0,4230.0,8290.0,1.0,2.0,25.0,12.6,11797.5,16.0,40.0,52.0,49.0,2.0,1.0,5.0,1.0,11.0,0.0,1.0,3.0,2.0,4.0,1.67,2.0,1.0,5.33,2.67,1.67,2.0
,4230.0,7690.0,8.0,2.0,25.0,12.6,4083.75,9.0,,52.0,40.0,2.0,1.0,1.0,1.0,9.0,1.0,5.0,2.0,2.0,4.0,1.67,2.0,1.0,5.33,2.67,1.67,2.0
,5620.0,9470.0,5.0,2.0,25.0,23.8,19965.0,19.0,,52.0,78.0,1.0,1.0,1.0,1.0,18.0,1.0,3.0,4.0,2.0,4.0,2.0,2.83,1.83,4.5,4.25,2.29,2.0
1.0,4040.0,8690.0,1.0,2.0,32.0,26.9,13612.5,17.0,35.0,50.0,46.0,1.0,1.0,1.0,1.0,17.0,3.0,1.0,1.0,2.0,,2.33,4.0,2.67,5.33,3.33,2.33,2.0
2.0,2760.0,6570.0,1.0,1.0,17.0,49.3,97883.49087,26.0,40.0,40.0,28.0,1.0,1.0,1.0,1.0,16.0,3.0,5.0,0.0,2.0,4.0,,,,,,,2.0
1.0,4030.0,8680.0,1.0,2.0,21.0,13.6,7713.75,13.0,30.0,40.0,41.0,2.0,1.0,1.0,1.0,15.0,1.0,5.0,3.0,2.0,4.0,1.67,1.67,1.67,4.67,4.67,2.0,2.0
2.0,4220.0,7690.0,2.0,2.0,24.0,20.7,,,25.0,52.0,45.0,2.0,1.0,1.0,1.0,10.0,0.0,1.0,1.0,2.0,4.0,1.67,2.0,1.33,4.33,3.0,2.0,3.0
2.0,350.0,8180.0,1.0,2.0,64.0,71.8,43560.0,23.0,50.0,52.0,31.0,2.0,1.0,1.0,1.0,19.0,4.0,3.0,0.0,2.0,4.0,5.0,6.0,4.67,6.0,5.67,6.0,4.0
,5000.0,7070.0,8.0,2.0,46.0,52.0,,,,0.0,67.0,2.0,1.0,1.0,1.0,8.0,0.0,5.0,2.0,2.0,,4.33,5.33,4.33,5.33,5.67,4.83,3.0
1.0,4320.0,6390.0,2.0,2.0,42.0,39.6,1633.5,4.0,32.0,,58.0,2.0,2.0,1.0,1.0,14.0,1.0,5.0,8.0,2.0,,4.665,5.5,4.335,5.5,4.665,4.335,2.75
,4600.0,8470.0,5.0,2.0,35.0,21.8,,,,0.0,67.0,2.0,,1.0,1.0,16.0,3.0,5.0,0.0,2.0,4.0,4.0,4.5,2.5,6.0,3.0,3.33,2.0
,,8680.0,8.0,2.0,,,,,,0.0,45.0,2.0,1.0,1.0,1.0,15.0,2.0,1.0,1.0,2.0,4.0,,,,,,,
1.0,9640.0,1680.0,7.0,2.0,22.0,14.8,,,,0.0,38.0,2.0,1.0,1.0,1.0,8.0,0.0,1.0,5.0,2.0,4.0,1.67,2.0,1.33,4.33,3.0,1.67,2.0
,800.0,1990.0,5.0,2.0,60.0,76.3,,,,0.0,89.0,1.0,1.0,1.0,1.0,16.0,3.0,2.0,2.0,2.0,,5.0,5.0,4.67,4.67,4.67,4.5,4.0
1.0,2430.0,6770.0,1.0,2.0,55.0,77.2,24502.5,20.0,40.0,52.0,34.0,1.0,2.0,1.0,1.0,18.0,4.0,5.0,0.0,2.0,4.0,4.67,5.17,3.67,5.83,4.17,5.42,5.0
1.0,740.0,6990.0,1.0,2.0,33.0,63.7,19965.0,19.0,41.0,52.0,52.0,2.0,1.0,1.0,1.0,16.0,3.0,1.0,2.0,2.0,4.0,5.066,5.134,4.268,4.134,3.868,4.568,3.7142857142857144
,9350.0,9090.0,5.0,2.0,16.0,22.1,7713.75,13.0,,52.0,69.0,1.0,2.0,3.0,1.0,12.0,1.0,5.0,0.0,2.0,4.0,1.67,2.67,1.33,4.67,2.33,1.67,2.0
1.0,2200.0,7870.0,1.0,2.0,74.0,84.5,24502.5,20.0,0.0,31.0,42.0,1.0,1.0,1.0,1.0,16.0,4.0,1.0,2.0,2.0,4.0,5.658888888888889,5.612222222222222,5.184722222222223,5.074166666666667,3.1766666666666667,5.342777777777778,4.944444444444445
1.0,430.0,9590.0,1.0,2.0,39.0,67.7,50820.0,24.0,45.0,52.0,53.0,2.0,1.0,1.0,2.0,20.0,4.0,1.0,2.0,2.0,4.0,5.5,5.29125,4.875,4.8325,4.375,5.04125,4.0
1.0,6440.0,7070.0,1.0,2.0,43.0,36.2,16335.0,18.0,40.0,52.0,43.0,1.0,1.0,1.0,1.0,12.0,1.0,3.0,2.0,2.0,4.0,2.915,4.0,2.665,4.335,4.75,3.455,2.5
1.0,8965.0,3980.0,7.0,2.0,35.0,26.8,,,,0.0,63.0,2.0,1.0,1.0,1.0,12.0,1.0,3.0,1.0,2.0,4.0,3.0,3.443333333333334,2.776666666666667,3.556666666666666,4.556666666666667,3.276666666666667,2.0
,1410.0,9590.0,5.0,2.0,73.0,86.5,,,,0.0,63.0,1.0,1.0,1.0,1.0,19.0,4.0,1.0,0.0,2.0,,5.0,5.22,4.776666666666666,3.33,4.556666666666667,5.113333333333333,4.0
2.0,1400.0,7860.0,2.0,2.0,70.0,81.5,1633.5,4.0,16.0,36.0,68.0,1.0,1.0,1.0,1.0,18.0,4.0,3.0,2.0,2.0,4.0,5.33,5.0,5.0,4.0,5.0,6.0,4.0
,50.0,1290.0,5.0,2.0,53.0,73.9,,,,0.0,74.0,1.0,1.0,1.0,1.0,16.0,3.0,1.0,2.0,2.0,,5.665,5.67,5.0,4.835,5.165,5.835,4.0
1.0,2810.0,8560.0,1.0,2.0,54.0,72.5,,,40.0,52.0,48.0,1.0,1.0,1.0,1.0,13.0,1.0,1.0,4.0,2.0,,5.67,5.17,5.5,4.83,3.67,4.75,4.0
,220.0,770.0,5.0,2.0,53.0,59.1,36300.0,22.0,,36.0,63.0,1.0,1.0,1.0,1.0,12.0,1.0,3.0,0.0,2.0,4.0,5.33,5.67,4.67,5.0,5.33,5.83,4.0
2.0,4250.0,7770.0,1.0,2.0,37.0,18.6,24502.5,20.0,41.0,38.0,61.0,1.0,1.0,1.0,1.0,16.0,3.0,1.0,2.0,2.0,,2.4466666666666668,3.3333333333333335,2.223333333333333,3.6633333333333336,4.333333333333333,3.11,2.0
,310.0,8680.0,8.0,2.0,39.0,41.0,,,,0.0,56.0,1.0,1.0,1.0,1.0,13.0,1.0,4.0,3.0,2.0,,4.33,5.67,4.33,4.67,4.67,4.5,2.0
2.0,4250.0,9080.0,1.0,2.0,37.0,18.6,8621.25,14.0,40.0,40.0,19.0,1.0,1.0,1.0,1.0,12.0,1.0,5.0,0.0,2.0,,2.4466666666666668,3.3333333333333335,2.223333333333333,3.6633333333333336,4.333333333333333,3.11,2.0
2.0,7220.0,770.0,1.0,2.0,45.0,39.2,19965.0,19.0,56.0,52.0,57.0,1.0,3.0,1.0,1.0,12.0,1.0,3.0,2.0,2.0,,3.443333333333334,4.0,2.89,3.3333333333333335,5.11,3.61,2.6666666666666665
1.0,20.0,4970.0,1.0,2.0,50.0,68.6,16335.0,18.0,40.0,52.0,57.0,2.0,1.0,1.0,1.0,12.0,1.0,3.0,0.0,2.0,4.0,5.33,6.0,5.67,6.33,4.67,6.0,4.0
,4760.0,5390.0,5.0,2.0,31.0,39.7,,,,0.0,80.0,2.0,1.0,1.0,1.0,12.0,1.0,2.0,2.0,2.0,4.0,3.0,3.0,2.67,5.0,4.0,2.33,2.0
1.0,1020.0,7380.0,1.0,2.0,60.0,87.9,29947.5,21.0,40.0,52.0,27.0,2.0,1.0,1.0,1.0,18.0,3.0,5.0,0.0,3.0,4.0,5.0,5.0,4.67,4.33,5.0,5.0,4.0
2.0,3010.0,8270.0,2.0,2.0,72.0,92.1,4083.75,9.0,8.0,50.0,46.0,2.0,1.0,5.0,2.0,20.0,4.0,1.0,1.0,3.0,,5.9175,6.4175,5.75,6.0,4.1675,5.75,5.0
2.0,4920.0,7070.0,2.0,1.0,49.0,56.9,24502.5,20.0,10.0,52.0,67.0,2.0,1.0,1.0,2.0,17.0,3.0,1.0,2.0,3.0,4.0,5.0,5.165,4.33,5.0,3.5,4.5,3.5
,1010.0,6990.0,5.0,2.0,63.0,81.0,,,,0.0,70.0,1.0,1.0,1.0,2.0,16.0,3.0,1.0,2.0,3.0,4.0,5.67,5.0,4.33,2.33,5.0,5.5,4.0
2.0,4920.0,7070.0,2.0,1.0,49.0,56.9,24502.5,20.0,2.0,52.0,78.0,2.0,1.0,1.0,1.0,19.0,4.0,1.0,1.0,3.0,4.0,5.0,5.165,4.33,5.0,3.5,4.5,3.5
,2200.0,7870.0,5.0,2.0,74.0,84.5,,,,0.0,77.0,1.0,1.0,5.0,2.0,20.0,4.0,1.0,2.0,3.0,,5.658888888888889,5.612222222222222,5.184722222222223,5.074166666666667,3.1766666666666667,5.342777777777778,4.944444444444445
,420.0,9170.0,5.0,2.0,52.0,67.8,,,,0.0,77.0,2.0,1.0,1.0,1.0,14.0,2.0,1.0,0.0,3.0,4.0,5.33,5.67,5.0,6.33,4.33,5.5,4.0
1.0,2100.0,9470.0,7.0,2.0,69.0,91.1,13612.5,17.0,,20.0,56.0,2.0,1.0,1.0,1.0,19.0,4.0,1.0,2.0,3.0,,6.0,6.0,6.33,4.0,4.33,6.0,5.0
,2310.0,7860.0,5.0,2.0,61.0,80.9,8621.25,14.0,,20.0,62.0,2.0,1.0,1.0,1.0,19.0,4.0,1.0,2.0,3.0,,5.333333333333333,5.33,4.22,6.22,4.22,4.78,4.0
2.0,1220.0,8590.0,1.0,2.0,53.0,80.2,29947.5,21.0,40.0,52.0,48.0,2.0,1.0,1.0,1.0,12.0,1.0,3.0,6.0,3.0,4.0,6.0,5.67,5.0,2.0,3.33,5.17,5.0
,4840.0,770.0,5.0,2.0,43.0,61.2,,,,0.0,70.0,2.0,1.0,1.0,1.0,14.0,2.0,1.0,2.0,3.0,4.0,5.17,5.08,4.42,4.75,4.42,5.17,3.0
1.0,3160.0,8090.0,1.0,2.0,65.0,87.3,43560.0,23.0,40.0,52.0,54.0,2.0,3.0,1.0,2.0,16.0,3.0,1.0,3.0,3.0,4.0,5.67,5.33,5.67,6.67,4.67,5.33,5.0
,1410.0,3370.0,5.0,2.0,73.0,86.5,,,,0.0,77.0,1.0,1.0,1.0,1.0,16.0,3.0,1.0,2.0,3.0,4.0,5.0,5.22,4.776666666666666,3.33,4.556666666666667,5.113333333333333,4.0
,800.0,7280.0,5.0,2.0,60.0,76.3,,,,0.0,89.0,1.0,1.0,1.0,1.0,16.0,3.0,3.0,2.0,3.0,4.0,5.0,5.0,4.67,4.67,4.67,4.5,4.0
2.0,3250.0,7480.0,1.0,1.0,68.0,89.9,36300.0,22.0,32.0,50.0,64.0,1.0,1.0,1.0,1.0,19.0,4.0,3.0,0.0,3.0,4.0,7.0,6.33,6.0,6.0,4.67,5.83,5.0
2.0,540.0,6990.0,1.0,2.0,46.0,59.8,29947.5,21.0,40.0,52.0,53.0,1.0,1.0,1.0,1.0,12.0,1.0,1.0,2.0,3.0,2.0,4.085,4.835,3.75,4.415,4.915,4.625,3.5
,3600.0,8170.0,5.0,2.0,48.0,24.2,,,,0.0,73.0,2.0,1.0,1.0,1.0,12.0,1.0,2.0,2.0,3.0,4.0,2.915,3.0,2.3325,5.0825,4.6675,3.125,2.25
,2010.0,9480.0,5.0,2.0,54.0,62.9,,,,0.0,70.0,2.0,1.0,2.0,1.0,20.0,4.0,3.0,2.0,3.0,4.0,5.890000000000001,5.4433333333333325,4.0,6.446666666666666,4.67,4.886666666666667,4.666666666666667
,800.0,,5.0,2.0,60.0,76.3,,,,0.0,79.0,2.0,1.0,1.0,1.0,14.0,1.0,2.0,2.0,3.0,4.0,5.0,5.0,4.67,4.67,4.67,4.5,4.0
3.0,110.0,7390.0,1.0,2.0,60.0,83.8,97883.49087,26.0,40.0,52.0,43.0,1.0,1.0,1.0,1.0,18.0,4.0,1.0,0.0,3.0,4.0,5.33,5.0,5.33,4.33,5.67,6.5,4.0
,5610.0,2490.0,5.0,2.0,35.0,23.7,9982.5,15.0,,28.0,57.0,2.0,1.0,1.0,1.0,12.0,1.0,1.0,2.0,3.0,,2.67,3.0,2.67,5.33,4.33,2.83,2.0
2.0,4920.0,7070.0,2.0,1.0,49.0,56.9,4083.75,9.0,10.0,26.0,67.0,2.0,1.0,1.0,1.0,17.0,3.0,1.0,2.0,3.0,4.0,5.0,5.165,4.33,5.0,3.5,4.5,3.5
,5700.0,9370.0,5.0,2.0,47.0,38.8,,,,0.0,89.0,2.0,1.0,1.0,1.0,14.0,1.0,2.0,4.0,3.0,4.0,3.3325,3.0,2.9175,5.0825,4.8325,3.6225,2.5
1.0,9620.0,6390.0,4.0,2.0,25.0,23.3,,,,48.0,35.0,1.0,1.0,1.0,1.0,11.0,0.0,3.0,2.0,3.0,,2.0,2.0,2.0,4.33,4.33,2.17,2.0
2.0,5240.0,8660.0,1.0,2.0,31.0,37.6,4991.25,10.0,35.0,0.0,60.0,2.0,1.0,1.0,1.0,6.0,0.0,3.0,4.0,3.0,4.0,3.835,4.0,3.335,6.165,4.5,3.58,2.5
1.0,7340.0,8290.0,1.0,2.0,44.0,36.4,9982.5,15.0,40.0,49.0,33.0,1.0,1.0,4.0,1.0,14.0,1.0,5.0,0.0,3.0,,3.33,4.0,2.67,4.0,5.0,3.67,3.0
,5860.0,7390.0,5.0,2.0,32.0,35.8,,,,0.0,62.0,2.0,1.0,1.0,1.0,14.0,1.0,3.0,1.0,3.0,4.0,2.33,2.67,2.33,5.67,4.33,2.5,2.0
,8620.0,680.0,5.0,2.0,39.0,43.5,,,,0.0,76.0,1.0,1.0,1.0,1.0,14.0,2.0,1.0,1.0,3.0,2.0,3.0,4.67,2.33,2.33,5.67,2.83,2.0
1.0,,,1.0,1.0,,,,,30.0,50.0,51.0,2.0,1.0,1.0,1.0,14.0,2.0,3.0,2.0,3.0,,,,,,,,
,7700.0,7070.0,5.0,2.0,50.0,46.5,,,,0.0,78.0,2.0,1.0,1.0,1.0,13.0,1.0,2.0,4.0,3.0,4.0,5.0,5.67,4.67,5.0,5.33,4.67,3.0
2.0,3740.0,9470.0,1.0,2.0,59.0,65.1,24502.5,20.0,72.0,52.0,37.0,1.0,1.0,1.0,1.0,13.0,1.0,1.0,2.0,3.0,1.0,5.5,4.67,4.83,5.67,5.83,4.5,3.0
1.0,565.0,770.0,3.0,2.0,47.0,69.4,13612.5,17.0,,52.0,27.0,2.0,1.0,5.0,1.0,12.0,1.0,1.0,1.0,3.0,4.0,4.555,4.778333333333333,3.776666666666667,4.445,4.666666666666667,4.445,3.6666666666666665
2.0,6260.0,7690.0,4.0,2.0,28.0,25.2,,,,40.0,34.0,2.0,3.0,5.0,2.0,8.0,0.0,1.0,4.0,3.0,4.0,2.33,2.67,1.67,4.0,4.33,3.17,2.0
,8740.0,1090.0,5.0,2.0,39.0,38.1,,,,0.0,71.0,2.0,1.0,1.0,1.0,12.0,1.0,1.0,2.0,3.0,2.0,2.33,2.33,1.67,3.0,4.33,2.83,2.0
,4920.0,7070.0,8.0,1.0,49.0,56.9,,,,0.0,62.0,2.0,1.0,1.0,1.0,12.0,1.0,5.0,0.0,3.0,,5.0,5.165,4.33,5.0,3.5,4.5,3.5
2.0,3649.0,8190.0,1.0,2.0,53.0,30.0,6806.25,12.0,37.0,48.0,23.0,2.0,1.0,1.0,1.0,14.0,1.0,5.0,0.0,3.0,,4.0,2.67,3.0,4.0,4.67,3.5,3.0
2.0,3800.0,9470.0,1.0,2.0,40.0,45.1,19965.0,19.0,51.0,52.0,34.0,1.0,1.0,2.0,1.0,12.0,1.0,1.0,1.0,3.0,,3.665,4.17,3.165,5.165,5.335,3.415,2.5
2.0,5620.0,5390.0,1.0,2.0,25.0,23.8,9982.5,15.0,80.0,4.0,44.0,2.0,1.0,1.0,1.0,,0.0,5.0,0.0,3.0,,2.0,2.83,1.83,4.5,4.25,2.29,2.0
,310.0,8680.0,5.0,1.0,39.0,41.0,,,,0.0,60.0,2.0,1.0,1.0,1.0,15.0,1.0,2.0,0.0,3.0,4.0,4.33,5.67,4.33,4.67,4.67,4.5,2.0
2.0,6440.0,580.0,1.0,2.0,43.0,36.2,8621.25,14.0,40.0,50.0,25.0,1.0,1.0,1.0,1.0,12.0,1.0,5.0,0.0,3.0,,2.915,4.0,2.665,4.335,4.75,3.455,2.5
1.0,5420.0,8190.0,1.0,2.0,43.0,43.1,11797.5,16.0,40.0,51.0,75.0,2.0,1.0,1.0,1.0,17.0,2.0,3.0,0.0,3.0,4.0,,,,,,,
2.0,220.0,770.0,1.0,2.0,53.0,59.1,43560.0,23.0,47.0,52.0,51.0,1.0,1.0,1.0,1.0,11.0,1.0,1.0,2.0,3.0,,5.33,5.67,4.67,5.0,5.33,5.83,4.0
1.0,5120.0,180.0,1.0,1.0,45.0,38.3,24502.5,20.0,30.0,40.0,58.0,2.0,1.0,1.0,1.0,12.0,1.0,1.0,2.0,3.0,,3.67,3.67,3.0,4.67,5.0,3.67,3.0
2.0,,,1.0,2.0,,,,,45.0,50.0,30.0,2.0,3.0,1.0,1.0,14.0,2.0,5.0,0.0,4.0,,,,,,,,
,4510.0,8980.0,8.0,2.0,36.0,24.6,,,,0.0,59.0,2.0,3.0,1.0,2.0,14.0,1.0,1.0,1.0,4.0,4.0,4.0,5.0,2.67,6.33,2.0,3.17,3.0
,5120.0,8680.0,5.0,2.0,45.0,38.3,19965.0,19.0,,0.0,65.0,2.0,3.0,1.0,2.0,15.0,2.0,1.0,1.0,4.0,,3.67,3.67,3.0,4.67,5.0,3.67,3.0
2.0,5610.0,8680.0,1.0,2.0,35.0,23.7,13612.5,17.0,40.0,51.0,61.0,1.0,3.0,1.0,1.0,0.0,0.0,5.0,0.0,4.0,4.0,2.67,3.0,2.67,5.33,4.33,2.83,2.0
1.0,1300.0,7290.0,2.0,1.0,73.0,84.0,16335.0,18.0,15.0,52.0,68.0,1.0,1.0,1.0,1.0,17.0,3.0,1.0,3.0,4.0,4.0,5.335,5.835,5.17,3.5,3.665,5.335,4.5
4.0,1360.0,770.0,1.0,2.0,65.0,85.2,19965.0,19.0,40.0,52.0,64.0,1.0,3.0,1.0,1.0,14.0,4.0,5.0,0.0,4.0,,5.33,5.5,5.33,4.0,5.0,5.25,4.0
,2016.0,9170.0,4.0,2.0,44.0,43.8,16335.0,18.0,,52.0,42.0,2.0,2.0,1.0,1.0,12.0,1.0,3.0,5.0,4.0,,3.67,4.0,3.33,6.0,5.0,3.5,4.0
3.0,7140.0,6070.0,1.0,2.0,56.0,53.6,29947.5,21.0,45.0,,,1.0,3.0,1.0,1.0,15.0,2.0,1.0,1.0,4.0,4.0,4.0,3.67,3.33,4.33,6.0,4.67,3.0
1.0,7150.0,8770.0,1.0,1.0,40.0,28.3,3267.0,8.0,30.0,30.0,26.0,1.0,3.0,1.0,2.0,15.0,1.0,5.0,0.0,4.0,4.0,3.0,4.0,2.67,4.33,4.67,3.5,2.0
2.0,,,1.0,2.0,,,,,40.0,6.0,,1.0,,,1.0,15.0,1.0,3.0,,4.0,4.0,,,,,,,
,1530.0,9590.0,6.0,2.0,70.0,86.1,50820.0,24.0,,48.0,27.0,1.0,3.0,1.0,2.0,15.0,1.0,1.0,1.0,4.0,4.0,5.636363636363637,5.484545454545454,5.211818181818182,3.4545454545454546,4.271818181818182,5.531818181818182,4.181818181818182
2.0,5160.0,6870.0,1.0,2.0,39.0,20.8,16335.0,18.0,40.0,48.0,60.0,2.0,3.0,1.0,1.0,13.0,1.0,4.0,2.0,4.0,,3.0,3.67,2.33,6.0,5.0,3.33,2.0
2.0,9830.0,9870.0,1.0,2.0,62.0,50.4,16335.0,18.0,8.0,40.0,25.0,2.0,2.0,1.0,1.0,17.0,3.0,1.0,0.0,4.0,4.0,,,,,,,
2.0,9830.0,9870.0,1.0,2.0,62.0,50.4,19965.0,19.0,50.0,52.0,32.0,1.0,3.0,1.0,1.0,15.0,2.0,1.0,1.0,4.0,4.0,,,,,,,
2.0,4610.0,8170.0,1.0,1.0,48.0,20.1,16335.0,18.0,40.0,38.0,48.0,2.0,3.0,1.0,1.0,12.0,1.0,1.0,4.0,4.0,,4.0,3.33,2.67,5.67,4.0,3.0,2.0
,4130.0,8680.0,5.0,2.0,16.0,13.3,,,,0.0,85.0,2.0,3.0,1.0,1.0,12.0,1.0,2.0,2.0,4.0,,1.67,2.0,1.67,5.33,3.0,1.67,2.0
2.0,4230.0,8660.0,1.0,2.0,25.0,12.6,9982.5,15.0,40.0,,45.0,1.0,3.0,1.0,2.0,14.0,1.0,1.0,1.0,4.0,4.0,1.67,2.0,1.0,5.33,2.67,1.67,2.0
,1720.0,9480.0,5.0,2.0,72.0,86.6,,,,0.0,,1.0,1.0,1.0,1.0,20.0,4.0,1.0,1.0,4.0,3.0,5.67,5.33,5.165,3.335,4.335,5.17,4.0
,6010.0,9370.0,5.0,2.0,47.0,51.6,,,,0.0,64.0,1.0,3.0,1.0,1.0,17.0,3.0,1.0,0.0,4.0,,4.67,4.67,4.33,3.0,4.67,4.17,2.0
,6240.0,770.0,5.0,2.0,31.0,23.0,,,,0.0,73.0,1.0,3.0,1.0,1.0,12.0,1.0,5.0,0.0,4.0,,2.1675,3.335,2.165,3.415,3.83,3.0,2.0
1.0,5840.0,9180.0,1.0,2.0,38.0,39.2,16335.0,18.0,40.0,52.0,69.0,2.0,3.0,1.0,1.0,16.0,3.0,5.0,0.0,4.0,1.0,3.0,3.33,2.33,4.67,4.5,3.0,2.0
,8140.0,770.0,5.0,2.0,38.0,28.4,,,,0.0,,1.0,3.0,1.0,1.0,12.0,1.0,5.0,0.0,4.0,,2.415,3.25,2.25,3.75,5.25,3.0,2.0
1.0,430.0,,2.0,2.0,39.0,67.7,,,30.0,33.0,68.0,1.0,3.0,1.0,1.0,17.0,4.0,,2.0,4.0,4.0,5.5,5.29125,4.875,4.8325,4.375,5.04125,4.0
2.0,9050.0,6070.0,1.0,2.0,44.0,52.6,43560.0,23.0,40.0,37.0,65.0,1.0,3.0,1.0,1.0,14.0,1.0,1.0,2.0,4.0,1.0,3.67,4.67,3.0,6.33,6.0,4.83,2.0
2.0,6355.0,770.0,1.0,2.0,49.0,45.4,36300.0,22.0,40.0,45.0,58.0,1.0,3.0,1.0,1.0,14.0,1.0,1.0,3.0,4.0,1.0,4.33,5.33,3.33,3.67,5.0,4.17,3.0
,60.0,9590.0,5.0,2.0,52.0,82.4,,,,0.0,,1.0,3.0,1.0,1.0,20.0,4.0,5.0,0.0,4.0,,,,,,,,4.0
,810.0,6890.0,5.0,1.0,55.0,62.6,,,,0.0,73.0,1.0,3.0,1.0,1.0,16.0,3.0,1.0,2.0,4.0,4.0,3.67,4.83,3.67,3.5,4.5,4.08,4.0
2.0,3320.0,3680.0,1.0,2.0,59.0,69.3,43560.0,23.0,56.0,52.0,63.0,1.0,2.0,1.0,2.0,13.0,1.0,3.0,2.0,4.0,,4.7,4.468,3.898000000000001,5.468,5.434,4.682,3.0
2.0,8965.0,1080.0,1.0,2.0,35.0,26.8,,,40.0,,,2.0,3.0,1.0,2.0,,0.0,1.0,2.0,4.0,,3.0,3.443333333333334,2.776666666666667,3.556666666666666,4.556666666666667,3.276666666666667,2.0
2.0,530.0,6070.0,1.0,2.0,42.0,59.9,29947.5,21.0,48.0,48.0,30.0,2.0,3.0,1.0,2.0,16.0,3.0,5.0,0.0,4.0,4.0,4.0,4.67,4.0,4.67,4.67,5.0,4.0
,,,6.0,,,,,,,0.0,21.0,2.0,1.0,1.0,2.0,15.0,1.0,5.0,0.0,3.0,4.0,,,,,,,
2.0,1006.0,8390.0,4.0,2.0,65.0,80.7,,,,0.0,37.0,1.0,1.0,1.0,1.0,16.0,3.0,5.0,0.0,3.0,,5.0,5.0,4.835,4.17,4.665,4.835,4.0
,4620.0,9190.0,6.0,2.0,35.0,42.9,3267.0,8.0,,52.0,21.0,1.0,1.0,3.0,1.0,15.0,1.0,5.0,0.0,3.0,,4.5,5.0,3.165,6.0,4.0,3.67,3.5
,1540.0,7290.0,6.0,2.0,47.0,62.7,,,,0.0,63.0,1.0,1.0,1.0,1.0,20.0,1.0,3.0,3.0,3.0,4.0,4.053333333333334,3.8333333333333335,3.6666666666666665,3.8866666666666663,4.723333333333334,4.193333333333333,3.0
,4700.0,5170.0,6.0,2.0,38.0,43.0,,,,10.0,23.0,2.0,1.0,1.0,1.0,13.0,1.0,5.0,0.0,3.0,4.0,3.67,4.67,3.67,4.33,4.0,4.0,2.0
,,,6.0,,,,,,,0.0,,2.0,1.0,1.0,1.0,12.0,1.0,5.0,0.0,3.0,,,,,,,,
3.0,,,3.0,2.0,,,6806.25,12.0,,12.0,24.0,2.0,1.0,1.0,1.0,14.0,2.0,1.0,0.0,3.0,4.0,,,,,,,
3.0,4920.0,7070.0,2.0,2.0,49.0,56.9,3267.0,8.0,20.0,30.0,24.0,2.0,2.0,1.0,1.0,14.0,1.0,5.0,0.0,3.0,,5.0,5.165,4.33,5.0,3.5,4.5,3.5
1.0,8140.0,3570.0,1.0,2.0,38.0,28.4,29947.5,21.0,46.0,52.0,28.0,1.0,1.0,1.0,1.0,15.0,1.0,1.0,0.0,3.0,,2.415,3.25,2.25,3.75,5.25,3.0,2.0
,4150.0,8680.0,6.0,2.0,33.0,22.4,,,,45.0,19.0,2.0,1.0,5.0,1.0,12.0,1.0,5.0,0.0,3.0,4.0,2.67,2.33,2.33,5.0,3.0,2.5,2.0
1.0,9130.0,6170.0,1.0,1.0,35.0,32.0,29947.5,21.0,60.0,49.0,46.0,1.0,2.0,1.0,1.0,13.0,1.0,1.0,4.0,3.0,,2.223333333333333,3.6666666666666665,2.11,2.8866666666666667,4.556666666666667,3.056666666666666,2.0
1.0,2010.0,9590.0,1.0,2.0,54.0,62.9,43560.0,23.0,40.0,52.0,54.0,2.0,2.0,1.0,1.0,18.0,4.0,1.0,2.0,3.0,4.0,5.890000000000001,5.4433333333333325,4.0,6.446666666666666,4.67,4.886666666666667,4.666666666666667
1.0,4965.0,9090.0,2.0,1.0,31.0,55.3,1633.5,4.0,15.0,35.0,52.0,2.0,1.0,1.0,1.0,12.0,1.0,1.0,5.0,3.0,,,,,,,,
,5700.0,7870.0,5.0,2.0,47.0,38.8,,,,0.0,72.0,2.0,1.0,1.0,1.0,13.0,1.0,5.0,0.0,3.0,4.0,3.3325,3.0,2.9175,5.0825,4.8325,3.6225,2.5
,3820.0,9470.0,5.0,2.0,58.0,73.5,,,,0.0,64.0,2.0,1.0,1.0,1.0,16.0,3.0,5.0,0.0,3.0,4.0,4.7925,4.5,4.4575,4.1675,5.0425,5.0024999999999995,3.25
2.0,2010.0,8190.0,2.0,2.0,54.0,62.9,8621.25,14.0,12.0,26.0,63.0,1.0,2.0,1.0,1.0,16.0,3.0,5.0,0.0,3.0,4.0,5.890000000000001,5.4433333333333325,4.0,6.446666666666666,4.67,4.886666666666667,4.666666666666667
2.0,4840.0,7680.0,1.0,2.0,43.0,61.2,24502.5,20.0,45.0,52.0,31.0,2.0,2.0,1.0,1.0,14.0,1.0,5.0,1.0,3.0,4.0,5.17,5.08,4.42,4.75,4.42,5.17,3.0
3.0,2320.0,7860.0,1.0,2.0,64.0,82.5,24502.5,20.0,40.0,50.0,51.0,2.0,2.0,1.0,1.0,18.0,4.0,1.0,2.0,3.0,4.0,5.5,5.165,4.165,6.5,4.5,5.08,4.0
,9620.0,9590.0,5.0,2.0,25.0,23.3,,,,0.0,47.0,1.0,2.0,1.0,1.0,17.0,3.0,5.0,1.0,3.0,,2.0,2.0,2.0,4.33,4.33,2.17,2.0
1.0,4760.0,5790.0,1.0,2.0,31.0,39.7,,,43.0,,24.0,2.0,1.0,1.0,1.0,12.0,1.0,5.0,2.0,3.0,,3.0,3.0,2.67,5.0,4.0,2.33,2.0
,4110.0,8680.0,5.0,2.0,31.0,19.6,,,,0.0,80.0,2.0,1.0,1.0,1.0,12.0,1.0,4.0,4.0,3.0,4.0,2.33,2.33,2.0,6.0,3.33,2.0,2.0
4.0,350.0,8270.0,7.0,2.0,64.0,71.8,,,,0.0,71.0,2.0,1.0,1.0,1.0,12.0,1.0,2.0,3.0,3.0,4.0,5.0,6.0,4.67,6.0,5.67,6.0,4.0
2.0,3300.0,8290.0,1.0,2.0,61.0,60.5,16335.0,18.0,32.0,39.0,71.0,2.0,1.0,1.0,1.0,15.0,2.0,3.0,2.0,3.0,4.0,4.6675,4.6675,4.0024999999999995,3.665,4.75,4.04,3.8333333333333335
1.0,7210.0,7190.0,1.0,2.0,42.0,35.3,11797.5,16.0,40.0,52.0,36.0,1.0,1.0,1.0,1.0,12.0,1.0,5.0,0.0,3.0,,3.67,3.67,3.33,4.33,5.0,3.5,3.0
2.0,9620.0,6380.0,1.0,2.0,25.0,23.3,43560.0,23.0,44.0,52.0,41.0,1.0,1.0,1.0,1.0,11.0,1.0,5.0,1.0,3.0,1.0,2.0,2.0,2.0,4.33,4.33,2.17,2.0
2.0,3420.0,5070.0,2.0,2.0,55.0,37.2,726.0,2.0,25.0,52.0,29.0,2.0,1.0,1.0,1.0,12.0,1.0,1.0,3.0,3.0,4.0,3.556666666666666,3.4450000000000003,3.2216666666666662,5.4433333333333325,5.166666666666667,3.526666666666667,3.0
3.0,650.0,7460.0,1.0,2.0,53.0,64.2,,,44.0,40.0,32.0,2.0,1.0,1.0,1.0,18.0,4.0,1.0,1.0,3.0,4.0,5.33,5.33,4.67,6.33,4.67,4.83,4.0
1.0,4610.0,8370.0,1.0,2.0,48.0,20.1,726.0,2.0,35.0,52.0,70.0,2.0,1.0,1.0,1.0,18.0,4.0,3.0,3.0,3.0,,4.0,3.33,2.67,5.67,4.0,3.0,2.0
,4720.0,4970.0,5.0,2.0,28.0,21.6,,,,0.0,76.0,2.0,1.0,1.0,1.0,12.0,1.0,2.0,1.0,3.0,4.0,2.5,2.835,2.0,4.5,4.0,2.335,2.0
1.0,5400.0,4970.0,2.0,2.0,38.0,25.7,4083.75,9.0,25.0,20.0,76.0,2.0,2.0,1.0,1.0,10.0,0.0,1.0,5.0,3.0,4.0,3.0,3.0,2.33,5.67,4.0,2.67,2.0
4.0,4700.0,4970.0,7.0,2.0,38.0,43.0,,,,0.0,47.0,1.0,1.0,1.0,1.0,9.0,0.0,1.0,1.0,3.0,4.0,3.67,4.67,3.67,4.33,4.0,4.0,2.0
1.0,4720.0,4880.0,7.0,2.0,28.0,21.6,,,,28.0,85.0,1.0,1.0,1.0,1.0,13.0,1.0,3.0,2.0,3.0,4.0,2.5,2.835,2.0,4.5,4.0,2.335,2.0
,6260.0,770.0,4.0,2.0,28.0,25.2,,,,,24.0,1.0,1.0,1.0,1.0,11.0,0.0,5.0,,3.0,,2.33,2.67,1.67,4.0,4.33,3.17,2.0
,4110.0,8680.0,6.0,2.0,31.0,19.6,181.5,1.0,,20.0,18.0,2.0,1.0,1.0,1.0,12.0,1.0,5.0,0.0,3.0,4.0,2.33,2.33,2.0,6.0,3.33,2.0,2.0
,7750.0,3570.0,6.0,2.0,35.0,25.0,16335.0,18.0,,22.0,39.0,2.0,3.0,1.0,1.0,16.0,3.0,1.0,3.0,3.0,,2.4466666666666668,2.443333333333334,2.33,3.6633333333333336,4.556666666666667,2.8366666666666664,2.0
1.0,2540.0,7860.0,1.0,2.0,48.0,26.1,8621.25,14.0,37.0,40.0,65.0,2.0,3.0,2.0,2.0,13.0,1.0,3.0,2.0,4.0,,,,,,,,3.0
,5350.0,5592.0,8.0,2.0,33.0,32.0,,,,0.0,65.0,2.0,1.0,1.0,1.0,13.0,1.0,2.0,3.0,4.0,4.0,2.33,3.67,2.33,3.33,4.33,3.5,2.0
,340.0,8660.0,8.0,2.0,42.0,50.3,,,,0.0,50.0,2.0,1.0,1.0,1.0,12.0,1.0,5.0,2.0,4.0,4.0,5.0,6.0,4.33,7.0,4.0,4.17,4.0
,4230.0,8660.0,8.0,2.0,25.0,12.6,,,,0.0,86.0,2.0,1.0,1.0,1.0,12.0,1.0,2.0,5.0,4.0,,1.67,2.0,1.0,5.33,2.67,1.67,2.0
2.0,1760.0,9370.0,1.0,2.0,42.0,86.8,36300.0,22.0,55.0,52.0,42.0,1.0,1.0,1.0,1.0,20.0,4.0,1.0,1.0,4.0,,5.67,5.33,5.33,4.0,4.33,5.0,4.0
,4120.0,8680.0,5.0,2.0,34.0,17.0,,,,,67.0,2.0,1.0,1.0,1.0,12.0,1.0,3.0,1.0,4.0,4.0,1.67,2.33,1.67,3.67,3.67,2.33,2.0
2.0,4510.0,8980.0,1.0,1.0,36.0,24.6,8621.25,14.0,40.0,48.0,22.0,2.0,1.0,1.0,1.0,14.0,1.0,5.0,0.0,4.0,4.0,4.0,5.0,2.67,6.33,2.0,3.17,3.0
2.0,4850.0,4580.0,2.0,1.0,45.0,62.0,19965.0,19.0,30.0,52.0,62.0,1.0,1.0,1.0,1.0,14.0,1.0,3.0,2.0,4.0,,4.89,4.89,3.78,4.553333333333334,3.78,4.613333333333333,3.6666666666666665
1.0,2310.0,7860.0,1.0,2.0,61.0,80.9,,,40.0,42.0,25.0,1.0,1.0,1.0,1.0,17.0,3.0,5.0,0.0,4.0,3.0,5.333333333333333,5.33,4.22,6.22,4.22,4.78,4.0
2.0,,,7.0,2.0,,,,,,0.0,37.0,2.0,1.0,1.0,1.0,12.0,1.0,1.0,2.0,4.0,4.0,,,,,,,
,4700.0,4970.0,5.0,1.0,38.0,43.0,,,,0.0,89.0,1.0,3.0,1.0,1.0,12.0,1.0,1.0,4.0,4.0,,3.67,4.67,3.67,4.33,4.0,4.0,2.0
3.0,,,7.0,,,,,,,3.0,35.0,2.0,,1.0,2.0,18.0,4.0,1.0,2.0,4.0,4.0,,,,,,,
1.0,,7580.0,7.0,2.0,,,,,,23.0,77.0,2.0,3.0,1.0,,20.0,0.0,5.0,1.0,4.0,4.0,,,,,,,
,120.0,9370.0,5.0,2.0,53.0,69.3,,,,0.0,68.0,1.0,1.0,1.0,1.0,18.0,4.0,1.0,1.0,4.0,,5.5,5.835,5.335,4.5,5.165,5.915,4.0
2.0,2000.0,7870.0,1.0,2.0,51.0,63.7,,,45.0,52.0,,2.0,1.0,1.0,1.0,13.0,1.0,1.0,2.0,4.0,4.0,5.465999999999999,5.0,4.668,6.6,3.601999999999999,4.566,4.8
1.0,3850.0,9470.0,1.0,2.0,60.0,65.3,97883.49087,26.0,40.0,52.0,64.0,1.0,1.0,1.0,1.0,14.0,1.0,1.0,2.0,4.0,,5.67,5.67,5.17,5.67,5.67,4.75,3.0
1.0,1106.0,7380.0,2.0,1.0,61.0,83.4,181.5,1.0,8.0,8.0,56.0,1.0,2.0,1.0,2.0,16.0,3.0,1.0,3.0,4.0,4.0,5.5,4.5,4.165,3.0,4.665,5.0,3.5
2.0,2750.0,8560.0,1.0,1.0,51.0,52.3,24502.5,20.0,40.0,8.0,31.0,1.0,2.0,5.0,1.0,14.0,4.0,5.0,3.0,4.0,4.0,5.83,4.415,4.75,5.25,2.585,4.17,4.0
,6440.0,770.0,5.0,2.0,43.0,36.2,,,,0.0,38.0,1.0,1.0,1.0,1.0,12.0,1.0,5.0,0.0,4.0,,2.915,4.0,2.665,4.335,4.75,3.455,2.5
2.0,4760.0,5390.0,3.0,2.0,31.0,39.7,9982.5,15.0,,52.0,53.0,2.0,1.0,1.0,1.0,12.0,1.0,5.0,7.0,4.0,2.0,3.0,3.0,2.67,5.0,4.0,2.33,2.0
4.0,9620.0,5380.0,7.0,2.0,25.0,23.3,,,,9.0,30.0,1.0,1.0,1.0,1.0,12.0,1.0,5.0,0.0,2.0,4.0,2.0,2.0,2.0,4.33,4.33,2.17,2.0
,3255.0,8190.0,5.0,2.0,64.0,84.2,,,,0.0,72.0,2.0,1.0,1.0,1.0,16.0,3.0,3.0,2.0,2.0,4.0,5.3340000000000005,4.934,4.8,6.066,5.734,5.1,4.4
2.0,1220.0,7490.0,7.0,1.0,53.0,80.2,4991.25,10.0,,40.0,38.0,2.0,1.0,1.0,1.0,16.0,3.0,1.0,2.0,2.0,4.0,6.0,5.67,5.0,2.0,3.33,5.17,5.0
4.0,5860.0,7970.0,1.0,2.0,32.0,35.8,6806.25,12.0,42.0,52.0,29.0,2.0,1.0,1.0,1.0,18.0,4.0,5.0,0.0,2.0,4.0,2.33,2.67,2.33,5.67,4.33,2.5,2.0
1.0,50.0,7390.0,7.0,2.0,53.0,73.9,2722.5,7.0,,0.0,36.0,2.0,1.0,1.0,1.0,18.0,4.0,1.0,5.0,2.0,,5.665,5.67,5.0,4.835,5.165,5.835,4.0
2.0,5110.0,7970.0,7.0,2.0,40.0,33.4,,,,0.0,39.0,2.0,2.0,1.0,1.0,16.0,3.0,1.0,2.0,2.0,,2.67,4.0,2.67,4.5,4.5,3.08,3.0
,4760.0,4770.0,8.0,2.0,31.0,39.7,,,,0.0,59.0,2.0,1.0,1.0,1.0,12.0,1.0,1.0,3.0,2.0,4.0,3.0,3.0,2.67,5.0,4.0,2.33,2.0
,4020.0,8680.0,5.0,2.0,33.0,13.6,,,,0.0,68.0,1.0,3.0,2.0,1.0,10.0,0.0,5.0,3.0,2.0,4.0,2.732,3.665999999999999,2.268,4.066,3.6,2.6,2.2
2.0,4230.0,8660.0,2.0,2.0,25.0,12.6,4083.75,9.0,20.0,10.0,38.0,2.0,3.0,3.0,1.0,10.0,0.0,5.0,1.0,2.0,4.0,1.67,2.0,1.0,5.33,2.67,1.67,2.0
2.0,3930.0,7680.0,7.0,2.0,34.0,34.7,,,,0.0,55.0,2.0,1.0,1.0,1.0,13.0,1.0,1.0,4.0,2.0,,3.665,4.835,3.165,3.835,5.165,3.335,2.0
2.0,2540.0,7860.0,7.0,2.0,48.0,26.1,,,,0.0,39.0,2.0,1.0,1.0,1.0,12.0,1.0,1.0,4.0,2.0,,,,,,,,3.0
,8740.0,2680.0,5.0,2.0,39.0,38.1,,,,0.0,60.0,1.0,3.0,2.0,1.0,13.0,1.0,1.0,2.0,2.0,,2.33,2.33,1.67,3.0,4.33,2.83,2.0
2.0,6230.0,770.0,1.0,2.0,44.0,28.7,2722.5,7.0,30.0,25.0,43.0,1.0,1.0,1.0,1.0,9.0,0.0,1.0,0.0,2.0,4.0,3.67,4.33,2.83,3.0,4.83,3.83,2.0
2.0,9640.0,6390.0,1.0,2.0,22.0,14.8,11797.5,16.0,40.0,50.0,34.0,2.0,3.0,2.0,1.0,16.0,1.0,3.0,6.0,2.0,4.0,1.67,2.0,1.33,4.33,3.0,1.67,2.0
2.0,8220.0,3570.0,1.0,2.0,44.0,25.1,8621.25,14.0,48.0,48.0,26.0,1.0,1.0,3.0,1.0,12.0,1.0,5.0,0.0,2.0,4.0,,,,,,,
,3500.0,8170.0,5.0,2.0,69.0,46.6,,,,0.0,66.0,2.0,1.0,1.0,1.0,12.0,1.0,5.0,2.0,2.0,4.0,5.33,5.0,4.0,6.33,5.67,4.33,3.0
,4050.0,8680.0,4.0,2.0,21.0,14.0,,,,0.0,65.0,2.0,1.0,2.0,1.0,12.0,1.0,5.0,2.0,2.0,4.0,1.67,1.83,1.67,4.5,4.0,1.92,2.0
1.0,5400.0,7970.0,7.0,2.0,38.0,25.7,11797.5,16.0,,52.0,42.0,2.0,1.0,1.0,1.0,15.0,2.0,5.0,4.0,2.0,,3.0,3.0,2.33,5.67,4.0,2.67,2.0
1.0,4140.0,8680.0,1.0,2.0,20.0,10.6,181.5,1.0,3.0,25.0,53.0,1.0,2.0,1.0,1.0,9.0,0.0,4.0,2.0,2.0,,1.67,2.0,1.67,4.0,2.67,1.5,2.0
,4600.0,8470.0,6.0,2.0,35.0,21.8,,,,8.0,24.0,2.0,2.0,1.0,1.0,13.0,1.0,5.0,1.0,2.0,4.0,4.0,4.5,2.5,6.0,3.0,3.33,2.0
2.0,4220.0,8190.0,2.0,2.0,24.0,20.7,3267.0,8.0,32.0,12.0,38.0,2.0,2.0,1.0,1.0,12.0,1.0,5.0,3.0,2.0,4.0,1.67,2.0,1.33,4.33,3.0,2.0,3.0
1.0,8965.0,3570.0,4.0,2.0,35.0,26.8,2722.5,7.0,,32.0,19.0,2.0,2.0,1.0,1.0,12.0,1.0,5.0,0.0,2.0,,3.0,3.443333333333334,2.776666666666667,3.556666666666666,4.556666666666667,3.276666666666667,2.0
1.0,3220.0,8190.0,7.0,2.0,62.0,79.9,,,,0.0,69.0,2.0,2.0,1.0,1.0,16.0,3.0,4.0,3.0,2.0,4.0,4.33,4.0,4.67,6.0,5.67,4.5,3.0
2.0,8255.0,1990.0,4.0,2.0,36.0,31.1,19965.0,19.0,,0.0,56.0,1.0,1.0,1.0,1.0,14.0,1.0,1.0,2.0,2.0,,3.33,3.0,3.0,2.33,4.0,3.0,2.0
1.0,4110.0,8680.0,2.0,2.0,31.0,19.6,3267.0,8.0,10.0,30.0,27.0,2.0,2.0,1.0,1.0,12.0,1.0,5.0,3.0,2.0,,2.33,2.33,2.0,6.0,3.33,2.0,2.0
2.0,9610.0,8780.0,1.0,2.0,22.0,17.5,16335.0,18.0,20.0,52.0,21.0,1.0,1.0,1.0,1.0,12.0,1.0,5.0,0.0,2.0,4.0,1.33,2.33,1.0,3.67,3.67,1.83,2.0
,9130.0,770.0,5.0,2.0,35.0,32.0,,,,0.0,79.0,1.0,1.0,1.0,1.0,11.0,1.0,1.0,2.0,2.0,4.0,2.223333333333333,3.6666666666666665,2.11,2.8866666666666667,4.556666666666667,3.056666666666666,2.0
,,,5.0,1.0,,,,,,0.0,,2.0,1.0,1.0,1.0,14.0,2.0,2.0,2.0,2.0,,,,,,,,
1.0,430.0,7680.0,1.0,2.0,39.0,67.7,50820.0,24.0,50.0,52.0,66.0,1.0,1.0,1.0,1.0,16.0,3.0,1.0,4.0,2.0,2.0,5.5,5.29125,4.875,4.8325,4.375,5.04125,4.0
1.0,700.0,6170.0,1.0,2.0,51.0,61.9,29947.5,21.0,45.0,52.0,36.0,1.0,3.0,1.0,1.0,12.0,1.0,5.0,0.0,2.0,4.0,5.333333333333333,5.446666666666666,5.113333333333333,4.223333333333334,4.223333333333334,4.943333333333333,4.0
2.0,8630.0,2070.0,1.0,2.0,49.0,53.2,36300.0,22.0,42.0,52.0,39.0,1.0,1.0,1.0,1.0,12.0,1.0,1.0,2.0,2.0,,3.5714285714285716,3.6671428571428577,2.858571428571428,3.525714285714286,5.001428571428571,4.048571428571429,2.142857142857143
,1550.0,3570.0,5.0,2.0,50.0,57.4,,,,0.0,,2.0,1.0,1.0,1.0,12.0,1.0,3.0,4.0,2.0,4.0,4.528333333333333,4.235,3.9091666666666662,3.7283333333333335,5.1875,4.503333333333333,3.076923076923077
,7750.0,3680.0,5.0,2.0,35.0,25.0,,,,0.0,77.0,1.0,1.0,1.0,1.0,16.0,1.0,5.0,2.0,2.0,,2.4466666666666668,2.443333333333334,2.33,3.6633333333333336,4.556666666666667,2.8366666666666664,2.0
,6355.0,770.0,5.0,2.0,49.0,45.4,,,,0.0,67.0,1.0,3.0,2.0,1.0,16.0,2.0,2.0,4.0,2.0,1.0,4.33,5.33,3.33,3.67,5.0,4.17,3.0
1.0,5120.0,7870.0,1.0,2.0,45.0,38.3,16335.0,18.0,46.0,52.0,57.0,2.0,1.0,1.0,1.0,14.0,3.0,3.0,2.0,1.0,1.0,3.67,3.67,3.0,4.67,5.0,3.67,3.0
,3730.0,6290.0,5.0,2.0,38.0,52.4,13612.5,17.0,,0.0,74.0,1.0,1.0,1.0,1.0,14.0,2.0,1.0,1.0,1.0,,,,,,,,2.0
1.0,4700.0,5090.0,1.0,2.0,38.0,43.0,7713.75,13.0,40.0,52.0,60.0,2.0,1.0,1.0,1.0,12.0,0.0,4.0,3.0,1.0,,3.67,4.67,3.67,4.33,4.0,4.0,2.0
2.0,7750.0,3990.0,1.0,2.0,35.0,25.0,19965.0,19.0,40.0,52.0,34.0,1.0,1.0,1.0,1.0,14.0,1.0,1.0,2.0,1.0,1.0,2.4466666666666668,2.443333333333334,2.33,3.6633333333333336,4.556666666666667,2.8366666666666664,2.0
2.0,2310.0,7860.0,1.0,2.0,61.0,80.9,1633.5,4.0,40.0,3.0,68.0,2.0,1.0,1.0,1.0,18.0,4.0,1.0,2.0,1.0,,5.333333333333333,5.33,4.22,6.22,4.22,4.78,4.0
1.0,4650.0,9090.0,1.0,1.0,18.0,27.6,43560.0,23.0,60.0,52.0,45.0,1.0,3.0,3.0,1.0,14.0,2.0,2.0,0.0,1.0,,,,,,,,2.0
2.0,4600.0,8470.0,1.0,2.0,35.0,21.8,11797.5,16.0,38.0,52.0,28.0,2.0,1.0,1.0,1.0,12.0,1.0,5.0,3.0,1.0,,4.0,4.5,2.5,6.0,3.0,3.33,2.0
1.0,5000.0,9370.0,1.0,2.0,46.0,52.0,36300.0,22.0,40.0,52.0,53.0,1.0,1.0,1.0,1.0,16.0,3.0,3.0,2.0,1.0,,4.33,5.33,4.33,5.33,5.67,4.83,3.0
,8640.0,2490.0,5.0,2.0,31.0,48.8,,,,0.0,82.0,1.0,1.0,1.0,1.0,12.0,1.0,2.0,2.0,1.0,1.0,2.665,3.83,2.33,3.5,5.335,3.5,2.0
2.0,8800.0,1280.0,1.0,2.0,24.0,17.1,13612.5,17.0,42.0,46.0,26.0,1.0,1.0,1.0,1.0,12.0,1.0,1.0,1.0,1.0,4.0,2.0,3.33,1.67,3.67,5.33,2.0,2.0
,110.0,2490.0,5.0,2.0,60.0,83.8,,,,0.0,69.0,2.0,1.0,1.0,1.0,16.0,3.0,1.0,4.0,1.0,4.0,5.33,5.0,5.33,4.33,5.67,6.5,4.0
3.0,7330.0,2490.0,1.0,2.0,38.0,42.8,29947.5,21.0,52.0,52.0,26.0,1.0,1.0,1.0,1.0,12.0,1.0,1.0,2.0,1.0,,3.0,4.5,2.5,3.5,5.67,3.42,2.5
,3710.0,9470.0,5.0,2.0,66.0,72.6,24502.5,20.0,,0.0,65.0,1.0,1.0,1.0,1.0,12.0,1.0,1.0,3.0,1.0,4.0,5.0,6.33,6.0,5.33,5.0,5.33,2.0
2.0,3255.0,8190.0,1.0,2.0,64.0,84.2,,,38.0,0.0,35.0,2.0,1.0,1.0,1.0,16.0,2.0,4.0,3.0,1.0,4.0,5.3340000000000005,4.934,4.8,6.066,5.734,5.1,4.4
1.0,,,1.0,2.0,,,97883.49087,26.0,,52.0,48.0,2.0,1.0,1.0,2.0,18.0,4.0,1.0,0.0,1.0,4.0,,,,,,,
1.0,5160.0,6880.0,1.0,2.0,39.0,20.8,11797.5,16.0,40.0,52.0,28.0,2.0,1.0,1.0,1.0,12.0,1.0,5.0,1.0,1.0,2.0,3.0,3.67,2.33,6.0,5.0,3.33,2.0
,230.0,7870.0,5.0,2.0,59.0,75.5,97883.49087,26.0,,12.0,50.0,2.0,1.0,1.0,1.0,17.0,4.0,1.0,3.0,1.0,2.0,5.7524999999999995,6.0825,5.25,6.25,3.915,5.3325,4.5
1.0,4620.0,8270.0,2.0,2.0,35.0,42.9,4083.75,9.0,24.0,52.0,43.0,2.0,1.0,1.0,1.0,13.0,1.0,5.0,1.0,1.0,4.0,4.5,5.0,3.165,6.0,4.0,3.67,3.5
2.0,7330.0,1480.0,1.0,2.0,38.0,42.8,16335.0,18.0,50.0,52.0,44.0,1.0,1.0,1.0,1.0,12.0,2.0,1.0,3.0,1.0,,3.0,4.5,2.5,3.5,5.67,3.42,2.5
,3310.0,7980.0,7.0,2.0,56.0,76.7,6806.25,12.0,,20.0,29.0,2.0,1.0,1.0,1.0,14.0,2.0,1.0,2.0,1.0,,4.33,4.67,3.67,6.67,5.0,4.5,3.0
1.0,4600.0,8470.0,2.0,1.0,35.0,21.8,1270.5,3.0,27.0,52.0,50.0,2.0,2.0,1.0,1.0,13.0,1.0,1.0,2.0,1.0,4.0,4.0,4.5,2.5,6.0,3.0,3.33,2.0
1.0,2310.0,7860.0,3.0,2.0,61.0,80.9,24502.5,20.0,,40.0,48.0,2.0,1.0,1.0,1.0,17.0,4.0,1.0,3.0,1.0,1.0,5.333333333333333,5.33,4.22,6.22,4.22,4.78,4.0
1.0,4040.0,8690.0,2.0,2.0,32.0,26.9,4083.75,9.0,25.0,48.0,23.0,1.0,3.0,5.0,1.0,13.0,1.0,5.0,0.0,1.0,,2.33,4.0,2.67,5.33,3.33,2.33,2.0
1.0,6260.0,770.0,1.0,2.0,28.0,25.2,36300.0,22.0,42.0,52.0,32.0,1.0,1.0,1.0,1.0,14.0,1.0,5.0,1.0,1.0,4.0,2.33,2.67,1.67,4.0,4.33,3.17,2.0
2.0,1020.0,7380.0,1.0,2.0,60.0,87.9,29947.5,21.0,40.0,52.0,25.0,1.0,1.0,1.0,1.0,16.0,3.0,5.0,0.0,1.0,4.0,5.0,5.0,4.67,4.33,5.0,5.0,4.0
2.0,700.0,3890.0,1.0,2.0,51.0,61.9,16335.0,18.0,40.0,46.0,48.0,2.0,1.0,1.0,1.0,14.0,2.0,4.0,8.0,1.0,,5.333333333333333,5.446666666666666,5.113333333333333,4.223333333333334,4.223333333333334,4.943333333333333,4.0
2.0,4700.0,4970.0,1.0,2.0,38.0,43.0,13612.5,17.0,40.0,50.0,31.0,2.0,1.0,1.0,1.0,12.0,1.0,5.0,1.0,1.0,,3.67,4.67,3.67,4.33,4.0,4.0,2.0
2.0,5340.0,6870.0,1.0,2.0,42.0,39.2,19965.0,19.0,60.0,52.0,27.0,1.0,1.0,5.0,1.0,12.0,1.0,3.0,0.0,1.0,,3.67,4.0,3.33,5.0,5.33,3.5,3.0
2.0,2016.0,8370.0,1.0,2.0,44.0,43.8,13612.5,17.0,44.0,52.0,57.0,2.0,1.0,1.0,1.0,18.0,3.0,1.0,0.0,1.0,4.0,3.67,4.0,3.33,6.0,5.0,3.5,4.0
,3600.0,8270.0,8.0,2.0,48.0,24.2,,,,0.0,64.0,2.0,1.0,1.0,1.0,16.0,3.0,3.0,1.0,1.0,1.0,2.915,3.0,2.3325,5.0825,4.6675,3.125,2.25
2.0,3500.0,8190.0,1.0,2.0,69.0,46.6,7713.75,13.0,36.0,26.0,65.0,2.0,2.0,1.0,1.0,14.0,2.0,3.0,2.0,1.0,,5.33,5.0,4.0,6.33,5.67,4.33,3.0
1.0,2540.0,7860.0,7.0,2.0,48.0,26.1,,,,0.0,47.0,2.0,2.0,1.0,1.0,12.0,1.0,3.0,3.0,1.0,4.0,,,,,,,3.0
2.0,3600.0,8270.0,1.0,2.0,48.0,24.2,13612.5,17.0,44.0,52.0,63.0,2.0,1.0,1.0,1.0,16.0,2.0,3.0,3.0,1.0,,2.915,3.0,2.3325,5.0825,4.6675,3.125,2.25
,2000.0,9470.0,5.0,2.0,51.0,63.7,,,,0.0,72.0,1.0,2.0,1.0,2.0,16.0,3.0,2.0,2.0,1.0,3.0,5.465999999999999,5.0,4.668,6.6,3.601999999999999,4.566,4.8
1.0,4700.0,5570.0,1.0,2.0,38.0,43.0,16335.0,18.0,42.0,52.0,34.0,1.0,1.0,1.0,1.0,11.0,0.0,5.0,4.0,1.0,,3.67,4.67,3.67,4.33,4.0,4.0,2.0
1.0,6355.0,770.0,1.0,2.0,49.0,45.4,29947.5,21.0,40.0,52.0,39.0,1.0,2.0,1.0,1.0,17.0,2.0,3.0,1.0,1.0,1.0,4.33,5.33,3.33,3.67,5.0,4.17,3.0
1.0,220.0,770.0,1.0,1.0,53.0,59.1,,,70.0,52.0,19.0,1.0,2.0,1.0,1.0,14.0,1.0,1.0,6.0,1.0,4.0,5.33,5.67,4.67,5.0,5.33,5.83,4.0
2.0,3600.0,8190.0,1.0,2.0,48.0,24.2,13612.5,17.0,42.0,52.0,33.0,2.0,2.0,1.0,1.0,12.0,1.0,5.0,2.0,1.0,,2.915,3.0,2.3325,5.0825,4.6675,3.125,2.25
,5620.0,770.0,5.0,2.0,25.0,23.8,,,,0.0,81.0,1.0,1.0,1.0,1.0,10.0,0.0,1.0,3.0,1.0,4.0,2.0,2.83,1.83,4.5,4.25,2.29,2.0
1.0,4810.0,6990.0,1.0,2.0,47.0,57.8,24502.5,20.0,40.0,52.0,58.0,1.0,2.0,1.0,1.0,16.0,3.0,1.0,1.0,1.0,4.0,5.0,5.33,3.67,5.33,4.67,3.83,4.0
1.0,4600.0,9290.0,1.0,1.0,35.0,21.8,2359.5,6.0,45.0,52.0,28.0,2.0,1.0,1.0,1.0,12.0,1.0,1.0,3.0,1.0,4.0,4.0,4.5,2.5,6.0,3.0,3.33,2.0
,6130.0,9370.0,5.0,2.0,29.0,20.0,,,,0.0,84.0,2.0,1.0,1.0,1.0,12.0,1.0,2.0,6.0,1.0,4.0,2.443333333333334,4.113333333333333,2.11,3.11,5.333333333333333,3.223333333333333,2.0
,4220.0,3390.0,5.0,2.0,24.0,20.7,,,,0.0,72.0,2.0,1.0,1.0,1.0,12.0,1.0,5.0,0.0,1.0,4.0,1.67,2.0,1.33,4.33,3.0,2.0,3.0
,9130.0,6170.0,5.0,2.0,35.0,32.0,,,,0.0,60.0,1.0,1.0,1.0,1.0,10.0,0.0,5.0,0.0,1.0,,2.223333333333333,3.6666666666666665,2.11,2.8866666666666667,4.556666666666667,3.056666666666666,2.0
2.0,,,2.0,2.0,,,,,25.0,,,2.0,1.0,1.0,1.0,12.0,1.0,5.0,0.0,1.0,4.0,,,,,,,
,6260.0,770.0,5.0,2.0,28.0,25.2,,,,0.0,75.0,1.0,1.0,1.0,1.0,12.0,1.0,3.0,4.0,1.0,4.0,2.33,2.67,1.67,4.0,4.33,3.17,2.0
2.0,5940.0,7070.0,1.0,2.0,17.0,45.3,13612.5,17.0,40.0,48.0,34.0,2.0,1.0,1.0,1.0,18.0,4.0,1.0,0.0,1.0,4.0,,,,,,,
,2320.0,7860.0,5.0,2.0,64.0,82.5,,,,0.0,68.0,1.0,1.0,1.0,1.0,20.0,3.0,5.0,0.0,1.0,,5.5,5.165,4.165,6.5,4.5,5.08,4.0
2.0,6260.0,770.0,4.0,2.0,28.0,25.2,13612.5,17.0,,52.0,47.0,1.0,1.0,1.0,1.0,12.0,1.0,3.0,2.0,1.0,4.0,2.33,2.67,1.67,4.0,4.33,3.17,2.0
2.0,8900.0,680.0,4.0,2.0,35.0,26.8,9982.5,15.0,,52.0,25.0,1.0,1.0,1.0,1.0,14.0,1.0,5.0,0.0,1.0,,2.67,4.0,1.67,3.33,5.67,3.17,2.0
2.0,9600.0,3780.0,1.0,2.0,35.0,20.9,,,50.0,52.0,51.0,2.0,1.0,1.0,1.0,14.0,2.0,1.0,1.0,1.0,4.0,2.33,3.0,2.33,4.33,4.33,2.5,2.0
,1760.0,9390.0,5.0,1.0,42.0,86.8,97883.49087,26.0,,52.0,67.0,1.0,1.0,1.0,1.0,18.0,4.0,1.0,2.0,1.0,4.0,5.67,5.33,5.33,4.0,4.33,5.0,4.0
1.0,9620.0,1180.0,1.0,2.0,25.0,23.3,16335.0,18.0,45.0,52.0,35.0,2.0,1.0,1.0,1.0,12.0,1.0,1.0,3.0,1.0,4.0,2.0,2.0,2.0,4.33,4.33,2.17,2.0
1.0,1050.0,7970.0,1.0,2.0,48.0,64.5,16335.0,18.0,45.0,52.0,42.0,1.0,1.0,1.0,1.0,12.0,1.0,5.0,0.0,1.0,4.0,5.165,4.5,4.165,4.165,5.0,4.92,3.5
,4840.0,6690.0,5.0,2.0,43.0,61.2,,,,0.0,75.0,1.0,1.0,1.0,1.0,14.0,1.0,3.0,2.0,1.0,,5.17,5.08,4.42,4.75,4.42,5.17,3.0
1.0,8730.0,490.0,1.0,2.0,38.0,39.8,36300.0,22.0,84.0,52.0,37.0,1.0,3.0,5.0,2.0,12.0,1.0,4.0,0.0,1.0,4.0,2.33,4.0,2.33,3.67,6.33,3.17,2.0
1.0,5700.0,8190.0,1.0,2.0,47.0,38.8,19965.0,19.0,41.0,52.0,57.0,2.0,1.0,1.0,1.0,12.0,1.0,1.0,2.0,1.0,,3.3325,3.0,2.9175,5.0825,4.8325,3.6225,2.5
1.0,230.0,7860.0,1.0,2.0,59.0,75.5,58080.0,25.0,50.0,48.0,41.0,2.0,1.0,1.0,1.0,20.0,3.0,1.0,2.0,1.0,2.0,5.7524999999999995,6.0825,5.25,6.25,3.915,5.3325,4.5
,9230.0,6080.0,5.0,2.0,45.0,50.0,,,,0.0,74.0,1.0,1.0,1.0,1.0,14.0,2.0,2.0,2.0,1.0,,2.5,2.83,2.0,3.67,5.5,3.33,2.0
,4760.0,5790.0,5.0,2.0,31.0,39.7,36300.0,22.0,,52.0,66.0,1.0,1.0,1.0,1.0,12.0,1.0,1.0,2.0,1.0,,3.0,3.0,2.67,5.0,4.0,2.33,2.0
,8965.0,1890.0,5.0,2.0,35.0,26.8,,,,0.0,73.0,2.0,1.0,1.0,1.0,13.0,1.0,2.0,4.0,1.0,4.0,3.0,3.443333333333334,2.776666666666667,3.556666666666666,4.556666666666667,3.276666666666667,2.0
2.0,850.0,3570.0,1.0,2.0,63.0,79.3,16335.0,18.0,37.0,37.0,41.0,1.0,1.0,1.0,1.0,15.0,1.0,5.0,0.0,1.0,,5.0,5.33,4.67,4.33,3.67,4.67,4.0
,5700.0,7860.0,5.0,2.0,47.0,38.8,,,,0.0,68.0,2.0,1.0,1.0,1.0,12.0,1.0,2.0,5.0,1.0,,3.3325,3.0,2.9175,5.0825,4.8325,3.6225,2.5
1.0,205.0,180.0,2.0,1.0,46.0,39.9,,,25.0,52.0,60.0,1.0,1.0,1.0,1.0,12.0,1.0,1.0,3.0,1.0,4.0,4.89,5.22,4.44,4.66,3.22,4.67,4.0
,2310.0,7860.0,5.0,2.0,61.0,80.9,,,,0.0,71.0,2.0,1.0,1.0,1.0,18.0,4.0,2.0,3.0,1.0,1.0,5.333333333333333,5.33,4.22,6.22,4.22,4.78,4.0
,4920.0,7070.0,7.0,2.0,49.0,56.9,,,,,30.0,2.0,1.0,1.0,1.0,12.0,1.0,1.0,2.0,1.0,4.0,5.0,5.165,4.33,5.0,3.5,4.5,3.5
1.0,2310.0,7860.0,3.0,2.0,61.0,80.9,1996.5,5.0,,52.0,62.0,2.0,1.0,1.0,1.0,18.0,4.0,1.0,6.0,1.0,4.0,5.333333333333333,5.33,4.22,6.22,4.22,4.78,4.0
1.0,4700.0,5570.0,2.0,1.0,38.0,43.0,,,25.0,40.0,78.0,1.0,1.0,1.0,1.0,16.0,3.0,1.0,0.0,1.0,,3.67,4.67,3.67,4.33,4.0,4.0,2.0
2.0,120.0,180.0,1.0,1.0,53.0,69.3,16335.0,18.0,46.0,52.0,64.0,2.0,1.0,1.0,1.0,18.0,4.0,1.0,4.0,1.0,4.0,5.5,5.835,5.335,4.5,5.165,5.915,4.0
1.0,6320.0,7790.0,1.0,2.0,42.0,31.0,19965.0,19.0,45.0,52.0,58.0,1.0,1.0,1.0,1.0,12.0,1.0,1.0,3.0,1.0,4.0,3.33,3.0,2.67,4.0,5.0,3.67,2.0
,5700.0,7970.0,5.0,2.0,47.0,38.8,,,,0.0,72.0,2.0,1.0,1.0,1.0,13.0,1.0,1.0,1.0,1.0,,3.3325,3.0,2.9175,5.0825,4.8325,3.6225,2.5
,,,8.0,,,,,,,0.0,64.0,2.0,1.0,1.0,1.0,12.0,0.0,5.0,0.0,1.0,,,,,,,,
,8320.0,1480.0,5.0,1.0,32.0,13.2,,,,0.0,70.0,2.0,1.0,1.0,1.0,12.0,1.0,5.0,0.0,1.0,4.0,2.0,2.33,1.67,2.67,4.33,2.17,2.0
,3600.0,8190.0,5.0,2.0,48.0,24.2,,,,0.0,84.0,2.0,1.0,1.0,1.0,7.0,0.0,2.0,6.0,1.0,4.0,2.915,3.0,2.3325,5.0825,4.6675,3.125,2.25
,10.0,6870.0,5.0,2.0,72.0,77.4,,,,0.0,73.0,2.0,1.0,1.0,1.0,16.0,3.0,3.0,2.0,1.0,4.0,6.5,6.835,6.5,5.0,4.33,6.33,5.0
3.0,9120.0,7860.0,7.0,1.0,35.0,31.6,,,,30.0,55.0,2.0,1.0,1.0,1.0,12.0,1.0,1.0,2.0,1.0,,3.0,4.33,2.0,5.0,5.0,3.0,2.0
,6050.0,180.0,5.0,2.0,27.0,14.0,,,,0.0,73.0,2.0,1.0,1.0,1.0,12.0,1.0,5.0,0.0,1.0,4.0,2.3333333333333335,2.443333333333334,1.6133333333333333,2.8866666666666667,3.8866666666666663,2.17,2.0
1.0,5000.0,7980.0,7.0,2.0,46.0,52.0,,,,0.0,68.0,2.0,1.0,1.0,1.0,14.0,2.0,1.0,2.0,3.0,4.0,4.33,5.33,4.33,5.33,5.67,4.83,3.0
,2320.0,7860.0,5.0,2.0,64.0,82.5,,,,0.0,71.0,2.0,1.0,1.0,1.0,16.0,3.0,1.0,2.0,3.0,4.0,5.5,5.165,4.165,6.5,4.5,5.08,4.0
,3010.0,7980.0,5.0,1.0,72.0,92.1,,,,0.0,80.0,1.0,1.0,1.0,1.0,20.0,4.0,1.0,2.0,3.0,4.0,5.9175,6.4175,5.75,6.0,4.1675,5.75,5.0
2.0,1610.0,9370.0,1.0,2.0,73.0,85.8,50820.0,24.0,40.0,52.0,40.0,2.0,1.0,1.0,1.0,20.0,4.0,1.0,1.0,3.0,3.0,5.43,5.048571428571429,5.475714285714285,3.618571428571428,3.62,5.0,4.714285714285714
2.0,3010.0,9590.0,1.0,2.0,72.0,92.1,97883.49087,26.0,45.0,52.0,42.0,1.0,1.0,1.0,1.0,20.0,4.0,1.0,5.0,3.0,,5.9175,6.4175,5.75,6.0,4.1675,5.75,5.0
1.0,3255.0,9480.0,7.0,2.0,64.0,84.2,,,,0.0,80.0,2.0,1.0,1.0,1.0,16.0,3.0,1.0,3.0,3.0,4.0,5.3340000000000005,4.934,4.8,6.066,5.734,5.1,4.4
,800.0,7280.0,5.0,2.0,60.0,76.3,,,,52.0,66.0,2.0,1.0,1.0,1.0,17.0,2.0,3.0,0.0,3.0,,5.0,5.0,4.67,4.67,4.67,4.5,4.0
,3420.0,7480.0,5.0,2.0,55.0,37.2,8621.25,14.0,,40.0,61.0,2.0,1.0,1.0,1.0,16.0,3.0,1.0,0.0,3.0,4.0,3.556666666666666,3.4450000000000003,3.2216666666666662,5.4433333333333325,5.166666666666667,3.526666666666667,3.0
1.0,,,1.0,2.0,,,16335.0,18.0,49.0,52.0,,2.0,2.0,1.0,1.0,16.0,3.0,5.0,1.0,3.0,4.0,,,,,,,
,8140.0,2180.0,5.0,2.0,38.0,28.4,,,,0.0,63.0,1.0,1.0,1.0,1.0,8.0,0.0,3.0,3.0,3.0,4.0,2.415,3.25,2.25,3.75,5.25,3.0,2.0
2.0,8965.0,3770.0,4.0,2.0,35.0,26.8,7713.75,13.0,,52.0,25.0,1.0,1.0,1.0,1.0,12.0,1.0,5.0,0.0,3.0,,3.0,3.443333333333334,2.776666666666667,3.556666666666666,4.556666666666667,3.276666666666667,2.0
,3600.0,8180.0,5.0,2.0,48.0,24.2,,,,0.0,75.0,2.0,1.0,1.0,1.0,12.0,1.0,2.0,2.0,3.0,4.0,2.915,3.0,2.3325,5.0825,4.6675,3.125,2.25
2.0,3600.0,8170.0,1.0,2.0,48.0,24.2,,,58.0,52.0,26.0,2.0,2.0,1.0,1.0,12.0,1.0,5.0,1.0,3.0,4.0,2.915,3.0,2.3325,5.0825,4.6675,3.125,2.25
1.0,50.0,7490.0,2.0,1.0,53.0,73.9,,,20.0,48.0,49.0,2.0,1.0,1.0,1.0,16.0,3.0,1.0,2.0,3.0,4.0,5.665,5.67,5.0,4.835,5.165,5.835,4.0
,2400.0,8570.0,5.0,2.0,55.0,70.4,,,,6.0,69.0,2.0,1.0,1.0,1.0,16.0,3.0,2.0,2.0,3.0,4.0,5.003333333333333,5.11,4.333333333333333,4.333333333333333,3.5533333333333332,4.386666666666667,4.666666666666667
,4720.0,4970.0,5.0,2.0,28.0,21.6,,,,0.0,69.0,2.0,1.0,1.0,1.0,12.0,1.0,1.0,2.0,3.0,,2.5,2.835,2.0,4.5,4.0,2.335,2.0
,2540.0,7860.0,5.0,2.0,48.0,26.1,,,,0.0,65.0,2.0,1.0,1.0,1.0,12.0,1.0,1.0,2.0,3.0,4.0,,,,,,,3.0
1.0,5700.0,9160.0,1.0,2.0,47.0,38.8,7713.75,13.0,89.0,52.0,40.0,2.0,1.0,1.0,1.0,14.0,2.0,1.0,2.0,3.0,,3.3325,3.0,2.9175,5.0825,4.8325,3.6225,2.5
1.0,2160.0,7570.0,1.0,2.0,44.0,56.8,19965.0,19.0,35.0,48.0,66.0,2.0,1.0,1.0,1.0,13.0,1.0,3.0,3.0,3.0,4.0,4.0,3.835,2.835,4.0,4.5,3.665,2.5
1.0,5400.0,2290.0,1.0,2.0,38.0,25.7,11797.5,16.0,40.0,52.0,48.0,2.0,1.0,1.0,1.0,12.0,1.0,3.0,3.0,3.0,4.0,3.0,3.0,2.33,5.67,4.0,2.67,2.0
1.0,2310.0,7860.0,1.0,2.0,61.0,80.9,9982.5,15.0,45.0,32.0,27.0,2.0,3.0,1.0,1.0,17.0,3.0,5.0,0.0,3.0,4.0,5.333333333333333,5.33,4.22,6.22,4.22,4.78,4.0
2.0,7315.0,770.0,1.0,1.0,45.0,38.8,4991.25,10.0,30.0,52.0,67.0,1.0,1.0,1.0,1.0,12.0,1.0,1.0,1.0,3.0,,3.83,5.33,3.0,4.0,5.5,4.0,3.0
,850.0,6990.0,5.0,2.0,63.0,79.3,,,,0.0,66.0,2.0,2.0,1.0,1.0,14.0,2.0,1.0,2.0,3.0,2.0,5.0,5.33,4.67,4.33,3.67,4.67,4.0
,1320.0,3590.0,5.0,2.0,75.0,89.3,,,,0.0,82.0,1.0,1.0,1.0,1.0,20.0,4.0,1.0,5.0,3.0,,5.0,5.33,5.33,4.33,5.0,5.5,4.0
1.0,3250.0,7480.0,2.0,2.0,68.0,89.9,43560.0,23.0,4.0,50.0,54.0,1.0,1.0,1.0,1.0,19.0,4.0,1.0,2.0,3.0,4.0,7.0,6.33,6.0,6.0,4.67,5.83,5.0
1.0,3060.0,8270.0,1.0,2.0,80.0,92.8,97883.49087,26.0,60.0,48.0,64.0,2.0,2.0,1.0,1.0,20.0,4.0,,7.0,3.0,4.0,6.155882352941177,5.96,6.077058823529412,5.587647058823529,5.0194117647058825,5.676470588235294,5.0
,3060.0,9590.0,5.0,2.0,80.0,92.8,,,,0.0,67.0,2.0,1.0,1.0,1.0,20.0,4.0,5.0,2.0,3.0,,6.155882352941177,5.96,6.077058823529412,5.587647058823529,5.0194117647058825,5.676470588235294,5.0
,5550.0,6370.0,5.0,2.0,45.0,58.4,,,,0.0,59.0,1.0,1.0,1.0,2.0,12.0,1.0,5.0,0.0,3.0,,2.33,3.0,2.67,3.67,4.0,3.5,2.0
2.0,565.0,9590.0,1.0,2.0,47.0,69.4,29947.5,21.0,40.0,52.0,38.0,1.0,1.0,1.0,1.0,14.0,2.0,5.0,0.0,3.0,1.0,4.555,4.778333333333333,3.776666666666667,4.445,4.666666666666667,4.445,3.6666666666666665
2.0,5860.0,7070.0,1.0,1.0,32.0,35.8,24502.5,20.0,40.0,52.0,38.0,2.0,1.0,1.0,1.0,14.0,2.0,3.0,3.0,3.0,4.0,2.33,2.67,2.33,5.67,4.33,2.5,2.0
,5860.0,9590.0,1.0,2.0,32.0,35.8,,,70.0,52.0,,1.0,1.0,1.0,1.0,14.0,1.0,1.0,4.0,3.0,,2.33,2.67,2.33,5.67,4.33,2.5,2.0
2.0,2100.0,7270.0,1.0,2.0,69.0,91.1,97883.49087,26.0,40.0,52.0,74.0,1.0,1.0,1.0,1.0,16.0,4.0,1.0,0.0,3.0,4.0,6.0,6.0,6.33,4.0,4.33,6.0,5.0
,120.0,7860.0,5.0,2.0,53.0,69.3,,,,0.0,60.0,2.0,1.0,1.0,1.0,18.0,4.0,3.0,4.0,3.0,4.0,5.5,5.835,5.335,4.5,5.165,5.915,4.0
,7020.0,6680.0,5.0,2.0,38.0,52.1,,,,0.0,85.0,1.0,1.0,1.0,1.0,12.0,1.0,1.0,2.0,3.0,4.0,4.165,4.0,2.67,3.665,5.0,4.33,3.0
,3930.0,9590.0,5.0,2.0,34.0,34.7,,,,0.0,49.0,2.0,1.0,1.0,1.0,17.0,4.0,1.0,1.0,3.0,4.0,3.665,4.835,3.165,3.835,5.165,3.335,2.0
1.0,1050.0,2670.0,1.0,2.0,48.0,64.5,24502.5,20.0,40.0,52.0,32.0,1.0,2.0,1.0,1.0,14.0,1.0,1.0,1.0,3.0,4.0,5.165,4.5,4.165,4.165,5.0,4.92,3.5
4.0,4230.0,8660.0,4.0,2.0,25.0,12.6,,,,0.0,32.0,2.0,2.0,1.0,1.0,10.0,0.0,5.0,0.0,3.0,,1.67,2.0,1.0,5.33,2.67,1.67,2.0
2.0,5600.0,7980.0,1.0,2.0,40.0,49.4,13612.5,17.0,41.0,52.0,32.0,2.0,1.0,1.0,1.0,10.0,1.0,5.0,2.0,3.0,4.0,4.0,5.33,3.0,4.33,4.67,4.5,2.0
3.0,2300.0,7860.0,1.0,2.0,53.0,41.1,19965.0,19.0,50.0,48.0,53.0,2.0,1.0,1.0,1.0,20.0,4.0,1.0,3.0,3.0,4.0,5.0,4.665,3.665,6.5,3.67,4.335,3.5
,10.0,9590.0,5.0,2.0,72.0,77.4,,,,0.0,78.0,1.0,1.0,1.0,1.0,18.0,4.0,1.0,2.0,3.0,,6.5,6.835,6.5,5.0,4.33,6.33,5.0
2.0,4850.0,1270.0,1.0,2.0,45.0,62.0,11797.5,16.0,40.0,47.0,27.0,1.0,2.0,1.0,1.0,12.0,1.0,5.0,0.0,3.0,,4.89,4.89,3.78,4.553333333333334,3.78,4.613333333333333,3.6666666666666665
3.0,8965.0,1370.0,1.0,2.0,35.0,26.8,3267.0,8.0,38.0,49.0,28.0,1.0,2.0,1.0,1.0,12.0,1.0,5.0,1.0,3.0,4.0,3.0,3.443333333333334,2.776666666666667,3.556666666666666,4.556666666666667,3.276666666666667,2.0
1.0,4720.0,5090.0,7.0,2.0,28.0,21.6,,,,0.0,61.0,2.0,2.0,1.0,1.0,13.0,1.0,3.0,2.0,3.0,4.0,2.5,2.835,2.0,4.5,4.0,2.335,2.0
,9130.0,6170.0,5.0,2.0,35.0,32.0,36300.0,22.0,,49.0,66.0,1.0,1.0,1.0,1.0,16.0,3.0,5.0,1.0,3.0,4.0,2.223333333333333,3.6666666666666665,2.11,2.8866666666666667,4.556666666666667,3.056666666666666,2.0
2.0,1720.0,2180.0,1.0,2.0,72.0,86.6,50820.0,24.0,40.0,50.0,48.0,1.0,3.0,1.0,2.0,20.0,4.0,1.0,0.0,3.0,4.0,5.67,5.33,5.165,3.335,4.335,5.17,4.0
,4850.0,1590.0,8.0,2.0,45.0,62.0,,,,0.0,65.0,1.0,2.0,1.0,1.0,10.0,0.0,3.0,1.0,3.0,,4.89,4.89,3.78,4.553333333333334,3.78,4.613333333333333,3.6666666666666665
3.0,5510.0,6380.0,3.0,2.0,29.0,39.9,11797.5,16.0,,40.0,23.0,2.0,2.0,1.0,1.0,13.0,1.0,5.0,1.0,3.0,3.0,2.0,2.67,2.0,4.0,4.0,2.67,2.0
2.0,4760.0,4980.0,1.0,2.0,31.0,39.7,,,20.0,52.0,,2.0,1.0,1.0,1.0,,0.0,5.0,0.0,3.0,4.0,3.0,3.0,2.67,5.0,4.0,2.33,2.0
1.0,9620.0,1290.0,1.0,2.0,25.0,23.3,16335.0,18.0,40.0,48.0,55.0,1.0,2.0,1.0,1.0,12.0,1.0,1.0,0.0,3.0,4.0,2.0,2.0,2.0,4.33,4.33,2.17,2.0
1.0,3600.0,8270.0,7.0,2.0,48.0,24.2,,,,0.0,70.0,2.0,1.0,1.0,1.0,10.0,0.0,1.0,4.0,3.0,4.0,2.915,3.0,2.3325,5.0825,4.6675,3.125,2.25
4.0,,,7.0,,,,,,,8.0,24.0,1.0,1.0,1.0,1.0,14.0,1.0,5.0,2.0,3.0,4.0,,,,,,,
,3646.0,8190.0,5.0,2.0,49.0,37.9,,,,0.0,76.0,2.0,1.0,1.0,1.0,12.0,1.0,1.0,2.0,3.0,4.0,3.0,2.67,2.67,4.0,4.67,2.67,3.0
2.0,,,7.0,,,,,,,1.0,48.0,1.0,2.0,1.0,1.0,11.0,1.0,4.0,0.0,3.0,4.0,,,,,,,
1.0,4600.0,8470.0,1.0,1.0,35.0,21.8,4083.75,9.0,35.0,52.0,62.0,2.0,2.0,1.0,1.0,14.0,1.0,1.0,1.0,3.0,4.0,4.0,4.5,2.5,6.0,3.0,3.33,2.0
2.0,,,1.0,2.0,,,,,,,,2.0,2.0,1.0,1.0,20.0,4.0,,,3.0,,,,,,,,
1.0,4700.0,5790.0,1.0,2.0,38.0,43.0,29947.5,21.0,50.0,52.0,47.0,1.0,1.0,5.0,2.0,16.0,2.0,1.0,1.0,3.0,4.0,3.67,4.67,3.67,4.33,4.0,4.0,2.0
,4510.0,8980.0,5.0,1.0,36.0,24.6,,,,0.0,75.0,2.0,2.0,1.0,1.0,6.0,0.0,1.0,2.0,3.0,4.0,4.0,5.0,2.67,6.33,2.0,3.17,3.0
,3600.0,7970.0,6.0,2.0,48.0,24.2,6806.25,12.0,,49.0,20.0,2.0,1.0,1.0,1.0,15.0,1.0,1.0,0.0,3.0,4.0,2.915,3.0,2.3325,5.0825,4.6675,3.125,2.25
2.0,5860.0,7470.0,7.0,2.0,32.0,35.8,,,,0.0,33.0,2.0,3.0,1.0,2.0,16.0,3.0,1.0,0.0,3.0,,2.33,2.67,2.33,5.67,4.33,2.5,2.0
,6420.0,770.0,5.0,2.0,35.0,24.0,,,,0.0,63.0,1.0,1.0,3.0,1.0,12.0,1.0,5.0,0.0,3.0,,3.0,3.67,2.33,3.33,4.0,3.33,2.0
,5120.0,7870.0,5.0,2.0,45.0,38.3,,,,0.0,71.0,2.0,1.0,1.0,1.0,13.0,1.0,1.0,0.0,3.0,,3.67,3.67,3.0,4.67,5.0,3.67,3.0
2.0,5240.0,7380.0,1.0,2.0,31.0,37.6,29947.5,21.0,40.0,52.0,40.0,1.0,1.0,1.0,1.0,16.0,3.0,1.0,2.0,3.0,4.0,3.835,4.0,3.335,6.165,4.5,3.58,2.5
1.0,5240.0,8180.0,1.0,2.0,31.0,37.6,16335.0,18.0,43.0,50.0,57.0,2.0,2.0,1.0,1.0,16.0,3.0,5.0,2.0,3.0,4.0,3.835,4.0,3.335,6.165,4.5,3.58,2.5
,3255.0,8190.0,5.0,2.0,64.0,84.2,,,,0.0,69.0,2.0,1.0,1.0,1.0,16.0,3.0,1.0,2.0,3.0,4.0,5.3340000000000005,4.934,4.8,6.066,5.734,5.1,4.4
2.0,7210.0,8770.0,1.0,2.0,42.0,35.3,24502.5,20.0,40.0,52.0,26.0,1.0,1.0,1.0,1.0,14.0,1.0,1.0,5.0,3.0,4.0,3.67,3.67,3.33,4.33,5.0,3.5,3.0
2.0,5510.0,6380.0,1.0,2.0,29.0,39.9,36300.0,22.0,54.0,52.0,32.0,1.0,1.0,1.0,1.0,10.0,1.0,4.0,2.0,3.0,1.0,2.0,2.67,2.0,4.0,4.0,2.67,2.0
2.0,7740.0,2670.0,1.0,2.0,34.0,33.9,50820.0,24.0,40.0,52.0,55.0,1.0,2.0,1.0,1.0,12.0,1.0,1.0,2.0,3.0,,3.0,2.33,2.33,3.33,5.0,3.33,2.0
3.0,5230.0,6870.0,1.0,2.0,29.0,39.5,29947.5,21.0,48.0,52.0,38.0,2.0,2.0,1.0,1.0,15.0,1.0,5.0,2.0,3.0,4.0,2.67,4.33,2.5,4.5,4.67,2.83,2.0
,4850.0,4290.0,5.0,1.0,45.0,62.0,,,,0.0,69.0,2.0,1.0,1.0,1.0,13.0,1.0,1.0,3.0,3.0,4.0,4.89,4.89,3.78,4.553333333333334,3.78,4.613333333333333,3.6666666666666665
1.0,4220.0,7870.0,1.0,2.0,24.0,20.7,16335.0,18.0,50.0,52.0,43.0,1.0,,5.0,2.0,16.0,1.0,2.0,0.0,3.0,,1.67,2.0,1.33,4.33,3.0,2.0,3.0
,9830.0,9870.0,5.0,2.0,62.0,50.4,,,,0.0,54.0,2.0,1.0,1.0,1.0,18.0,4.0,2.0,2.0,3.0,4.0,,,,,,,
1.0,6230.0,9370.0,3.0,2.0,44.0,28.7,9982.5,15.0,,52.0,49.0,1.0,1.0,1.0,1.0,12.0,1.0,3.0,1.0,3.0,,3.67,4.33,2.83,3.0,4.83,3.83,2.0
1.0,9830.0,9870.0,1.0,2.0,62.0,50.4,50820.0,24.0,0.0,52.0,28.0,1.0,1.0,1.0,2.0,16.0,3.0,5.0,0.0,3.0,,,,,,,,
1.0,710.0,7390.0,1.0,1.0,51.0,78.3,97883.49087,26.0,40.0,52.0,76.0,1.0,1.0,1.0,1.0,17.0,4.0,2.0,3.0,3.0,,5.33,5.33,5.0,6.0,3.67,5.17,4.0
1.0,1020.0,4670.0,1.0,2.0,60.0,87.9,97883.49087,26.0,40.0,52.0,36.0,1.0,1.0,1.0,1.0,17.0,3.0,5.0,0.0,3.0,4.0,5.0,5.0,4.67,4.33,5.0,5.0,4.0
,600.0,770.0,5.0,1.0,32.0,62.4,,,,0.0,75.0,1.0,1.0,1.0,1.0,12.0,1.0,1.0,2.0,3.0,4.0,4.0,4.67,4.0,4.67,3.67,4.5,4.0
,410.0,7070.0,5.0,2.0,41.0,54.6,,,,0.0,72.0,2.0,1.0,1.0,2.0,14.0,2.0,3.0,3.0,3.0,4.0,5.0,5.67,4.33,4.33,3.67,4.83,4.0
1.0,5120.0,,2.0,1.0,45.0,38.3,726.0,2.0,5.0,15.0,67.0,2.0,1.0,1.0,1.0,14.0,2.0,1.0,3.0,3.0,,3.67,3.67,3.0,4.67,5.0,3.67,3.0
2.0,4760.0,5790.0,1.0,2.0,31.0,39.7,4991.25,10.0,40.0,40.0,21.0,1.0,1.0,1.0,1.0,11.0,0.0,5.0,0.0,3.0,4.0,3.0,3.0,2.67,5.0,4.0,2.33,2.0
1.0,6830.0,9590.0,1.0,2.0,38.0,41.8,29947.5,21.0,40.0,45.0,23.0,1.0,1.0,2.0,1.0,12.0,1.0,1.0,0.0,3.0,,3.67,4.33,2.67,3.67,6.67,3.67,2.0
4.0,310.0,8680.0,1.0,2.0,39.0,41.0,19965.0,19.0,45.0,52.0,36.0,2.0,1.0,1.0,1.0,9.0,0.0,5.0,3.0,3.0,4.0,4.33,5.67,4.33,4.67,4.67,4.5,2.0
,3600.0,8270.0,5.0,2.0,48.0,24.2,,,,0.0,64.0,2.0,2.0,1.0,1.0,12.0,1.0,3.0,0.0,3.0,4.0,2.915,3.0,2.3325,5.0825,4.6675,3.125,2.25
,,5390.0,5.0,2.0,,,,,,0.0,62.0,1.0,1.0,1.0,1.0,12.0,1.0,1.0,2.0,3.0,4.0,,,,,,,
2.0,3300.0,8190.0,1.0,2.0,61.0,60.5,24502.5,20.0,48.0,52.0,47.0,2.0,1.0,1.0,1.0,16.0,3.0,5.0,1.0,3.0,,4.6675,4.6675,4.0024999999999995,3.665,4.75,4.04,3.8333333333333335
1.0,9610.0,8590.0,7.0,2.0,22.0,17.5,1633.5,4.0,,10.0,34.0,1.0,1.0,1.0,1.0,13.0,1.0,1.0,3.0,3.0,4.0,1.33,2.33,1.0,3.67,3.67,1.83,2.0
,3600.0,8180.0,8.0,2.0,48.0,24.2,,,,0.0,44.0,2.0,1.0,1.0,1.0,12.0,1.0,3.0,3.0,3.0,4.0,2.915,3.0,2.3325,5.0825,4.6675,3.125,2.25
2.0,4110.0,8680.0,2.0,2.0,31.0,19.6,,,10.0,45.0,29.0,2.0,1.0,1.0,1.0,13.0,1.0,5.0,2.0,3.0,,2.33,2.33,2.0,6.0,3.33,2.0,2.0
1.0,6220.0,2590.0,1.0,2.0,39.0,24.6,,,53.0,52.0,45.0,1.0,1.0,5.0,2.0,12.0,1.0,5.0,2.0,3.0,,3.335,4.0,2.5,3.17,4.67,3.835,2.0
2.0,6260.0,770.0,4.0,2.0,28.0,25.2,13612.5,17.0,,52.0,31.0,1.0,1.0,1.0,1.0,10.0,0.0,3.0,3.0,3.0,4.0,2.33,2.67,1.67,4.0,4.33,3.17,2.0
3.0,4230.0,8190.0,2.0,2.0,25.0,12.6,11797.5,16.0,83.0,52.0,33.0,2.0,1.0,1.0,1.0,11.0,0.0,1.0,6.0,3.0,4.0,1.67,2.0,1.0,5.33,2.67,1.67,2.0
2.0,7800.0,5580.0,2.0,2.0,45.0,19.7,4991.25,10.0,20.0,52.0,73.0,2.0,1.0,1.0,1.0,13.0,1.0,1.0,2.0,3.0,,5.0,3.67,3.0,3.0,3.33,2.5,2.0
,,,4.0,,,,,,,0.0,20.0,2.0,3.0,1.0,1.0,14.0,2.0,5.0,0.0,3.0,4.0,,,,,,,
1.0,3850.0,9470.0,2.0,2.0,60.0,65.3,24502.5,20.0,40.0,52.0,58.0,1.0,3.0,5.0,1.0,16.0,3.0,1.0,2.0,3.0,4.0,5.67,5.67,5.17,5.67,5.67,4.75,3.0
2.0,5510.0,6380.0,1.0,2.0,29.0,39.9,19965.0,19.0,40.0,52.0,39.0,1.0,3.0,1.0,1.0,12.0,1.0,5.0,2.0,3.0,4.0,2.0,2.67,2.0,4.0,4.0,2.67,2.0
2.0,5240.0,5380.0,1.0,2.0,31.0,37.6,24502.5,20.0,70.0,52.0,29.0,1.0,1.0,3.0,2.0,18.0,3.0,5.0,0.0,3.0,,3.835,4.0,3.335,6.165,4.5,3.58,2.5
,1760.0,2190.0,5.0,2.0,42.0,86.8,,,,0.0,73.0,1.0,1.0,1.0,1.0,18.0,4.0,1.0,3.0,3.0,4.0,5.67,5.33,5.33,4.0,4.33,5.0,4.0
2.0,2720.0,9170.0,1.0,2.0,65.0,59.4,7713.75,13.0,50.0,26.0,42.0,1.0,3.0,3.0,1.0,14.0,2.0,1.0,2.0,3.0,4.0,5.890000000000001,4.886666666666667,4.556666666666667,5.113333333333333,4.113333333333333,3.89,2.6666666666666665
2.0,430.0,9590.0,1.0,2.0,39.0,67.7,36300.0,22.0,45.0,52.0,27.0,1.0,1.0,1.0,1.0,17.0,3.0,5.0,0.0,3.0,,5.5,5.29125,4.875,4.8325,4.375,5.04125,4.0
1.0,110.0,7380.0,1.0,2.0,60.0,83.8,50820.0,24.0,40.0,52.0,37.0,1.0,2.0,1.0,1.0,20.0,4.0,5.0,0.0,3.0,4.0,5.33,5.0,5.33,4.33,5.67,6.5,4.0
1.0,5510.0,6380.0,1.0,1.0,29.0,39.9,7713.75,13.0,40.0,24.0,27.0,2.0,3.0,1.0,1.0,14.0,1.0,3.0,2.0,3.0,4.0,2.0,2.67,2.0,4.0,4.0,2.67,2.0
2.0,1006.0,3580.0,1.0,2.0,65.0,80.7,50820.0,24.0,70.0,52.0,34.0,2.0,1.0,1.0,1.0,16.0,3.0,1.0,2.0,3.0,4.0,5.0,5.0,4.835,4.17,4.665,4.835,4.0
2.0,4230.0,9290.0,2.0,1.0,25.0,12.6,2722.5,7.0,24.0,52.0,35.0,2.0,,2.0,2.0,14.0,1.0,5.0,1.0,3.0,,1.67,2.0,1.0,5.33,2.67,1.67,2.0
1.0,5240.0,7780.0,1.0,1.0,31.0,37.6,9982.5,15.0,40.0,30.0,57.0,2.0,1.0,3.0,2.0,13.0,1.0,1.0,3.0,3.0,4.0,3.835,4.0,3.335,6.165,4.5,3.58,2.5
,8320.0,1680.0,5.0,2.0,32.0,13.2,,,,0.0,80.0,2.0,1.0,1.0,1.0,12.0,0.0,2.0,4.0,3.0,4.0,2.0,2.33,1.67,2.67,4.33,2.17,2.0
,6230.0,770.0,8.0,2.0,44.0,28.7,,,,0.0,,1.0,1.0,1.0,1.0,12.0,1.0,3.0,2.0,3.0,,3.67,4.33,2.83,3.0,4.83,3.83,2.0
,5520.0,9590.0,5.0,2.0,32.0,38.2,97883.49087,26.0,,52.0,65.0,1.0,1.0,1.0,1.0,20.0,4.0,1.0,1.0,3.0,4.0,3.665,4.335,3.335,4.665,5.335,4.0,2.0
2.0,,9370.0,1.0,2.0,,,,,40.0,52.0,24.0,1.0,1.0,1.0,1.0,12.0,1.0,1.0,2.0,3.0,,,,,,,,
2.0,8140.0,8870.0,1.0,2.0,38.0,28.4,29947.5,21.0,48.0,52.0,50.0,1.0,1.0,1.0,1.0,13.0,1.0,1.0,0.0,3.0,4.0,2.415,3.25,2.25,3.75,5.25,3.0,2.0
1.0,340.0,8670.0,1.0,1.0,42.0,50.3,,,50.0,52.0,64.0,2.0,1.0,1.0,1.0,12.0,1.0,1.0,1.0,3.0,2.0,5.0,6.0,4.33,7.0,4.0,4.17,4.0
2.0,1020.0,7290.0,1.0,2.0,60.0,87.9,43560.0,23.0,43.0,52.0,61.0,2.0,1.0,1.0,1.0,16.0,3.0,1.0,0.0,3.0,4.0,5.0,5.0,4.67,4.33,5.0,5.0,4.0
2.0,7750.0,2980.0,1.0,2.0,35.0,25.0,8621.25,14.0,40.0,52.0,61.0,2.0,1.0,1.0,1.0,9.0,0.0,3.0,3.0,3.0,4.0,2.4466666666666668,2.443333333333334,2.33,3.6633333333333336,4.556666666666667,2.8366666666666664,2.0
,,,8.0,,,,,,,1.0,54.0,2.0,1.0,1.0,1.0,12.0,1.0,2.0,1.0,3.0,4.0,,,,,,,
1.0,2200.0,7870.0,1.0,2.0,74.0,84.5,50820.0,24.0,30.0,52.0,52.0,2.0,1.0,1.0,1.0,20.0,4.0,3.0,3.0,3.0,,5.658888888888889,5.612222222222222,5.184722222222223,5.074166666666667,3.1766666666666667,5.342777777777778,4.944444444444445
,10.0,6870.0,5.0,2.0,72.0,77.4,,,,0.0,79.0,2.0,1.0,1.0,1.0,12.0,1.0,2.0,2.0,3.0,4.0,6.5,6.835,6.5,5.0,4.33,6.33,5.0
1.0,430.0,9370.0,1.0,2.0,39.0,67.7,24502.5,20.0,40.0,26.0,48.0,1.0,1.0,1.0,1.0,16.0,3.0,1.0,3.0,3.0,,5.5,5.29125,4.875,4.8325,4.375,5.04125,4.0
2.0,7340.0,,4.0,2.0,44.0,36.4,9982.5,15.0,,,61.0,1.0,1.0,1.0,1.0,12.0,1.0,4.0,1.0,3.0,4.0,3.33,4.0,2.67,4.0,5.0,3.67,3.0
,6050.0,180.0,5.0,1.0,27.0,14.0,29947.5,21.0,,52.0,81.0,1.0,1.0,1.0,1.0,13.0,1.0,1.0,2.0,3.0,4.0,2.3333333333333335,2.443333333333334,1.6133333333333333,2.8866666666666667,3.8866666666666663,2.17,2.0
,2310.0,7860.0,5.0,2.0,61.0,80.9,4991.25,10.0,,0.0,59.0,1.0,1.0,1.0,1.0,18.0,4.0,1.0,3.0,3.0,4.0,5.333333333333333,5.33,4.22,6.22,4.22,4.78,4.0
2.0,4720.0,8680.0,1.0,2.0,28.0,21.6,6806.25,12.0,40.0,52.0,22.0,2.0,1.0,1.0,1.0,12.0,1.0,5.0,0.0,3.0,,2.5,2.835,2.0,4.5,4.0,2.335,2.0
1.0,1460.0,7290.0,1.0,1.0,70.0,83.8,58080.0,25.0,40.0,52.0,54.0,1.0,1.0,1.0,1.0,20.0,4.0,3.0,2.0,3.0,4.0,5.886666666666667,5.4433333333333325,5.336666666666666,3.3366666666666664,3.776666666666667,5.5566666666666675,4.0
2.0,5110.0,9590.0,1.0,2.0,40.0,33.4,,,40.0,52.0,37.0,1.0,1.0,1.0,1.0,16.0,3.0,1.0,0.0,3.0,4.0,2.67,4.0,2.67,4.5,4.5,3.08,3.0
1.0,4710.0,4170.0,1.0,2.0,48.0,57.5,43560.0,23.0,55.0,52.0,43.0,1.0,1.0,1.0,1.0,18.0,4.0,3.0,2.0,3.0,,4.33,5.33,4.0,5.0,5.0,5.17,4.0
1.0,2310.0,7860.0,3.0,2.0,61.0,80.9,19965.0,19.0,,40.0,26.0,2.0,1.0,1.0,1.0,18.0,3.0,5.0,0.0,3.0,4.0,5.333333333333333,5.33,4.22,6.22,4.22,4.78,4.0
2.0,50.0,770.0,1.0,2.0,53.0,73.9,50820.0,24.0,60.0,52.0,48.0,1.0,1.0,1.0,1.0,16.0,3.0,3.0,2.0,3.0,,5.665,5.67,5.0,4.835,5.165,5.835,4.0
3.0,3620.0,8170.0,1.0,2.0,55.0,58.6,29947.5,21.0,40.0,52.0,39.0,2.0,1.0,1.0,1.0,14.0,2.0,1.0,2.0,3.0,,4.67,4.17,3.165,6.67,4.835,4.25,2.5
1.0,1320.0,3580.0,1.0,2.0,75.0,89.3,36300.0,22.0,43.0,52.0,32.0,1.0,1.0,1.0,1.0,18.0,4.0,1.0,4.0,3.0,4.0,5.0,5.33,5.33,4.33,5.0,5.5,4.0
,7410.0,570.0,5.0,2.0,46.0,51.9,,,,0.0,86.0,1.0,1.0,1.0,1.0,13.0,1.0,1.0,3.0,3.0,1.0,3.0,4.67,2.33,3.67,6.33,4.33,2.0
,5220.0,9470.0,5.0,2.0,51.0,41.1,,,,0.0,62.0,2.0,1.0,1.0,1.0,20.0,4.0,2.0,2.0,3.0,4.0,3.0,3.78,3.0,4.89,3.78,3.61,2.0
1.0,9620.0,7680.0,1.0,2.0,25.0,23.3,24502.5,20.0,16.0,52.0,60.0,2.0,2.0,1.0,1.0,14.0,1.0,3.0,2.0,3.0,4.0,2.0,2.0,2.0,4.33,4.33,2.17,2.0
1.0,4940.0,6090.0,1.0,2.0,18.0,30.3,,,40.0,52.0,50.0,1.0,1.0,1.0,1.0,17.0,3.0,5.0,0.0,3.0,4.0,3.33,2.67,2.33,3.67,3.67,1.83,2.0
1.0,9150.0,7080.0,2.0,2.0,30.0,24.0,1996.5,5.0,30.0,16.0,35.0,1.0,1.0,1.0,1.0,15.0,1.0,5.0,0.0,3.0,4.0,,,,,,,
1.0,4030.0,4970.0,1.0,2.0,21.0,13.6,,,40.0,50.0,49.0,1.0,2.0,1.0,2.0,10.0,0.0,1.0,4.0,3.0,4.0,1.67,1.67,1.67,4.67,4.67,2.0,2.0
1.0,8740.0,3580.0,1.0,2.0,39.0,38.1,24502.5,20.0,40.0,48.0,48.0,1.0,2.0,1.0,2.0,12.0,1.0,1.0,3.0,3.0,1.0,2.33,2.33,1.67,3.0,4.33,2.83,2.0
,,,7.0,,,,,,,0.0,89.0,2.0,2.0,1.0,1.0,6.0,0.0,2.0,8.0,3.0,4.0,,,,,,,
2.0,640.0,9370.0,1.0,2.0,53.0,62.4,19965.0,19.0,41.0,52.0,57.0,2.0,1.0,1.0,1.0,12.0,1.0,5.0,0.0,3.0,4.0,4.67,4.33,4.67,5.33,5.0,4.17,4.0
1.0,5260.0,9160.0,3.0,2.0,36.0,35.3,2359.5,6.0,,0.0,72.0,2.0,2.0,1.0,1.0,15.0,1.0,2.0,8.0,3.0,4.0,2.33,2.67,2.0,3.33,4.33,2.17,2.0
,2100.0,9370.0,5.0,2.0,69.0,91.1,,,,0.0,71.0,2.0,2.0,1.0,1.0,16.0,3.0,1.0,2.0,3.0,4.0,6.0,6.0,6.33,4.0,4.33,6.0,5.0
,10.0,7680.0,5.0,1.0,72.0,77.4,,,,0.0,71.0,1.0,1.0,1.0,1.0,12.0,1.0,1.0,1.0,3.0,,6.5,6.835,6.5,5.0,4.33,6.33,5.0
1.0,4510.0,8980.0,7.0,2.0,36.0,24.6,9982.5,15.0,,30.0,29.0,2.0,2.0,1.0,1.0,14.0,1.0,5.0,0.0,3.0,4.0,4.0,5.0,2.67,6.33,2.0,3.17,3.0
1.0,4840.0,7680.0,2.0,2.0,43.0,61.2,29947.5,21.0,40.0,48.0,64.0,1.0,1.0,1.0,1.0,14.0,1.0,1.0,1.0,3.0,4.0,5.17,5.08,4.42,4.75,4.42,5.17,3.0
1.0,230.0,7860.0,1.0,2.0,59.0,75.5,29947.5,21.0,32.0,52.0,34.0,2.0,1.0,1.0,1.0,19.0,4.0,5.0,0.0,3.0,,5.7524999999999995,6.0825,5.25,6.25,3.915,5.3325,4.5
,4210.0,8590.0,5.0,2.0,36.0,37.6,,,,0.0,80.0,1.0,1.0,1.0,1.0,16.0,3.0,2.0,8.0,3.0,,4.0,5.33,3.0,5.0,4.0,4.17,3.0
3.0,2310.0,7860.0,1.0,2.0,61.0,80.9,,,40.0,,56.0,2.0,2.0,1.0,1.0,18.0,4.0,1.0,4.0,3.0,4.0,5.333333333333333,5.33,4.22,6.22,4.22,4.78,4.0
,4840.0,8590.0,2.0,2.0,43.0,61.2,4083.75,9.0,,52.0,19.0,2.0,1.0,1.0,2.0,13.0,1.0,5.0,0.0,3.0,4.0,5.17,5.08,4.42,4.75,4.42,5.17,3.0
,4020.0,8680.0,8.0,2.0,33.0,13.6,,,,0.0,48.0,2.0,1.0,1.0,1.0,9.0,1.0,3.0,3.0,3.0,4.0,2.732,3.665999999999999,2.268,4.066,3.6,2.6,2.2
2.0,8140.0,6170.0,4.0,2.0,38.0,28.4,16335.0,18.0,,52.0,34.0,1.0,1.0,1.0,1.0,13.0,1.0,3.0,1.0,3.0,4.0,2.415,3.25,2.25,3.75,5.25,3.0,2.0
2.0,,,1.0,2.0,,,,,40.0,49.0,60.0,2.0,,1.0,1.0,13.0,1.0,1.0,2.0,3.0,,,,,,,,
1.0,9130.0,490.0,7.0,2.0,35.0,32.0,6806.25,12.0,,20.0,53.0,1.0,2.0,1.0,1.0,13.0,0.0,5.0,4.0,3.0,4.0,2.223333333333333,3.6666666666666665,2.11,2.8866666666666667,4.556666666666667,3.056666666666666,2.0
,4250.0,6290.0,5.0,2.0,37.0,18.6,,,,0.0,65.0,1.0,2.0,1.0,1.0,9.0,0.0,1.0,3.0,3.0,,2.4466666666666668,3.3333333333333335,2.223333333333333,3.6633333333333336,4.333333333333333,3.11,2.0
3.0,9130.0,6170.0,1.0,2.0,35.0,32.0,1996.5,5.0,50.0,52.0,40.0,1.0,2.0,1.0,1.0,,0.0,5.0,0.0,3.0,4.0,2.223333333333333,3.6666666666666665,2.11,2.8866666666666667,4.556666666666667,3.056666666666666,2.0
2.0,8300.0,8270.0,4.0,2.0,26.0,15.8,,,,0.0,40.0,2.0,2.0,1.0,1.0,12.0,1.0,1.0,5.0,3.0,4.0,2.0,2.67,2.0,3.67,3.33,2.33,2.0
,4060.0,8680.0,4.0,2.0,24.0,14.6,,,,0.0,73.0,2.0,2.0,1.0,1.0,11.0,0.0,1.0,4.0,3.0,,1.835,2.25,1.835,4.415,3.835,2.21,2.0
,9120.0,7860.0,5.0,2.0,35.0,31.6,4083.75,9.0,,,,1.0,2.0,1.0,1.0,14.0,1.0,1.0,2.0,3.0,,3.0,4.33,2.0,5.0,5.0,3.0,2.0
1.0,2060.0,9160.0,1.0,1.0,31.0,51.7,16335.0,18.0,32.0,50.0,66.0,2.0,3.0,1.0,1.0,15.0,1.0,,0.0,3.0,4.0,,,,,,,
1.0,4140.0,8680.0,1.0,2.0,20.0,10.6,,,38.0,42.0,24.0,1.0,2.0,1.0,1.0,12.0,1.0,5.0,1.0,3.0,4.0,1.67,2.0,1.67,4.0,2.67,1.5,2.0
,9130.0,4580.0,8.0,2.0,35.0,32.0,,,,,39.0,1.0,2.0,1.0,1.0,13.0,1.0,5.0,1.0,3.0,4.0,2.223333333333333,3.6666666666666665,2.11,2.8866666666666667,4.556666666666667,3.056666666666666,2.0
,3600.0,8270.0,5.0,2.0,48.0,24.2,,,,0.0,68.0,2.0,2.0,1.0,1.0,11.0,0.0,4.0,0.0,3.0,4.0,2.915,3.0,2.3325,5.0825,4.6675,3.125,2.25
,7810.0,1180.0,5.0,2.0,28.0,18.8,,,,0.0,73.0,2.0,3.0,1.0,1.0,12.0,1.0,3.0,2.0,3.0,4.0,2.1133333333333333,2.3333333333333335,1.7766666666666666,3.776666666666667,3.89,2.056666666666666,2.0
,8140.0,670.0,5.0,2.0,38.0,28.4,9982.5,15.0,,23.0,56.0,1.0,2.0,1.0,1.0,12.0,1.0,3.0,0.0,3.0,,2.415,3.25,2.25,3.75,5.25,3.0,2.0
,7750.0,3870.0,5.0,2.0,35.0,25.0,,,,0.0,71.0,1.0,2.0,1.0,1.0,12.0,1.0,1.0,4.0,3.0,,2.4466666666666668,2.443333333333334,2.33,3.6633333333333336,4.556666666666667,2.8366666666666664,2.0
1.0,5860.0,8190.0,1.0,2.0,32.0,35.8,11797.5,16.0,40.0,52.0,56.0,2.0,2.0,1.0,1.0,14.0,1.0,1.0,1.0,3.0,4.0,2.33,2.67,2.33,5.67,4.33,2.5,2.0
1.0,3255.0,8190.0,1.0,2.0,64.0,84.2,36300.0,22.0,0.0,52.0,66.0,1.0,2.0,1.0,1.0,17.0,3.0,1.0,4.0,3.0,4.0,5.3340000000000005,4.934,4.8,6.066,5.734,5.1,4.4
2.0,5240.0,7980.0,1.0,2.0,31.0,37.6,4083.75,9.0,40.0,,29.0,2.0,2.0,1.0,1.0,16.0,3.0,3.0,2.0,3.0,4.0,3.835,4.0,3.335,6.165,4.5,3.58,2.5
,8965.0,3570.0,5.0,2.0,35.0,26.8,,,,0.0,71.0,2.0,2.0,1.0,1.0,12.0,1.0,5.0,3.0,3.0,,3.0,3.443333333333334,2.776666666666667,3.556666666666666,4.556666666666667,3.276666666666667,2.0
2.0,4610.0,8170.0,7.0,2.0,48.0,20.1,,,,52.0,49.0,2.0,2.0,1.0,1.0,12.0,1.0,1.0,4.0,3.0,4.0,4.0,3.33,2.67,5.67,4.0,3.0,2.0
,4610.0,8170.0,5.0,2.0,48.0,20.1,,,,0.0,78.0,2.0,2.0,1.0,1.0,15.0,1.0,2.0,2.0,3.0,,4.0,3.33,2.67,5.67,4.0,3.0,2.0
,6050.0,170.0,5.0,2.0,27.0,14.0,,,,0.0,59.0,1.0,2.0,1.0,1.0,13.0,1.0,1.0,2.0,3.0,4.0,2.3333333333333335,2.443333333333334,1.6133333333333333,2.8866666666666667,3.8866666666666663,2.17,2.0
1.0,8140.0,770.0,1.0,2.0,38.0,28.4,6806.25,12.0,40.0,20.0,39.0,1.0,2.0,1.0,1.0,14.0,1.0,5.0,0.0,3.0,4.0,2.415,3.25,2.25,3.75,5.25,3.0,2.0
1.0,3940.0,9470.0,3.0,2.0,38.0,27.0,4083.75,9.0,,40.0,35.0,2.0,2.0,1.0,1.0,13.0,1.0,5.0,0.0,3.0,1.0,2.0,3.0,2.33,3.33,3.0,1.83,2.0
,8965.0,3770.0,7.0,2.0,35.0,26.8,,,,0.0,52.0,2.0,2.0,1.0,1.0,12.0,1.0,2.0,3.0,3.0,,3.0,3.443333333333334,2.776666666666667,3.556666666666666,4.556666666666667,3.276666666666667,2.0
,5610.0,9370.0,1.0,2.0,35.0,23.7,16335.0,18.0,50.0,52.0,53.0,1.0,,,1.0,15.0,2.0,5.0,8.0,3.0,4.0,2.67,3.0,2.67,5.33,4.33,2.83,2.0
,9030.0,770.0,5.0,2.0,65.0,79.4,,,,0.0,70.0,1.0,1.0,1.0,1.0,18.0,4.0,1.0,4.0,3.0,4.0,5.67,6.33,5.835,4.835,6.5,5.25,3.5
2.0,9360.0,5390.0,1.0,2.0,24.0,21.0,,,40.0,,27.0,1.0,2.0,1.0,1.0,15.0,1.0,5.0,0.0,3.0,4.0,1.67,3.0,1.67,3.33,4.67,2.17,2.0
1.0,6440.0,770.0,7.0,2.0,43.0,36.2,,,,0.0,55.0,1.0,2.0,1.0,1.0,11.0,1.0,3.0,8.0,3.0,1.0,2.915,4.0,2.665,4.335,4.75,3.455,2.5
,4400.0,8660.0,5.0,2.0,23.0,37.1,,,,0.0,67.0,2.0,1.0,1.0,1.0,14.0,2.0,1.0,4.0,3.0,4.0,2.165,3.0,2.165,5.0,5.165,2.585,2.0
1.0,8965.0,3990.0,1.0,2.0,35.0,26.8,11797.5,16.0,12.0,12.0,41.0,2.0,2.0,1.0,1.0,12.0,1.0,5.0,2.0,3.0,4.0,3.0,3.443333333333334,2.776666666666667,3.556666666666666,4.556666666666667,3.276666666666667,2.0
,4720.0,8680.0,8.0,2.0,28.0,21.6,181.5,1.0,,,28.0,2.0,2.0,1.0,1.0,12.0,1.0,5.0,6.0,3.0,4.0,2.5,2.835,2.0,4.5,4.0,2.335,2.0
,340.0,8590.0,5.0,2.0,42.0,50.3,,,,0.0,75.0,2.0,2.0,1.0,1.0,12.0,1.0,1.0,3.0,3.0,,5.0,6.0,4.33,7.0,4.0,4.17,4.0
,,,6.0,,,,,,,0.0,18.0,2.0,2.0,1.0,1.0,12.0,1.0,5.0,0.0,3.0,,,,,,,,
2.0,7855.0,1180.0,1.0,2.0,34.0,21.6,7713.75,13.0,0.0,52.0,22.0,2.0,2.0,1.0,1.0,14.0,2.0,5.0,0.0,3.0,4.0,,,,,,,
1.0,520.0,5790.0,1.0,2.0,45.0,50.0,9982.5,15.0,40.0,26.0,49.0,2.0,2.0,1.0,1.0,14.0,2.0,5.0,1.0,3.0,4.0,4.0,4.0,3.67,4.0,4.0,3.5,3.0
3.0,4720.0,8680.0,1.0,2.0,28.0,21.6,,,30.0,24.0,23.0,2.0,2.0,1.0,1.0,13.0,1.0,5.0,1.0,3.0,,2.5,2.835,2.0,4.5,4.0,2.335,2.0
3.0,4220.0,8190.0,4.0,2.0,24.0,20.7,4083.75,9.0,,42.0,40.0,1.0,2.0,1.0,1.0,13.0,1.0,5.0,2.0,3.0,4.0,1.67,2.0,1.33,4.33,3.0,2.0,3.0
,5000.0,3980.0,5.0,2.0,46.0,52.0,,,,0.0,67.0,1.0,1.0,1.0,1.0,12.0,0.0,3.0,0.0,3.0,4.0,4.33,5.33,4.33,5.33,5.67,4.83,3.0
,5120.0,7870.0,5.0,2.0,45.0,38.3,,,,0.0,79.0,2.0,1.0,1.0,1.0,14.0,1.0,2.0,0.0,3.0,4.0,3.67,3.67,3.0,4.67,5.0,3.67,3.0
1.0,1050.0,6690.0,7.0,2.0,48.0,64.5,,,,0.0,71.0,2.0,1.0,1.0,1.0,16.0,3.0,1.0,0.0,3.0,4.0,5.165,4.5,4.165,4.165,5.0,4.92,3.5
1.0,2400.0,8570.0,2.0,2.0,55.0,70.4,8621.25,14.0,25.0,40.0,71.0,2.0,1.0,1.0,1.0,18.0,4.0,1.0,2.0,3.0,,5.003333333333333,5.11,4.333333333333333,4.333333333333333,3.5533333333333332,4.386666666666667,4.666666666666667
,430.0,3980.0,5.0,2.0,39.0,67.7,,,,0.0,70.0,1.0,1.0,1.0,1.0,17.0,3.0,3.0,2.0,3.0,4.0,5.5,5.29125,4.875,4.8325,4.375,5.04125,4.0
1.0,1107.0,7380.0,4.0,2.0,48.0,70.5,50820.0,24.0,,52.0,56.0,1.0,3.0,1.0,2.0,,0.0,3.0,3.0,3.0,4.0,5.576363636363637,4.969090909090909,4.4390909090909085,3.4545454545454546,4.181818181818182,5.038181818181818,3.8461538461538463
2.0,4110.0,8680.0,7.0,2.0,31.0,19.6,,,,0.0,74.0,2.0,1.0,1.0,1.0,10.0,0.0,3.0,4.0,3.0,,2.33,2.33,2.0,6.0,3.33,2.0,2.0
,6200.0,770.0,8.0,1.0,49.0,46.0,,,,52.0,57.0,1.0,3.0,1.0,1.0,12.0,1.0,5.0,3.0,3.0,4.0,5.335,5.67,4.83,4.665,4.335,4.915,3.0
,8610.0,7870.0,5.0,2.0,47.0,50.0,,,,0.0,,1.0,1.0,1.0,1.0,6.0,0.0,1.0,4.0,3.0,4.0,2.67,3.67,2.33,4.67,5.0,3.67,3.0
1.0,7750.0,3570.0,7.0,2.0,35.0,25.0,,,,12.0,27.0,1.0,,1.0,1.0,12.0,1.0,5.0,0.0,3.0,4.0,2.4466666666666668,2.443333333333334,2.33,3.6633333333333336,4.556666666666667,2.8366666666666664,2.0
,9130.0,6170.0,5.0,1.0,35.0,32.0,,,,0.0,62.0,1.0,1.0,1.0,1.0,11.0,1.0,4.0,4.0,3.0,,2.223333333333333,3.6666666666666665,2.11,2.8866666666666667,4.556666666666667,3.056666666666666,2.0
1.0,4250.0,7770.0,1.0,2.0,37.0,18.6,7713.75,13.0,39.0,47.0,26.0,1.0,1.0,1.0,1.0,12.0,1.0,5.0,2.0,3.0,4.0,2.4466666666666668,3.3333333333333335,2.223333333333333,3.6633333333333336,4.333333333333333,3.11,2.0
1.0,5000.0,7980.0,7.0,2.0,46.0,52.0,19965.0,19.0,,47.0,32.0,2.0,1.0,1.0,1.0,16.0,3.0,4.0,0.0,3.0,,4.33,5.33,4.33,5.33,5.67,4.83,3.0
,4250.0,7770.0,5.0,1.0,37.0,18.6,,,,0.0,66.0,1.0,2.0,1.0,1.0,11.0,0.0,1.0,1.0,3.0,4.0,2.4466666666666668,3.3333333333333335,2.223333333333333,3.6633333333333336,4.333333333333333,3.11,2.0
1.0,5940.0,2190.0,1.0,2.0,17.0,45.3,9982.5,15.0,42.0,52.0,34.0,2.0,2.0,1.0,1.0,12.0,1.0,5.0,1.0,3.0,4.0,,,,,,,
1.0,430.0,9170.0,1.0,1.0,39.0,67.7,36300.0,22.0,60.0,52.0,37.0,2.0,1.0,1.0,1.0,16.0,4.0,1.0,0.0,3.0,4.0,5.5,5.29125,4.875,4.8325,4.375,5.04125,4.0
1.0,2540.0,7860.0,1.0,2.0,48.0,26.1,9982.5,15.0,35.0,40.0,46.0,2.0,2.0,1.0,1.0,18.0,3.0,5.0,0.0,3.0,,,,,,,,3.0
2.0,5240.0,5170.0,7.0,2.0,31.0,37.6,4991.25,10.0,,30.0,33.0,2.0,2.0,1.0,1.0,13.0,1.0,5.0,3.0,3.0,4.0,3.835,4.0,3.335,6.165,4.5,3.58,2.5
2.0,7750.0,3570.0,2.0,2.0,35.0,25.0,,,5.0,0.0,44.0,1.0,2.0,1.0,1.0,11.0,1.0,1.0,6.0,3.0,4.0,2.4466666666666668,2.443333333333334,2.33,3.6633333333333336,4.556666666666667,2.8366666666666664,2.0
,9620.0,6290.0,5.0,2.0,25.0,23.3,4991.25,10.0,,,63.0,2.0,2.0,1.0,1.0,12.0,1.0,3.0,1.0,3.0,4.0,2.0,2.0,2.0,4.33,4.33,2.17,2.0
3.0,310.0,8680.0,1.0,2.0,39.0,41.0,7713.75,13.0,38.0,52.0,37.0,2.0,1.0,1.0,1.0,14.0,0.0,4.0,2.0,3.0,4.0,4.33,5.67,4.33,4.67,4.67,4.5,2.0
1.0,3250.0,7480.0,1.0,1.0,68.0,89.9,29947.5,21.0,75.0,52.0,40.0,2.0,1.0,1.0,1.0,16.0,1.0,5.0,1.0,3.0,4.0,7.0,6.33,6.0,6.0,4.67,5.83,5.0
2.0,3930.0,7680.0,1.0,2.0,34.0,34.7,13612.5,17.0,32.0,42.0,32.0,1.0,1.0,1.0,1.0,14.0,1.0,1.0,0.0,3.0,,3.665,4.835,3.165,3.835,5.165,3.335,2.0
2.0,5400.0,8380.0,3.0,2.0,38.0,25.7,,,,,70.0,2.0,,1.0,1.0,16.0,4.0,5.0,,3.0,,3.0,3.0,2.33,5.67,4.0,2.67,2.0
,2330.0,7860.0,5.0,2.0,61.0,71.7,,,,0.0,72.0,2.0,2.0,1.0,1.0,16.0,3.0,3.0,1.0,3.0,,5.585,4.9175,4.0825,6.8325,4.1675,4.54,4.333333333333333
,4230.0,8660.0,4.0,2.0,25.0,12.6,,,,0.0,66.0,2.0,2.0,1.0,1.0,11.0,0.0,5.0,2.0,3.0,,1.67,2.0,1.0,5.33,2.67,1.67,2.0
,5620.0,5270.0,5.0,2.0,25.0,23.8,,,,0.0,80.0,1.0,2.0,1.0,1.0,15.0,1.0,3.0,2.0,3.0,4.0,2.0,2.83,1.83,4.5,4.25,2.29,2.0
,7810.0,1180.0,5.0,2.0,28.0,18.8,,,,0.0,67.0,1.0,2.0,1.0,1.0,13.0,1.0,5.0,2.0,3.0,4.0,2.1133333333333333,2.3333333333333335,1.7766666666666666,3.776666666666667,3.89,2.056666666666666,2.0
1.0,2540.0,8470.0,1.0,2.0,48.0,26.1,6806.25,12.0,40.0,32.0,63.0,2.0,2.0,1.0,1.0,12.0,1.0,5.0,0.0,3.0,4.0,,,,,,,3.0
2.0,9720.0,9370.0,7.0,2.0,32.0,24.1,19965.0,19.0,,52.0,38.0,1.0,1.0,1.0,1.0,12.0,1.0,5.0,0.0,3.0,4.0,2.0,2.33,1.33,4.0,4.33,2.83,2.0
4.0,1320.0,3580.0,1.0,2.0,75.0,89.3,36300.0,22.0,40.0,52.0,52.0,1.0,1.0,1.0,1.0,20.0,4.0,5.0,0.0,3.0,,5.0,5.33,5.33,4.33,5.0,5.5,4.0
,1460.0,3570.0,5.0,2.0,70.0,83.8,11797.5,16.0,,2.0,53.0,2.0,1.0,1.0,1.0,17.0,4.0,5.0,0.0,3.0,4.0,5.886666666666667,5.4433333333333325,5.336666666666666,3.3366666666666664,3.776666666666667,5.5566666666666675,4.0
,2000.0,8290.0,8.0,2.0,51.0,63.7,,,,0.0,46.0,2.0,1.0,1.0,1.0,16.0,3.0,2.0,0.0,3.0,4.0,5.465999999999999,5.0,4.668,6.6,3.601999999999999,4.566,4.8
2.0,230.0,7870.0,1.0,2.0,59.0,75.5,36300.0,22.0,40.0,52.0,54.0,1.0,3.0,1.0,2.0,16.0,3.0,5.0,0.0,3.0,4.0,5.7524999999999995,6.0825,5.25,6.25,3.915,5.3325,4.5
3.0,1650.0,7870.0,1.0,2.0,63.0,88.0,11797.5,16.0,60.0,49.0,29.0,2.0,2.0,1.0,1.0,16.0,4.0,5.0,0.0,3.0,,5.67,5.5,5.5,4.665,3.83,5.0,5.0
1.0,,,7.0,,,,,,,,56.0,2.0,1.0,1.0,1.0,6.0,0.0,5.0,0.0,3.0,4.0,,,,,,,
,2310.0,7860.0,5.0,2.0,61.0,80.9,19965.0,19.0,,48.0,50.0,2.0,1.0,1.0,1.0,18.0,4.0,5.0,0.0,3.0,4.0,5.333333333333333,5.33,4.22,6.22,4.22,4.78,4.0
2.0,5240.0,7280.0,1.0,2.0,31.0,37.6,4083.75,9.0,32.0,40.0,19.0,2.0,1.0,1.0,1.0,12.0,1.0,5.0,0.0,3.0,,3.835,4.0,3.335,6.165,4.5,3.58,2.5
,5420.0,6390.0,6.0,2.0,43.0,43.1,19965.0,19.0,,52.0,32.0,1.0,1.0,1.0,1.0,18.0,1.0,5.0,0.0,3.0,,,,,,,,
1.0,5240.0,6290.0,4.0,2.0,31.0,37.6,7713.75,13.0,,3.0,30.0,2.0,3.0,1.0,2.0,12.0,1.0,5.0,4.0,3.0,,3.835,4.0,3.335,6.165,4.5,3.58,2.5
4.0,3420.0,5070.0,1.0,2.0,55.0,37.2,11797.5,16.0,50.0,50.0,,,1.0,1.0,1.0,3.0,0.0,5.0,0.0,3.0,1.0,3.556666666666666,3.4450000000000003,3.2216666666666662,5.4433333333333325,5.166666666666667,3.526666666666667,3.0
,,,4.0,,,,,,,0.0,22.0,2.0,1.0,1.0,1.0,11.0,0.0,5.0,0.0,3.0,4.0,,,,,,,
3.0,7140.0,3580.0,1.0,2.0,56.0,53.6,24502.5,20.0,40.0,52.0,35.0,1.0,1.0,1.0,1.0,14.0,1.0,5.0,0.0,3.0,1.0,4.0,3.67,3.33,4.33,6.0,4.67,3.0
,120.0,6870.0,5.0,2.0,53.0,69.3,4083.75,9.0,,28.0,76.0,1.0,1.0,1.0,1.0,18.0,4.0,5.0,0.0,3.0,4.0,5.5,5.835,5.335,4.5,5.165,5.915,4.0
3.0,4350.0,9090.0,2.0,2.0,33.0,26.5,1996.5,5.0,33.0,16.0,19.0,2.0,1.0,1.0,1.0,14.0,1.0,5.0,0.0,3.0,,2.67,3.33,2.33,4.67,3.33,2.5,2.0
2.0,9620.0,6380.0,1.0,2.0,25.0,23.3,16335.0,18.0,40.0,50.0,33.0,1.0,1.0,1.0,1.0,12.0,1.0,5.0,0.0,3.0,,2.0,2.0,2.0,4.33,4.33,2.17,2.0
2.0,9620.0,5390.0,1.0,2.0,25.0,23.3,13612.5,17.0,32.0,50.0,53.0,2.0,1.0,1.0,1.0,12.0,1.0,2.0,2.0,3.0,4.0,2.0,2.0,2.0,4.33,4.33,2.17,2.0
,5030.0,9590.0,5.0,2.0,31.0,48.1,,,,0.0,72.0,1.0,1.0,1.0,1.0,12.0,1.0,1.0,4.0,3.0,,,,,,,,
,,,6.0,2.0,,,,,,,,,,,,19.0,4.0,5.0,,3.0,4.0,,,,,,,
3.0,4110.0,8680.0,7.0,2.0,31.0,19.6,8621.25,14.0,,30.0,30.0,2.0,1.0,1.0,1.0,12.0,1.0,5.0,2.0,3.0,4.0,2.33,2.33,2.0,6.0,3.33,2.0,2.0
1.0,5860.0,9480.0,7.0,2.0,32.0,35.8,,,,0.0,29.0,2.0,3.0,1.0,2.0,16.0,3.0,1.0,1.0,3.0,,2.33,2.67,2.33,5.67,4.33,2.5,2.0
2.0,2310.0,7860.0,7.0,2.0,61.0,80.9,,,,0.0,61.0,2.0,1.0,1.0,1.0,16.0,3.0,2.0,3.0,3.0,4.0,5.333333333333333,5.33,4.22,6.22,4.22,4.78,4.0
2.0,5110.0,8190.0,1.0,2.0,40.0,33.4,7713.75,13.0,40.0,50.0,37.0,2.0,1.0,1.0,1.0,13.0,2.0,1.0,4.0,3.0,4.0,2.67,4.0,2.67,4.5,4.5,3.08,3.0
1.0,2200.0,7880.0,1.0,1.0,74.0,84.5,16335.0,18.0,50.0,50.0,25.0,1.0,2.0,1.0,1.0,16.0,3.0,5.0,0.0,2.0,,5.658888888888889,5.612222222222222,5.184722222222223,5.074166666666667,3.1766666666666667,5.342777777777778,4.944444444444445
1.0,7750.0,3960.0,1.0,2.0,35.0,25.0,13612.5,17.0,46.0,52.0,57.0,1.0,1.0,1.0,1.0,12.0,1.0,2.0,5.0,2.0,4.0,2.4466666666666668,2.443333333333334,2.33,3.6633333333333336,4.556666666666667,2.8366666666666664,2.0
,5620.0,1870.0,5.0,2.0,25.0,23.8,181.5,1.0,,0.0,81.0,1.0,1.0,1.0,1.0,12.0,1.0,3.0,0.0,2.0,,2.0,2.83,1.83,4.5,4.25,2.29,2.0
,2825.0,4380.0,5.0,2.0,46.0,74.6,,,,0.0,74.0,2.0,1.0,1.0,1.0,18.0,4.0,1.0,2.0,2.0,4.0,5.67,5.67,4.67,5.33,4.67,5.33,4.0
,6230.0,570.0,5.0,2.0,44.0,28.7,,,,0.0,70.0,1.0,3.0,1.0,1.0,15.0,1.0,3.0,2.0,2.0,1.0,3.67,4.33,2.83,3.0,4.83,3.83,2.0
,3255.0,8190.0,5.0,2.0,64.0,84.2,,,,0.0,72.0,2.0,1.0,1.0,1.0,16.0,4.0,1.0,2.0,2.0,4.0,5.3340000000000005,4.934,4.8,6.066,5.734,5.1,4.4
,7750.0,3570.0,5.0,2.0,35.0,25.0,,,,0.0,,1.0,1.0,1.0,1.0,12.0,1.0,,0.0,2.0,1.0,2.4466666666666668,2.443333333333334,2.33,3.6633333333333336,4.556666666666667,2.8366666666666664,2.0
2.0,7340.0,1170.0,1.0,2.0,44.0,36.4,11797.5,16.0,40.0,50.0,45.0,1.0,1.0,1.0,1.0,12.0,1.0,5.0,0.0,2.0,,3.33,4.0,2.67,4.0,5.0,3.67,3.0
2.0,300.0,2980.0,1.0,2.0,62.0,89.1,24502.5,20.0,45.0,52.0,41.0,1.0,1.0,1.0,1.0,14.0,2.0,1.0,5.0,2.0,4.0,6.335,6.0,5.33,3.665,4.335,6.085,4.5
2.0,4110.0,8680.0,7.0,2.0,31.0,19.6,,,,0.0,31.0,2.0,1.0,1.0,1.0,13.0,1.0,1.0,2.0,2.0,4.0,2.33,2.33,2.0,6.0,3.33,2.0,2.0
1.0,8030.0,2880.0,1.0,2.0,40.0,38.3,19965.0,19.0,41.0,52.0,36.0,1.0,1.0,1.0,1.0,12.0,1.0,1.0,3.0,2.0,,2.67,3.33,2.67,2.0,5.33,3.33,3.0
,2720.0,8590.0,5.0,1.0,65.0,59.4,,,,0.0,75.0,1.0,1.0,1.0,1.0,15.0,1.0,5.0,0.0,2.0,,5.890000000000001,4.886666666666667,4.556666666666667,5.113333333333333,4.113333333333333,3.89,2.6666666666666665
,8140.0,3570.0,5.0,2.0,38.0,28.4,,,,0.0,66.0,1.0,1.0,1.0,1.0,14.0,1.0,3.0,4.0,2.0,,2.415,3.25,2.25,3.75,5.25,3.0,2.0
,5620.0,6380.0,5.0,2.0,25.0,23.8,,,,0.0,69.0,2.0,1.0,1.0,1.0,12.0,1.0,3.0,0.0,2.0,4.0,2.0,2.83,1.83,4.5,4.25,2.29,2.0
2.0,,,1.0,2.0,,,,,,52.0,,,1.0,1.0,,,0.0,5.0,,2.0,,,,,,,,
3.0,2540.0,7860.0,1.0,2.0,48.0,26.1,8621.25,14.0,37.0,52.0,43.0,2.0,1.0,1.0,1.0,13.0,1.0,1.0,1.0,2.0,1.0,,,,,,,3.0
2.0,6260.0,770.0,1.0,2.0,28.0,25.2,6806.25,12.0,40.0,40.0,26.0,1.0,1.0,1.0,1.0,14.0,1.0,5.0,0.0,2.0,4.0,2.33,2.67,1.67,4.0,4.33,3.17,2.0
2.0,7750.0,3570.0,1.0,2.0,35.0,25.0,,,61.0,52.0,33.0,2.0,1.0,1.0,1.0,14.0,2.0,5.0,3.0,2.0,4.0,2.4466666666666668,2.443333333333334,2.33,3.6633333333333336,4.556666666666667,2.8366666666666664,2.0
,2320.0,7860.0,5.0,2.0,64.0,82.5,,,,0.0,59.0,2.0,1.0,1.0,1.0,16.0,3.0,1.0,0.0,2.0,4.0,5.5,5.165,4.165,6.5,4.5,5.08,4.0
1.0,4220.0,5380.0,1.0,2.0,24.0,20.7,16335.0,18.0,40.0,52.0,61.0,2.0,1.0,1.0,1.0,14.0,1.0,3.0,1.0,2.0,,1.67,2.0,1.33,4.33,3.0,2.0,3.0
1.0,3600.0,8270.0,1.0,2.0,48.0,24.2,8621.25,14.0,36.0,52.0,29.0,2.0,1.0,1.0,1.0,11.0,0.0,1.0,4.0,2.0,,2.915,3.0,2.3325,5.0825,4.6675,3.125,2.25
,3420.0,7480.0,5.0,2.0,55.0,37.2,,,,0.0,67.0,1.0,1.0,1.0,1.0,14.0,1.0,5.0,0.0,2.0,4.0,3.556666666666666,3.4450000000000003,3.2216666666666662,5.4433333333333325,5.166666666666667,3.526666666666667,3.0
1.0,2340.0,9160.0,2.0,2.0,38.0,59.1,36300.0,22.0,6.0,40.0,48.0,2.0,3.0,1.0,2.0,12.0,1.0,1.0,6.0,2.0,2.0,5.0,5.446666666666666,4.11,6.0,3.0,4.28,3.5
2.0,8040.0,2690.0,7.0,2.0,32.0,33.7,,,,0.0,47.0,2.0,1.0,1.0,1.0,10.0,1.0,3.0,2.0,2.0,4.0,2.33,2.835,2.0,2.5,5.835,2.415,2.0
,3600.0,8170.0,5.0,2.0,48.0,24.2,,,,0.0,76.0,2.0,1.0,1.0,1.0,12.0,1.0,1.0,5.0,2.0,4.0,2.915,3.0,2.3325,5.0825,4.6675,3.125,2.25
2.0,1010.0,7380.0,1.0,2.0,63.0,81.0,7713.75,13.0,40.0,40.0,44.0,1.0,3.0,2.0,2.0,17.0,3.0,1.0,2.0,2.0,4.0,5.67,5.0,4.33,2.33,5.0,5.5,4.0
1.0,3800.0,9470.0,1.0,2.0,40.0,45.1,16335.0,18.0,40.0,52.0,23.0,1.0,1.0,1.0,1.0,13.0,1.0,1.0,0.0,2.0,4.0,3.665,4.17,3.165,5.165,5.335,3.415,2.5
1.0,5860.0,6970.0,1.0,2.0,32.0,35.8,,,40.0,50.0,62.0,2.0,1.0,1.0,1.0,14.0,1.0,1.0,2.0,2.0,,2.33,2.67,2.33,5.67,4.33,2.5,2.0
1.0,4230.0,8660.0,2.0,2.0,25.0,12.6,,,24.0,18.0,34.0,2.0,1.0,1.0,1.0,12.0,1.0,1.0,2.0,2.0,4.0,1.67,2.0,1.0,5.33,2.67,1.67,2.0
,800.0,3570.0,5.0,2.0,60.0,76.3,,,,0.0,83.0,2.0,1.0,1.0,1.0,16.0,3.0,2.0,2.0,2.0,4.0,5.0,5.0,4.67,4.67,4.67,4.5,4.0
,2200.0,7880.0,5.0,2.0,74.0,84.5,,,,0.0,68.0,2.0,1.0,1.0,1.0,17.0,3.0,3.0,0.0,2.0,4.0,5.658888888888889,5.612222222222222,5.184722222222223,5.074166666666667,3.1766666666666667,5.342777777777778,4.944444444444445
2.0,430.0,2190.0,1.0,2.0,39.0,67.7,36300.0,22.0,40.0,52.0,43.0,2.0,2.0,1.0,2.0,20.0,4.0,1.0,3.0,2.0,4.0,5.5,5.29125,4.875,4.8325,4.375,5.04125,4.0
1.0,2200.0,7870.0,1.0,2.0,74.0,84.5,24502.5,20.0,40.0,52.0,36.0,1.0,1.0,1.0,1.0,16.0,3.0,1.0,1.0,2.0,4.0,5.658888888888889,5.612222222222222,5.184722222222223,5.074166666666667,3.1766666666666667,5.342777777777778,4.944444444444445
,2200.0,7870.0,5.0,2.0,74.0,84.5,,,,0.0,77.0,2.0,2.0,1.0,1.0,18.0,4.0,5.0,1.0,2.0,4.0,5.658888888888889,5.612222222222222,5.184722222222223,5.074166666666667,3.1766666666666667,5.342777777777778,4.944444444444445
1.0,1320.0,6070.0,1.0,2.0,75.0,89.3,97883.49087,26.0,35.0,52.0,47.0,1.0,1.0,1.0,1.0,16.0,3.0,1.0,2.0,2.0,,5.0,5.33,5.33,4.33,5.0,5.5,4.0
,4760.0,5080.0,8.0,2.0,31.0,39.7,29947.5,21.0,,52.0,45.0,2.0,1.0,1.0,1.0,14.0,2.0,3.0,1.0,2.0,,3.0,3.0,2.67,5.0,4.0,2.33,2.0
3.0,8965.0,3570.0,1.0,2.0,35.0,26.8,9982.5,15.0,40.0,40.0,48.0,2.0,2.0,1.0,1.0,14.0,1.0,5.0,7.0,2.0,4.0,3.0,3.443333333333334,2.776666666666667,3.556666666666666,4.556666666666667,3.276666666666667,2.0
1.0,3255.0,8170.0,1.0,2.0,64.0,84.2,36300.0,22.0,40.0,51.0,36.0,2.0,2.0,1.0,2.0,16.0,4.0,4.0,2.0,2.0,4.0,5.3340000000000005,4.934,4.8,6.066,5.734,5.1,4.4
,3850.0,9470.0,5.0,2.0,60.0,65.3,,,,0.0,64.0,1.0,3.0,1.0,2.0,14.0,2.0,1.0,3.0,2.0,4.0,5.67,5.67,5.17,5.67,5.67,4.75,3.0
2.0,2040.0,9160.0,1.0,2.0,66.0,62.6,29947.5,21.0,40.0,52.0,42.0,1.0,1.0,1.0,1.0,20.0,4.0,1.0,3.0,2.0,,6.67,6.33,5.33,6.33,3.33,5.0,5.0
3.0,1430.0,7290.0,1.0,2.0,63.0,81.6,43560.0,23.0,40.0,52.0,32.0,1.0,1.0,1.0,1.0,16.0,3.0,5.0,0.0,2.0,4.0,5.5825,5.5024999999999995,5.1675,3.9175,4.4975000000000005,5.54,4.25
2.0,7330.0,3570.0,1.0,2.0,38.0,42.8,,,40.0,40.0,63.0,1.0,2.0,1.0,1.0,13.0,1.0,1.0,3.0,2.0,4.0,3.0,4.5,2.5,3.5,5.67,3.42,2.5
2.0,4200.0,8660.0,7.0,2.0,37.0,33.2,5898.75,11.0,,30.0,26.0,2.0,2.0,1.0,1.0,11.0,1.0,5.0,5.0,2.0,4.0,3.67,5.67,3.33,3.67,5.0,3.83,2.0
2.0,4720.0,8680.0,4.0,2.0,28.0,21.6,181.5,1.0,,6.0,29.0,2.0,2.0,3.0,1.0,12.0,1.0,5.0,4.0,2.0,4.0,2.5,2.835,2.0,4.5,4.0,2.335,2.0
2.0,4230.0,8660.0,4.0,2.0,25.0,12.6,1270.5,3.0,,20.0,32.0,2.0,2.0,1.0,1.0,11.0,0.0,5.0,5.0,2.0,4.0,1.67,2.0,1.0,5.33,2.67,1.67,2.0
3.0,4720.0,5090.0,1.0,2.0,28.0,21.6,,,40.0,30.0,39.0,2.0,2.0,1.0,1.0,12.0,0.0,5.0,4.0,2.0,,2.5,2.835,2.0,4.5,4.0,2.335,2.0
1.0,6050.0,170.0,3.0,2.0,27.0,14.0,1270.5,3.0,,8.0,54.0,1.0,2.0,1.0,1.0,10.0,1.0,5.0,6.0,2.0,4.0,2.3333333333333335,2.443333333333334,1.6133333333333333,2.8866666666666667,3.8866666666666663,2.17,2.0
,,,5.0,2.0,,,,,,0.0,73.0,2.0,1.0,1.0,1.0,13.0,1.0,3.0,2.0,2.0,,,,,,,,
1.0,3500.0,7970.0,2.0,2.0,69.0,46.6,4083.75,9.0,30.0,30.0,45.0,2.0,2.0,1.0,,13.0,1.0,5.0,5.0,2.0,,5.33,5.0,4.0,6.33,5.67,4.33,3.0
1.0,3600.0,8170.0,1.0,2.0,48.0,24.2,11797.5,16.0,32.0,40.0,30.0,2.0,2.0,1.0,1.0,14.0,2.0,5.0,1.0,2.0,4.0,2.915,3.0,2.3325,5.0825,4.6675,3.125,2.25
,6300.0,770.0,5.0,2.0,34.0,22.9,,,,0.0,62.0,1.0,1.0,1.0,1.0,9.0,1.0,5.0,0.0,2.0,4.0,2.33,3.33,2.0,3.67,5.67,2.83,2.0
,8965.0,3190.0,5.0,2.0,35.0,26.8,,,,0.0,81.0,2.0,2.0,1.0,1.0,13.0,1.0,2.0,3.0,2.0,1.0,3.0,3.443333333333334,2.776666666666667,3.556666666666666,4.556666666666667,3.276666666666667,2.0
,8965.0,2470.0,5.0,2.0,35.0,26.8,,,,0.0,74.0,2.0,2.0,1.0,1.0,8.0,0.0,5.0,2.0,2.0,,3.0,3.443333333333334,2.776666666666667,3.556666666666666,4.556666666666667,3.276666666666667,2.0
,5120.0,7280.0,5.0,2.0,45.0,38.3,,,,0.0,67.0,2.0,2.0,1.0,1.0,14.0,2.0,2.0,4.0,2.0,4.0,3.67,3.67,3.0,4.67,5.0,3.67,3.0
2.0,4920.0,7070.0,1.0,1.0,49.0,56.9,16335.0,18.0,40.0,45.0,46.0,2.0,1.0,1.0,1.0,14.0,2.0,5.0,0.0,2.0,4.0,5.0,5.165,4.33,5.0,3.5,4.5,3.5
,8965.0,2990.0,5.0,2.0,35.0,26.8,,,,0.0,59.0,1.0,2.0,1.0,1.0,12.0,1.0,3.0,4.0,2.0,,3.0,3.443333333333334,2.776666666666667,3.556666666666666,4.556666666666667,3.276666666666667,2.0
,9130.0,6170.0,5.0,1.0,35.0,32.0,,,,0.0,74.0,1.0,2.0,1.0,1.0,12.0,1.0,3.0,6.0,2.0,1.0,2.223333333333333,3.6666666666666665,2.11,2.8866666666666667,4.556666666666667,3.056666666666666,2.0
4.0,8965.0,3570.0,4.0,2.0,35.0,26.8,,,,0.0,64.0,1.0,2.0,1.0,2.0,9.0,0.0,3.0,3.0,2.0,4.0,3.0,3.443333333333334,2.776666666666667,3.556666666666666,4.556666666666667,3.276666666666667,2.0
,,,6.0,,,,,,,8.0,21.0,1.0,1.0,1.0,1.0,14.0,1.0,5.0,0.0,2.0,4.0,,,,,,,
1.0,160.0,3570.0,1.0,2.0,44.0,52.5,16335.0,18.0,45.0,52.0,65.0,2.0,1.0,1.0,1.0,14.0,2.0,3.0,1.0,2.0,4.0,4.44,5.22,4.22,5.33,4.78,5.17,4.0
1.0,3930.0,8590.0,1.0,2.0,34.0,34.7,,,32.0,48.0,64.0,1.0,1.0,1.0,1.0,16.0,3.0,1.0,4.0,2.0,,3.665,4.835,3.165,3.835,5.165,3.335,2.0
1.0,9130.0,4070.0,1.0,2.0,35.0,32.0,8621.25,14.0,40.0,52.0,,1.0,1.0,1.0,1.0,12.0,1.0,1.0,1.0,2.0,4.0,2.223333333333333,3.6666666666666665,2.11,2.8866666666666667,4.556666666666667,3.056666666666666,2.0
3.0,4220.0,4880.0,2.0,2.0,24.0,20.7,181.5,1.0,15.0,36.0,18.0,1.0,1.0,1.0,1.0,11.0,1.0,5.0,0.0,2.0,4.0,1.67,2.0,1.33,4.33,3.0,2.0,3.0
2.0,7200.0,8770.0,1.0,2.0,45.0,31.2,13612.5,17.0,40.0,40.0,41.0,1.0,2.0,1.0,1.0,13.0,1.0,5.0,0.0,2.0,,3.67,4.33,3.0,3.83,4.33,3.58,3.0
1.0,2300.0,7860.0,7.0,2.0,53.0,41.1,,,,0.0,78.0,2.0,1.0,1.0,1.0,16.0,3.0,2.0,3.0,2.0,4.0,5.0,4.665,3.665,6.5,3.67,4.335,3.5
1.0,5110.0,7280.0,1.0,2.0,40.0,33.4,16335.0,18.0,55.0,52.0,58.0,2.0,1.0,1.0,1.0,12.0,1.0,3.0,3.0,2.0,,2.67,4.0,2.67,4.5,4.5,3.08,3.0
,9620.0,3990.0,5.0,2.0,25.0,23.3,,,,0.0,65.0,2.0,1.0,1.0,1.0,13.0,1.0,3.0,2.0,2.0,1.0,2.0,2.0,2.0,4.33,4.33,2.17,2.0
1.0,5520.0,9370.0,1.0,2.0,32.0,38.2,19965.0,19.0,40.0,52.0,27.0,1.0,1.0,1.0,1.0,14.0,2.0,3.0,0.0,2.0,4.0,3.665,4.335,3.335,4.665,5.335,4.0,2.0
1.0,5000.0,6870.0,1.0,2.0,46.0,52.0,,,40.0,45.0,63.0,2.0,1.0,1.0,1.0,13.0,1.0,1.0,0.0,2.0,,4.33,5.33,4.33,5.33,5.67,4.83,3.0
,2100.0,7270.0,5.0,1.0,69.0,91.1,,,,0.0,76.0,1.0,1.0,1.0,1.0,20.0,4.0,5.0,0.0,2.0,4.0,6.0,6.0,6.33,4.0,4.33,6.0,5.0
1.0,4500.0,8970.0,2.0,1.0,36.0,21.5,1633.5,4.0,30.0,50.0,56.0,2.0,1.0,1.0,1.0,16.0,3.0,3.0,2.0,2.0,4.0,4.67,3.33,3.0,5.0,2.33,3.5,3.0
1.0,7210.0,8770.0,1.0,2.0,42.0,35.3,,,40.0,40.0,35.0,1.0,1.0,1.0,1.0,12.0,1.0,5.0,2.0,2.0,,3.67,3.67,3.33,4.33,5.0,3.5,3.0
,4020.0,5090.0,4.0,2.0,33.0,13.6,,,,1.0,42.0,1.0,1.0,1.0,1.0,11.0,0.0,3.0,2.0,2.0,,2.732,3.665999999999999,2.268,4.066,3.6,2.6,2.2
,3010.0,7980.0,5.0,1.0,72.0,92.1,,,,0.0,89.0,1.0,1.0,1.0,1.0,20.0,3.0,1.0,2.0,2.0,4.0,5.9175,6.4175,5.75,6.0,4.1675,5.75,5.0
2.0,8965.0,3570.0,1.0,2.0,35.0,26.8,16335.0,18.0,35.0,48.0,45.0,2.0,1.0,1.0,1.0,12.0,1.0,5.0,0.0,2.0,4.0,3.0,3.443333333333334,2.776666666666667,3.556666666666666,4.556666666666667,3.276666666666667,2.0
1.0,4700.0,5592.0,1.0,1.0,38.0,43.0,13612.5,17.0,60.0,52.0,62.0,1.0,1.0,5.0,2.0,17.0,3.0,1.0,3.0,2.0,4.0,3.67,4.67,3.67,4.33,4.0,4.0,2.0
1.0,2310.0,7860.0,1.0,2.0,61.0,80.9,19965.0,19.0,45.0,40.0,37.0,2.0,1.0,1.0,1.0,20.0,4.0,1.0,3.0,2.0,1.0,5.333333333333333,5.33,4.22,6.22,4.22,4.78,4.0
3.0,410.0,7070.0,1.0,2.0,41.0,54.6,13612.5,17.0,40.0,52.0,43.0,1.0,1.0,1.0,1.0,15.0,1.0,5.0,1.0,2.0,4.0,5.0,5.67,4.33,4.33,3.67,4.83,4.0
,4850.0,2190.0,5.0,2.0,45.0,62.0,,,,0.0,69.0,2.0,1.0,1.0,1.0,16.0,3.0,2.0,3.0,2.0,4.0,4.89,4.89,3.78,4.553333333333334,3.78,4.613333333333333,3.6666666666666665
3.0,7200.0,4670.0,1.0,2.0,45.0,31.2,13612.5,17.0,44.0,52.0,22.0,1.0,1.0,1.0,1.0,12.0,1.0,5.0,0.0,2.0,4.0,3.67,4.33,3.0,3.83,4.33,3.58,3.0
2.0,4220.0,7070.0,1.0,2.0,24.0,20.7,19965.0,19.0,40.0,52.0,49.0,1.0,1.0,1.0,1.0,12.0,1.0,1.0,0.0,2.0,4.0,1.67,2.0,1.33,4.33,3.0,2.0,3.0
,430.0,3290.0,5.0,2.0,39.0,67.7,,,,0.0,65.0,1.0,1.0,1.0,1.0,16.0,3.0,3.0,3.0,2.0,4.0,5.5,5.29125,4.875,4.8325,4.375,5.04125,4.0
1.0,5860.0,3890.0,1.0,2.0,32.0,35.8,9982.5,15.0,65.0,27.0,41.0,2.0,1.0,1.0,2.0,12.0,1.0,3.0,3.0,2.0,4.0,2.33,2.67,2.33,5.67,4.33,2.5,2.0
,5260.0,6870.0,5.0,2.0,36.0,35.3,,,,0.0,68.0,2.0,1.0,1.0,1.0,14.0,1.0,2.0,0.0,2.0,4.0,2.33,2.67,2.0,3.33,4.33,2.17,2.0
1.0,4920.0,7070.0,1.0,1.0,49.0,56.9,,,40.0,52.0,34.0,1.0,1.0,1.0,1.0,16.0,3.0,1.0,0.0,2.0,4.0,5.0,5.165,4.33,5.0,3.5,4.5,3.5
,,,6.0,,,,,,,0.0,22.0,2.0,1.0,1.0,1.0,14.0,1.0,5.0,0.0,2.0,,,,,,,,
,7750.0,3570.0,5.0,2.0,35.0,25.0,,,,0.0,61.0,2.0,1.0,1.0,1.0,12.0,1.0,5.0,0.0,2.0,4.0,2.4466666666666668,2.443333333333334,2.33,3.6633333333333336,4.556666666666667,2.8366666666666664,2.0
2.0,8965.0,2280.0,1.0,2.0,35.0,26.8,,,40.0,35.0,30.0,2.0,3.0,2.0,2.0,12.0,1.0,,2.0,2.0,4.0,3.0,3.443333333333334,2.776666666666667,3.556666666666666,4.556666666666667,3.276666666666667,2.0
2.0,,,7.0,,,,,,,0.0,31.0,2.0,,2.0,2.0,16.0,3.0,1.0,2.0,2.0,4.0,,,,,,,
,430.0,6990.0,5.0,2.0,39.0,67.7,,,,0.0,83.0,2.0,1.0,1.0,1.0,12.0,1.0,1.0,3.0,2.0,,5.5,5.29125,4.875,4.8325,4.375,5.04125,4.0
2.0,6320.0,770.0,1.0,2.0,42.0,31.0,6806.25,12.0,40.0,50.0,20.0,1.0,1.0,1.0,1.0,14.0,1.0,5.0,0.0,2.0,1.0,3.33,3.0,2.67,4.0,5.0,3.67,2.0
1.0,4510.0,8980.0,2.0,1.0,36.0,24.6,726.0,2.0,14.0,47.0,75.0,2.0,1.0,1.0,1.0,13.0,1.0,1.0,3.0,2.0,4.0,4.0,5.0,2.67,6.33,2.0,3.17,3.0
2.0,5240.0,5070.0,1.0,2.0,31.0,37.6,,,40.0,48.0,29.0,2.0,2.0,1.0,1.0,12.0,1.0,5.0,3.0,2.0,4.0,3.835,4.0,3.335,6.165,4.5,3.58,2.5
4.0,5240.0,8090.0,4.0,2.0,31.0,37.6,,,,52.0,37.0,2.0,1.0,2.0,1.0,15.0,1.0,5.0,3.0,2.0,4.0,3.835,4.0,3.335,6.165,4.5,3.58,2.5
,6050.0,170.0,5.0,2.0,27.0,14.0,,,,0.0,81.0,2.0,2.0,1.0,1.0,15.0,1.0,3.0,6.0,2.0,,2.3333333333333335,2.443333333333334,1.6133333333333333,2.8866666666666667,3.8866666666666663,2.17,2.0
,4720.0,4970.0,6.0,2.0,28.0,21.6,6806.25,12.0,,52.0,18.0,2.0,1.0,1.0,1.0,12.0,1.0,1.0,0.0,2.0,,2.5,2.835,2.0,4.5,4.0,2.335,2.0
,2310.0,7860.0,5.0,2.0,61.0,80.9,,,,0.0,79.0,2.0,1.0,1.0,1.0,18.0,4.0,1.0,3.0,2.0,,5.333333333333333,5.33,4.22,6.22,4.22,4.78,4.0
1.0,420.0,8290.0,1.0,2.0,52.0,67.8,11797.5,16.0,45.0,52.0,21.0,2.0,1.0,1.0,1.0,14.0,1.0,5.0,0.0,2.0,4.0,5.33,5.67,5.0,6.33,4.33,5.5,4.0
,7150.0,8770.0,5.0,2.0,40.0,28.3,,,,48.0,68.0,1.0,1.0,1.0,1.0,12.0,1.0,3.0,3.0,2.0,,3.0,4.0,2.67,4.33,4.67,3.5,2.0
1.0,8965.0,770.0,7.0,1.0,35.0,26.8,,,,0.0,86.0,1.0,1.0,1.0,1.0,12.0,1.0,1.0,4.0,2.0,1.0,3.0,3.443333333333334,2.776666666666667,3.556666666666666,4.556666666666667,3.276666666666667,2.0
,205.0,170.0,5.0,1.0,46.0,39.9,,,,0.0,77.0,2.0,1.0,1.0,1.0,12.0,1.0,1.0,2.0,2.0,4.0,4.89,5.22,4.44,4.66,3.22,4.67,4.0
,3600.0,8270.0,5.0,2.0,48.0,24.2,,,,0.0,67.0,2.0,1.0,1.0,1.0,12.0,1.0,5.0,0.0,2.0,4.0,2.915,3.0,2.3325,5.0825,4.6675,3.125,2.25
,6260.0,770.0,5.0,2.0,28.0,25.2,,,,0.0,73.0,1.0,1.0,1.0,1.0,12.0,1.0,3.0,3.0,2.0,4.0,2.33,2.67,1.67,4.0,4.33,3.17,2.0
2.0,2310.0,7860.0,3.0,2.0,61.0,80.9,13612.5,17.0,,40.0,34.0,2.0,1.0,1.0,1.0,17.0,3.0,1.0,2.0,2.0,4.0,5.333333333333333,5.33,4.22,6.22,4.22,4.78,4.0
,205.0,180.0,5.0,1.0,46.0,39.9,36300.0,22.0,,52.0,71.0,1.0,1.0,1.0,1.0,12.0,1.0,1.0,3.0,2.0,4.0,4.89,5.22,4.44,4.66,3.22,4.67,4.0
2.0,9610.0,8780.0,1.0,1.0,22.0,17.5,,,24.0,52.0,25.0,2.0,1.0,1.0,1.0,12.0,1.0,5.0,0.0,2.0,4.0,1.33,2.33,1.0,3.67,3.67,1.83,2.0
2.0,,,1.0,1.0,,,43560.0,23.0,70.0,52.0,48.0,1.0,1.0,1.0,1.0,12.0,1.0,1.0,1.0,2.0,,,,,,,,
2.0,6050.0,180.0,2.0,2.0,27.0,14.0,,,28.0,49.0,33.0,2.0,1.0,1.0,1.0,14.0,1.0,5.0,0.0,2.0,4.0,2.3333333333333335,2.443333333333334,1.6133333333333333,2.8866666666666667,3.8866666666666663,2.17,2.0
1.0,9130.0,4470.0,1.0,2.0,35.0,32.0,24502.5,20.0,55.0,52.0,44.0,1.0,1.0,1.0,1.0,12.0,1.0,1.0,5.0,2.0,,2.223333333333333,3.6666666666666665,2.11,2.8866666666666667,4.556666666666667,3.056666666666666,2.0
2.0,205.0,180.0,1.0,1.0,46.0,39.9,7713.75,13.0,40.0,52.0,38.0,1.0,1.0,1.0,1.0,12.0,1.0,5.0,0.0,2.0,4.0,4.89,5.22,4.44,4.66,3.22,4.67,4.0
,205.0,180.0,5.0,1.0,46.0,39.9,,,,0.0,82.0,1.0,1.0,1.0,1.0,11.0,0.0,1.0,1.0,2.0,4.0,4.89,5.22,4.44,4.66,3.22,4.67,4.0
2.0,,,7.0,,,,,,,0.0,18.0,1.0,1.0,1.0,1.0,12.0,1.0,5.0,0.0,2.0,4.0,,,,,,,
2.0,5860.0,3290.0,7.0,1.0,32.0,35.8,13612.5,17.0,,52.0,82.0,2.0,1.0,1.0,1.0,16.0,3.0,1.0,3.0,2.0,,2.33,2.67,2.33,5.67,4.33,2.5,2.0
2.0,1965.0,680.0,1.0,2.0,43.0,55.1,19965.0,19.0,56.0,52.0,56.0,1.0,1.0,1.0,1.0,12.0,1.0,1.0,2.0,2.0,4.0,4.221666666666667,4.278333333333333,3.6666666666666665,3.776666666666667,4.776666666666666,4.193333333333333,3.2857142857142856
1.0,2630.0,8090.0,4.0,2.0,46.0,61.4,19965.0,19.0,,52.0,55.0,2.0,1.0,1.0,1.0,16.0,3.0,1.0,0.0,2.0,4.0,5.24,5.048571428571429,3.954285714285714,4.428571428571429,3.238571428571429,4.3342857142857145,3.5714285714285716
,3255.0,8190.0,5.0,2.0,64.0,84.2,,,,0.0,68.0,2.0,1.0,1.0,1.0,16.0,3.0,3.0,4.0,2.0,,5.3340000000000005,4.934,4.8,6.066,5.734,5.1,4.4
1.0,9130.0,6170.0,1.0,2.0,35.0,32.0,36300.0,22.0,60.0,45.0,67.0,1.0,1.0,1.0,1.0,14.0,2.0,1.0,1.0,2.0,4.0,2.223333333333333,3.6666666666666665,2.11,2.8866666666666667,4.556666666666667,3.056666666666666,2.0
1.0,7810.0,1180.0,7.0,2.0,28.0,18.8,1996.5,5.0,,12.0,58.0,2.0,1.0,2.0,2.0,6.0,0.0,1.0,4.0,2.0,,2.1133333333333333,2.3333333333333335,1.7766666666666666,3.776666666666667,3.89,2.056666666666666,2.0
2.0,7900.0,1170.0,1.0,2.0,51.0,38.4,24502.5,20.0,40.0,52.0,26.0,1.0,3.0,2.0,2.0,12.0,1.0,5.0,0.0,2.0,4.0,3.165,4.0,3.0,3.835,5.0,3.415,2.0
,7810.0,1170.0,5.0,2.0,28.0,18.8,,,,0.0,67.0,1.0,1.0,1.0,1.0,13.0,2.0,1.0,2.0,2.0,,2.1133333333333333,2.3333333333333335,1.7766666666666666,3.776666666666667,3.89,2.056666666666666,2.0
1.0,9610.0,8780.0,1.0,2.0,22.0,17.5,726.0,2.0,40.0,40.0,34.0,1.0,3.0,2.0,2.0,6.0,0.0,1.0,3.0,2.0,4.0,1.33,2.33,1.0,3.67,3.67,1.83,2.0
4.0,4760.0,5790.0,4.0,2.0,31.0,39.7,,,,0.0,43.0,1.0,1.0,1.0,1.0,14.0,1.0,5.0,0.0,2.0,4.0,3.0,3.0,2.67,5.0,4.0,2.33,2.0
,5000.0,4270.0,5.0,2.0,46.0,52.0,16335.0,18.0,,32.0,73.0,2.0,1.0,1.0,1.0,16.0,3.0,2.0,3.0,2.0,,4.33,5.33,4.33,5.33,5.67,4.83,3.0
1.0,1360.0,770.0,1.0,2.0,65.0,85.2,19965.0,19.0,45.0,52.0,62.0,1.0,1.0,1.0,1.0,16.0,3.0,1.0,3.0,2.0,4.0,5.33,5.5,5.33,4.0,5.0,5.25,4.0
,4020.0,8680.0,6.0,2.0,33.0,13.6,2722.5,7.0,,15.0,24.0,1.0,1.0,1.0,1.0,15.0,1.0,5.0,0.0,2.0,,2.732,3.665999999999999,2.268,4.066,3.6,2.6,2.2
3.0,1430.0,1870.0,1.0,2.0,63.0,81.6,29947.5,21.0,50.0,42.0,,2.0,1.0,1.0,1.0,17.0,3.0,1.0,1.0,2.0,,5.5825,5.5024999999999995,5.1675,3.9175,4.4975000000000005,5.54,4.25
,6320.0,770.0,5.0,2.0,42.0,31.0,,,,0.0,70.0,1.0,1.0,1.0,1.0,12.0,1.0,1.0,2.0,2.0,4.0,3.33,3.0,2.67,4.0,5.0,3.67,2.0
1.0,430.0,1070.0,1.0,2.0,39.0,67.7,43560.0,23.0,45.0,52.0,47.0,1.0,3.0,2.0,1.0,11.0,1.0,4.0,8.0,2.0,4.0,5.5,5.29125,4.875,4.8325,4.375,5.04125,4.0
2.0,5020.0,8180.0,1.0,2.0,31.0,31.9,11797.5,16.0,46.0,52.0,53.0,2.0,1.0,1.0,1.0,13.0,2.0,3.0,1.0,2.0,,2.67,3.0,2.67,5.33,4.0,2.67,2.0
,2310.0,7860.0,5.0,2.0,61.0,80.9,,,,0.0,64.0,2.0,1.0,1.0,1.0,16.0,3.0,1.0,4.0,2.0,4.0,5.333333333333333,5.33,4.22,6.22,4.22,4.78,4.0
,4230.0,9490.0,5.0,2.0,25.0,12.6,8621.25,14.0,,52.0,67.0,2.0,1.0,1.0,1.0,12.0,1.0,1.0,3.0,2.0,4.0,1.67,2.0,1.0,5.33,2.67,1.67,2.0
2.0,6260.0,770.0,1.0,2.0,28.0,25.2,9982.5,15.0,40.0,52.0,35.0,1.0,3.0,2.0,1.0,12.0,1.0,5.0,0.0,2.0,4.0,2.33,2.67,1.67,4.0,4.33,3.17,2.0
2.0,3255.0,8190.0,1.0,2.0,64.0,84.2,24502.5,20.0,40.0,52.0,36.0,2.0,1.0,1.0,1.0,16.0,3.0,1.0,2.0,2.0,4.0,5.3340000000000005,4.934,4.8,6.066,5.734,5.1,4.4
,350.0,8170.0,5.0,2.0,64.0,71.8,,,,0.0,,2.0,1.0,1.0,1.0,16.0,3.0,2.0,2.0,2.0,4.0,5.0,6.0,4.67,6.0,5.67,6.0,4.0
2.0,1530.0,570.0,1.0,2.0,70.0,86.1,24502.5,20.0,40.0,52.0,32.0,1.0,1.0,1.0,1.0,17.0,3.0,5.0,0.0,2.0,,5.636363636363637,5.484545454545454,5.211818181818182,3.4545454545454546,4.271818181818182,5.531818181818182,4.181818181818182
,7700.0,1070.0,5.0,2.0,50.0,46.5,,,,0.0,65.0,1.0,1.0,1.0,1.0,12.0,1.0,1.0,3.0,2.0,4.0,5.0,5.67,4.67,5.0,5.33,4.67,3.0
,2145.0,7270.0,5.0,1.0,52.0,60.3,,,,0.0,84.0,1.0,1.0,1.0,1.0,16.0,4.0,3.0,1.0,2.0,4.0,4.0,3.0,3.67,5.0,4.33,4.33,3.0
2.0,1006.0,8190.0,1.0,2.0,65.0,80.7,24502.5,20.0,40.0,52.0,59.0,1.0,1.0,1.0,1.0,16.0,3.0,1.0,0.0,2.0,4.0,5.0,5.0,4.835,4.17,4.665,4.835,4.0
2.0,3640.0,7980.0,4.0,2.0,48.0,28.6,8621.25,14.0,,40.0,24.0,2.0,1.0,1.0,1.0,12.0,1.0,5.0,3.0,2.0,4.0,3.33,3.67,3.0,6.0,5.67,4.17,3.0
2.0,4120.0,8660.0,1.0,2.0,34.0,17.0,9982.5,15.0,44.0,48.0,51.0,2.0,1.0,1.0,1.0,14.0,1.0,1.0,3.0,2.0,4.0,1.67,2.33,1.67,3.67,3.67,2.33,2.0
2.0,,,7.0,,,,,,,0.0,36.0,2.0,1.0,1.0,1.0,12.0,1.0,5.0,3.0,2.0,4.0,,,,,,,
2.0,7210.0,8770.0,1.0,2.0,42.0,35.3,19965.0,19.0,40.0,52.0,30.0,1.0,1.0,1.0,1.0,0.0,0.0,2.0,0.0,2.0,,3.67,3.67,3.33,4.33,5.0,3.5,3.0
1.0,2000.0,8090.0,1.0,2.0,51.0,63.7,16335.0,18.0,43.0,52.0,41.0,2.0,1.0,1.0,1.0,16.0,3.0,1.0,1.0,2.0,,5.465999999999999,5.0,4.668,6.6,3.601999999999999,4.566,4.8
2.0,6230.0,770.0,3.0,2.0,44.0,28.7,29947.5,21.0,,50.0,31.0,1.0,1.0,1.0,1.0,12.0,1.0,5.0,0.0,2.0,4.0,3.67,4.33,2.83,3.0,4.83,3.83,2.0
1.0,4700.0,5790.0,1.0,2.0,38.0,43.0,24502.5,20.0,48.0,52.0,43.0,1.0,1.0,1.0,1.0,15.0,1.0,5.0,0.0,2.0,,3.67,4.67,3.67,4.33,4.0,4.0,2.0
3.0,3600.0,8270.0,1.0,2.0,48.0,24.2,,,34.0,50.0,33.0,2.0,1.0,1.0,1.0,13.0,1.0,5.0,1.0,2.0,4.0,2.915,3.0,2.3325,5.0825,4.6675,3.125,2.25
1.0,1107.0,6870.0,1.0,2.0,48.0,70.5,19965.0,19.0,40.0,50.0,25.0,1.0,1.0,1.0,1.0,16.0,3.0,5.0,0.0,2.0,,5.576363636363637,4.969090909090909,4.4390909090909085,3.4545454545454546,4.181818181818182,5.038181818181818,3.8461538461538463
2.0,430.0,8590.0,1.0,2.0,39.0,67.7,24502.5,20.0,60.0,52.0,53.0,1.0,1.0,1.0,1.0,15.0,1.0,1.0,4.0,2.0,4.0,5.5,5.29125,4.875,4.8325,4.375,5.04125,4.0
1.0,4230.0,8660.0,7.0,2.0,25.0,12.6,5898.75,11.0,,52.0,53.0,2.0,1.0,1.0,1.0,12.0,1.0,1.0,3.0,2.0,4.0,1.67,2.0,1.0,5.33,2.67,1.67,2.0
1.0,4220.0,7860.0,1.0,2.0,24.0,20.7,16335.0,18.0,40.0,50.0,63.0,2.0,1.0,1.0,1.0,12.0,1.0,2.0,2.0,2.0,4.0,1.67,2.0,1.33,4.33,3.0,2.0,3.0
1.0,1050.0,7380.0,1.0,2.0,48.0,64.5,29947.5,21.0,40.0,52.0,38.0,1.0,1.0,1.0,1.0,14.0,2.0,3.0,0.0,2.0,4.0,5.165,4.5,4.165,4.165,5.0,4.92,3.5
3.0,9140.0,6190.0,4.0,2.0,26.0,28.5,,,,12.0,31.0,1.0,1.0,1.0,1.0,12.0,1.0,5.0,1.0,2.0,,,,,,,,2.0
3.0,3255.0,8190.0,1.0,2.0,64.0,84.2,24502.5,20.0,36.0,48.0,40.0,1.0,3.0,1.0,2.0,16.0,3.0,1.0,1.0,2.0,2.0,5.3340000000000005,4.934,4.8,6.066,5.734,5.1,4.4
2.0,430.0,7390.0,1.0,2.0,39.0,67.7,,,40.0,52.0,,1.0,,2.0,1.0,17.0,3.0,5.0,0.0,2.0,4.0,5.5,5.29125,4.875,4.8325,4.375,5.04125,4.0
,5000.0,4870.0,5.0,2.0,46.0,52.0,,,,0.0,67.0,1.0,1.0,1.0,1.0,11.0,0.0,1.0,0.0,2.0,4.0,4.33,5.33,4.33,5.33,5.67,4.83,3.0
,6260.0,770.0,5.0,2.0,28.0,25.2,,,,2.0,73.0,1.0,1.0,1.0,1.0,12.0,1.0,5.0,1.0,2.0,,2.33,2.67,1.67,4.0,4.33,3.17,2.0
,2310.0,7860.0,5.0,2.0,61.0,80.9,,,,0.0,68.0,2.0,1.0,1.0,1.0,16.0,3.0,1.0,2.0,2.0,4.0,5.333333333333333,5.33,4.22,6.22,4.22,4.78,4.0
,630.0,8370.0,5.0,2.0,47.0,65.3,,,,0.0,67.0,2.0,1.0,1.0,1.0,18.0,4.0,1.0,4.0,2.0,4.0,4.556666666666667,4.333333333333333,4.0,5.446666666666666,4.333333333333333,4.163333333333333,3.3333333333333335
1.0,4620.0,8590.0,2.0,2.0,35.0,42.9,2359.5,6.0,7.0,50.0,67.0,2.0,1.0,1.0,1.0,16.0,3.0,3.0,0.0,2.0,4.0,4.5,5.0,3.165,6.0,4.0,3.67,3.5
2.0,4710.0,8570.0,1.0,2.0,48.0,57.5,29947.5,21.0,45.0,52.0,39.0,1.0,1.0,1.0,1.0,17.0,3.0,3.0,0.0,2.0,,4.33,5.33,4.0,5.0,5.0,5.17,4.0
1.0,5700.0,7860.0,7.0,2.0,47.0,38.8,,,,0.0,57.0,2.0,3.0,1.0,1.0,18.0,4.0,3.0,8.0,2.0,4.0,3.3325,3.0,2.9175,5.0825,4.8325,3.6225,2.5
,2310.0,7860.0,5.0,2.0,61.0,80.9,,,,28.0,,2.0,1.0,1.0,1.0,16.0,3.0,1.0,0.0,2.0,,5.333333333333333,5.33,4.22,6.22,4.22,4.78,4.0
1.0,4220.0,7870.0,1.0,2.0,24.0,20.7,19965.0,19.0,40.0,52.0,60.0,1.0,1.0,1.0,1.0,13.0,2.0,1.0,2.0,2.0,,1.67,2.0,1.33,4.33,3.0,2.0,3.0
,2630.0,7370.0,5.0,1.0,46.0,61.4,1270.5,3.0,,5.0,72.0,2.0,1.0,1.0,1.0,14.0,1.0,2.0,0.0,2.0,,5.24,5.048571428571429,3.954285714285714,4.428571428571429,3.238571428571429,4.3342857142857145,3.5714285714285716
,3255.0,8190.0,5.0,2.0,64.0,84.2,,,,0.0,66.0,2.0,1.0,1.0,1.0,16.0,3.0,1.0,2.0,2.0,4.0,5.3340000000000005,4.934,4.8,6.066,5.734,5.1,4.4
2.0,4110.0,8680.0,2.0,2.0,31.0,19.6,5898.75,11.0,15.0,52.0,64.0,2.0,1.0,1.0,1.0,12.0,1.0,1.0,2.0,2.0,,2.33,2.33,2.0,6.0,3.33,2.0,2.0
1.0,4760.0,5270.0,2.0,2.0,31.0,39.7,24502.5,20.0,24.0,48.0,63.0,2.0,1.0,1.0,1.0,16.0,3.0,1.0,1.0,2.0,,3.0,3.0,2.67,5.0,4.0,2.33,2.0
1.0,4920.0,7070.0,1.0,1.0,49.0,56.9,29947.5,21.0,50.0,52.0,74.0,1.0,1.0,1.0,1.0,16.0,1.0,1.0,2.0,2.0,,5.0,5.165,4.33,5.0,3.5,4.5,3.5
1.0,4920.0,7070.0,1.0,1.0,49.0,56.9,58080.0,25.0,58.0,52.0,42.0,1.0,1.0,1.0,1.0,12.0,1.0,1.0,4.0,2.0,4.0,5.0,5.165,4.33,5.0,3.5,4.5,3.5
1.0,,,7.0,,,,,,,0.0,53.0,2.0,3.0,1.0,2.0,20.0,4.0,1.0,2.0,2.0,4.0,,,,,,,
2.0,710.0,7390.0,1.0,2.0,51.0,78.3,97883.49087,26.0,40.0,52.0,49.0,1.0,1.0,1.0,1.0,18.0,4.0,3.0,3.0,2.0,,5.33,5.33,5.0,6.0,3.67,5.17,4.0
2.0,3030.0,8270.0,2.0,1.0,55.0,61.4,11797.5,16.0,25.0,52.0,58.0,2.0,1.0,1.0,1.0,20.0,4.0,1.0,2.0,2.0,4.0,5.0,5.67,5.0,6.0,4.0,4.67,5.0
,20.0,6670.0,5.0,2.0,50.0,68.6,,,,0.0,66.0,1.0,1.0,1.0,1.0,13.0,1.0,1.0,3.0,2.0,4.0,5.33,6.0,5.67,6.33,4.67,6.0,4.0
1.0,220.0,770.0,1.0,2.0,53.0,59.1,24502.5,20.0,50.0,52.0,64.0,1.0,1.0,1.0,1.0,14.0,1.0,1.0,2.0,2.0,4.0,5.33,5.67,4.67,5.0,5.33,5.83,4.0
1.0,3500.0,8170.0,1.0,2.0,69.0,46.6,9982.5,15.0,40.0,52.0,35.0,2.0,1.0,1.0,1.0,14.0,2.0,1.0,3.0,2.0,,5.33,5.0,4.0,6.33,5.67,4.33,3.0
3.0,9620.0,1070.0,1.0,2.0,25.0,23.3,24502.5,20.0,40.0,52.0,55.0,1.0,1.0,1.0,1.0,12.0,1.0,1.0,4.0,2.0,,2.0,2.0,2.0,4.33,4.33,2.17,2.0
3.0,4720.0,5380.0,2.0,2.0,28.0,21.6,3267.0,8.0,15.0,40.0,70.0,2.0,1.0,1.0,1.0,12.0,1.0,1.0,3.0,2.0,,2.5,2.835,2.0,4.5,4.0,2.335,2.0
2.0,4030.0,8680.0,1.0,2.0,21.0,13.6,5898.75,11.0,35.0,50.0,42.0,2.0,1.0,1.0,1.0,12.0,1.0,3.0,3.0,2.0,4.0,1.67,1.67,1.67,4.67,4.67,2.0,2.0
1.0,50.0,3960.0,1.0,2.0,53.0,73.9,58080.0,25.0,45.0,48.0,32.0,2.0,1.0,1.0,1.0,19.0,4.0,1.0,1.0,2.0,4.0,5.665,5.67,5.0,4.835,5.165,5.835,4.0
3.0,,9370.0,4.0,2.0,,,,,,0.0,,1.0,1.0,1.0,1.0,12.0,1.0,1.0,1.0,2.0,,,,,,,,
,3740.0,9470.0,5.0,2.0,59.0,65.1,,,,6.0,69.0,1.0,1.0,1.0,1.0,12.0,1.0,1.0,2.0,2.0,,5.5,4.67,4.83,5.67,5.83,4.5,3.0
2.0,7855.0,1180.0,1.0,2.0,34.0,21.6,13612.5,17.0,40.0,52.0,36.0,2.0,3.0,2.0,1.0,11.0,0.0,3.0,4.0,2.0,,,,,,,,
3.0,710.0,4560.0,1.0,2.0,51.0,78.3,29947.5,21.0,60.0,52.0,41.0,1.0,1.0,1.0,1.0,12.0,1.0,1.0,1.0,2.0,4.0,5.33,5.33,5.0,6.0,3.67,5.17,4.0
2.0,5400.0,8180.0,1.0,2.0,38.0,25.7,,,50.0,52.0,,2.0,1.0,1.0,1.0,12.0,1.0,1.0,1.0,2.0,4.0,3.0,3.0,2.33,5.67,4.0,2.67,2.0
1.0,140.0,1070.0,1.0,2.0,50.0,68.0,50820.0,24.0,40.0,52.0,33.0,1.0,1.0,1.0,1.0,16.0,3.0,5.0,0.0,2.0,4.0,5.5566666666666675,5.5,5.446666666666666,4.555,4.443333333333333,5.695,3.6666666666666665
1.0,5700.0,9470.0,7.0,2.0,47.0,38.8,,,,0.0,30.0,2.0,1.0,1.0,1.0,16.0,3.0,1.0,2.0,2.0,2.0,3.3325,3.0,2.9175,5.0825,4.8325,3.6225,2.5
,6200.0,770.0,5.0,1.0,49.0,46.0,,,,0.0,69.0,1.0,1.0,1.0,1.0,6.0,0.0,1.0,8.0,2.0,4.0,5.335,5.67,4.83,4.665,4.335,4.915,3.0
3.0,4760.0,5580.0,1.0,2.0,31.0,39.7,3267.0,8.0,40.0,36.0,23.0,1.0,1.0,1.0,1.0,14.0,1.0,5.0,0.0,2.0,4.0,3.0,3.0,2.67,5.0,4.0,2.33,2.0
1.0,3600.0,8270.0,1.0,2.0,48.0,24.2,11797.5,16.0,40.0,52.0,42.0,2.0,2.0,4.0,1.0,13.0,1.0,1.0,3.0,2.0,4.0,2.915,3.0,2.3325,5.0825,4.6675,3.125,2.25
2.0,230.0,7870.0,1.0,2.0,59.0,75.5,29947.5,21.0,40.0,52.0,52.0,2.0,1.0,1.0,1.0,16.0,3.0,1.0,4.0,2.0,4.0,5.7524999999999995,6.0825,5.25,6.25,3.915,5.3325,4.5
2.0,3060.0,8190.0,3.0,2.0,80.0,92.8,50820.0,24.0,,52.0,57.0,2.0,1.0,1.0,1.0,20.0,4.0,5.0,0.0,2.0,,6.155882352941177,5.96,6.077058823529412,5.587647058823529,5.0194117647058825,5.676470588235294,5.0
3.0,4700.0,4770.0,1.0,1.0,38.0,43.0,,,36.0,52.0,60.0,1.0,1.0,1.0,1.0,16.0,3.0,1.0,2.0,2.0,4.0,3.67,4.67,3.67,4.33,4.0,4.0,2.0
2.0,7700.0,2370.0,1.0,2.0,50.0,46.5,,,43.0,52.0,50.0,1.0,3.0,2.0,1.0,12.0,1.0,3.0,2.0,2.0,4.0,5.0,5.67,4.67,5.0,5.33,4.67,3.0
,2340.0,4170.0,5.0,2.0,38.0,59.1,,,,0.0,75.0,2.0,1.0,1.0,1.0,14.0,1.0,2.0,2.0,2.0,,5.0,5.446666666666666,4.11,6.0,3.0,4.28,3.5
,4020.0,6390.0,5.0,2.0,33.0,13.6,,,,0.0,83.0,2.0,1.0,1.0,1.0,12.0,1.0,2.0,6.0,2.0,4.0,2.732,3.665999999999999,2.268,4.066,3.6,2.6,2.2
,3256.0,8190.0,5.0,1.0,69.0,88.6,97883.49087,26.0,,52.0,70.0,1.0,1.0,1.0,1.0,16.0,2.0,1.0,1.0,2.0,,4.67,4.0,4.0,5.0,5.33,4.0,5.0
1.0,3740.0,9490.0,1.0,2.0,59.0,65.1,24502.5,20.0,40.0,52.0,32.0,1.0,1.0,1.0,1.0,16.0,3.0,1.0,0.0,2.0,,5.5,4.67,4.83,5.67,5.83,4.5,3.0
2.0,4230.0,9290.0,2.0,1.0,25.0,12.6,9982.5,15.0,25.0,50.0,26.0,2.0,1.0,1.0,1.0,16.0,3.0,5.0,0.0,2.0,4.0,1.67,2.0,1.0,5.33,2.67,1.67,2.0
3.0,3600.0,8190.0,7.0,2.0,48.0,24.2,2359.5,6.0,,20.0,22.0,2.0,1.0,1.0,1.0,12.0,1.0,5.0,0.0,2.0,4.0,2.915,3.0,2.3325,5.0825,4.6675,3.125,2.25
,6355.0,8190.0,5.0,2.0,49.0,45.4,,,,0.0,64.0,1.0,3.0,1.0,1.0,15.0,2.0,3.0,6.0,2.0,4.0,4.33,5.33,3.33,3.67,5.0,4.17,3.0
1.0,5700.0,8090.0,1.0,2.0,47.0,38.8,7713.75,13.0,36.0,20.0,32.0,2.0,1.0,1.0,1.0,12.0,1.0,3.0,4.0,2.0,4.0,3.3325,3.0,2.9175,5.0825,4.8325,3.6225,2.5
4.0,7630.0,8190.0,1.0,2.0,31.0,35.4,24502.5,20.0,40.0,52.0,31.0,1.0,1.0,1.0,1.0,17.0,3.0,5.0,0.0,2.0,4.0,4.0,3.0,2.67,3.33,4.0,3.83,2.0
1.0,5700.0,8680.0,7.0,2.0,47.0,38.8,,,,0.0,50.0,2.0,1.0,1.0,1.0,12.0,1.0,4.0,3.0,2.0,,3.3325,3.0,2.9175,5.0825,4.8325,3.6225,2.5
,2000.0,7860.0,5.0,2.0,51.0,63.7,,,,0.0,71.0,1.0,1.0,1.0,1.0,18.0,4.0,3.0,0.0,2.0,,5.465999999999999,5.0,4.668,6.6,3.601999999999999,4.566,4.8
2.0,7810.0,1180.0,1.0,2.0,28.0,18.8,,,37.0,30.0,29.0,2.0,1.0,2.0,2.0,11.0,0.0,4.0,3.0,2.0,4.0,2.1133333333333333,2.3333333333333335,1.7766666666666666,3.776666666666667,3.89,2.056666666666666,2.0
2.0,3910.0,5790.0,1.0,2.0,50.0,63.3,4083.75,9.0,35.0,49.0,19.0,1.0,1.0,2.0,1.0,13.0,1.0,5.0,0.0,2.0,4.0,5.33,5.33,4.33,3.33,2.67,3.83,3.0
2.0,2160.0,8470.0,1.0,2.0,44.0,56.8,8621.25,14.0,40.0,40.0,32.0,2.0,3.0,5.0,1.0,14.0,2.0,4.0,3.0,2.0,4.0,4.0,3.835,2.835,4.0,4.5,3.665,2.5
1.0,4210.0,7770.0,1.0,1.0,36.0,37.6,58080.0,25.0,85.0,52.0,28.0,1.0,1.0,1.0,1.0,16.0,3.0,3.0,0.0,2.0,,4.0,5.33,3.0,5.0,4.0,4.17,3.0
,3800.0,9470.0,5.0,2.0,40.0,45.1,16335.0,18.0,,52.0,54.0,1.0,1.0,1.0,1.0,12.0,1.0,2.0,3.0,2.0,4.0,3.665,4.17,3.165,5.165,5.335,3.415,2.5
2.0,9510.0,770.0,1.0,2.0,47.0,38.8,,,60.0,52.0,56.0,1.0,2.0,1.0,1.0,10.0,1.0,1.0,0.0,3.0,,2.33,4.67,2.67,3.0,5.67,3.0,3.0
,9600.0,2570.0,5.0,2.0,35.0,20.9,,,,0.0,67.0,1.0,2.0,1.0,1.0,7.0,0.0,4.0,2.0,3.0,,2.33,3.0,2.33,4.33,4.33,2.5,2.0
,3600.0,8270.0,4.0,2.0,48.0,24.2,,,,0.0,56.0,1.0,2.0,1.0,1.0,12.0,1.0,5.0,0.0,3.0,4.0,2.915,3.0,2.3325,5.0825,4.6675,3.125,2.25
4.0,,,7.0,,,,,,,0.0,47.0,2.0,2.0,1.0,1.0,12.0,1.0,5.0,3.0,3.0,,,,,,,,
1.0,,,7.0,,,,,,,0.0,34.0,2.0,2.0,1.0,1.0,10.0,0.0,5.0,3.0,3.0,4.0,,,,,,,
2.0,4760.0,5390.0,2.0,2.0,31.0,39.7,,,19.0,20.0,18.0,2.0,1.0,1.0,1.0,9.0,0.0,5.0,0.0,3.0,4.0,3.0,3.0,2.67,5.0,4.0,2.33,2.0
4.0,9130.0,4380.0,1.0,1.0,35.0,32.0,97883.49087,26.0,70.0,45.0,49.0,1.0,2.0,1.0,1.0,11.0,0.0,1.0,3.0,3.0,4.0,2.223333333333333,3.6666666666666665,2.11,2.8866666666666667,4.556666666666667,3.056666666666666,2.0
1.0,,,2.0,2.0,,,,,20.0,46.0,63.0,2.0,2.0,1.0,1.0,,0.0,2.0,1.0,3.0,,,,,,,,
2.0,5400.0,8270.0,1.0,2.0,38.0,25.7,13612.5,17.0,36.0,52.0,44.0,2.0,2.0,1.0,1.0,14.0,1.0,5.0,4.0,3.0,,3.0,3.0,2.33,5.67,4.0,2.67,2.0
,,,8.0,,,,,,,0.0,66.0,2.0,2.0,1.0,1.0,11.0,0.0,4.0,5.0,3.0,4.0,,,,,,,
2.0,,,7.0,1.0,,,,,,0.0,75.0,1.0,1.0,1.0,1.0,20.0,4.0,1.0,3.0,3.0,,,,,,,,
,4600.0,8470.0,8.0,1.0,35.0,21.8,,,,0.0,64.0,2.0,2.0,1.0,1.0,10.0,0.0,1.0,1.0,3.0,4.0,4.0,4.5,2.5,6.0,3.0,3.33,2.0
1.0,4700.0,4770.0,1.0,1.0,38.0,43.0,11797.5,16.0,40.0,52.0,70.0,2.0,1.0,1.0,1.0,12.0,1.0,3.0,2.0,3.0,4.0,3.67,4.67,3.67,4.33,4.0,4.0,2.0
1.0,630.0,9170.0,1.0,2.0,47.0,65.3,11797.5,16.0,35.0,52.0,59.0,2.0,2.0,1.0,1.0,16.0,1.0,3.0,0.0,3.0,4.0,4.556666666666667,4.333333333333333,4.0,5.446666666666666,4.333333333333333,4.163333333333333,3.3333333333333335
,4710.0,8870.0,8.0,1.0,48.0,57.5,,,,0.0,65.0,1.0,1.0,1.0,1.0,16.0,3.0,1.0,2.0,3.0,4.0,4.33,5.33,4.0,5.0,5.0,5.17,4.0
2.0,540.0,6990.0,1.0,2.0,46.0,59.8,,,40.0,32.0,25.0,1.0,1.0,1.0,1.0,16.0,3.0,1.0,1.0,3.0,,4.085,4.835,3.75,4.415,4.915,4.625,3.5
1.0,2540.0,7860.0,1.0,2.0,48.0,26.1,1633.5,4.0,40.0,52.0,21.0,2.0,1.0,1.0,1.0,13.0,2.0,5.0,0.0,3.0,,,,,,,,3.0
,,,1.0,2.0,,,6806.25,12.0,40.0,,33.0,2.0,2.0,1.0,1.0,12.0,1.0,5.0,3.0,3.0,4.0,,,,,,,
2.0,4250.0,6290.0,7.0,2.0,37.0,18.6,,,,0.0,36.0,1.0,1.0,1.0,1.0,9.0,1.0,1.0,3.0,3.0,4.0,2.4466666666666668,3.3333333333333335,2.223333333333333,3.6633333333333336,4.333333333333333,3.11,2.0
4.0,,,2.0,2.0,,,,,25.0,52.0,56.0,,,1.0,,,0.0,3.0,0.0,3.0,4.0,,,,,,,
2.0,4250.0,7770.0,2.0,1.0,37.0,18.6,,,32.0,30.0,22.0,1.0,3.0,5.0,2.0,11.0,0.0,5.0,1.0,3.0,,2.4466666666666668,3.3333333333333335,2.223333333333333,3.6633333333333336,4.333333333333333,3.11,2.0
2.0,4010.0,8680.0,7.0,2.0,38.0,27.0,2359.5,6.0,,52.0,25.0,2.0,1.0,1.0,1.0,14.0,1.0,5.0,1.0,3.0,4.0,3.67,4.67,3.67,5.67,4.67,3.17,2.0
2.0,4020.0,8680.0,1.0,2.0,33.0,13.6,,,40.0,5.0,22.0,1.0,,,1.0,12.0,1.0,5.0,,3.0,,2.732,3.665999999999999,2.268,4.066,3.6,2.6,2.2
,3600.0,8270.0,6.0,2.0,48.0,24.2,13612.5,17.0,,52.0,33.0,2.0,2.0,1.0,1.0,14.0,2.0,5.0,3.0,3.0,4.0,2.915,3.0,2.3325,5.0825,4.6675,3.125,2.25
1.0,4760.0,4790.0,1.0,2.0,31.0,39.7,,,70.0,52.0,29.0,2.0,1.0,1.0,1.0,15.0,1.0,1.0,3.0,3.0,,3.0,3.0,2.67,5.0,4.0,2.33,2.0
1.0,1760.0,7460.0,1.0,1.0,42.0,86.8,43560.0,23.0,45.0,52.0,55.0,1.0,1.0,1.0,1.0,16.0,3.0,1.0,2.0,3.0,4.0,5.67,5.33,5.33,4.0,4.33,5.0,4.0
2.0,4050.0,8680.0,2.0,2.0,21.0,14.0,,,35.0,52.0,19.0,1.0,2.0,1.0,1.0,12.0,1.0,5.0,0.0,3.0,,1.67,1.83,1.67,4.5,4.0,1.92,2.0
,,,8.0,,,,,,,0.0,46.0,2.0,1.0,1.0,1.0,10.0,0.0,5.0,4.0,3.0,,,,,,,,
2.0,430.0,3980.0,1.0,2.0,39.0,67.7,19965.0,19.0,40.0,48.0,26.0,2.0,1.0,1.0,1.0,16.0,3.0,5.0,0.0,3.0,4.0,5.5,5.29125,4.875,4.8325,4.375,5.04125,4.0
,8140.0,770.0,5.0,2.0,38.0,28.4,,,,0.0,72.0,1.0,1.0,5.0,1.0,12.0,1.0,3.0,0.0,3.0,4.0,2.415,3.25,2.25,3.75,5.25,3.0,2.0
3.0,5110.0,4270.0,1.0,2.0,40.0,33.4,16335.0,18.0,40.0,52.0,57.0,2.0,1.0,1.0,1.0,12.0,1.0,3.0,3.0,3.0,4.0,2.67,4.0,2.67,4.5,4.5,3.08,3.0
,5120.0,7070.0,5.0,2.0,45.0,38.3,,,,0.0,71.0,2.0,1.0,1.0,1.0,14.0,2.0,5.0,0.0,3.0,4.0,3.67,3.67,3.0,4.67,5.0,3.67,3.0
3.0,3850.0,7860.0,3.0,2.0,60.0,65.3,19965.0,19.0,,42.0,62.0,1.0,2.0,1.0,1.0,16.0,3.0,1.0,2.0,3.0,4.0,5.67,5.67,5.17,5.67,5.67,4.75,3.0
,930.0,9380.0,5.0,2.0,39.0,60.3,43560.0,23.0,,52.0,63.0,1.0,1.0,1.0,1.0,16.0,3.0,1.0,3.0,3.0,4.0,4.33,3.67,3.67,4.0,4.33,3.83,3.0
1.0,5240.0,9090.0,1.0,2.0,31.0,37.6,,,40.0,52.0,24.0,1.0,2.0,1.0,1.0,13.0,1.0,5.0,0.0,3.0,4.0,3.835,4.0,3.335,6.165,4.5,3.58,2.5
3.0,9040.0,6070.0,1.0,2.0,66.0,66.4,19965.0,19.0,80.0,30.0,39.0,1.0,1.0,1.0,1.0,16.0,3.0,5.0,0.0,3.0,,4.5,4.83,4.5,3.5,6.0,4.75,3.0
2.0,4700.0,5580.0,1.0,1.0,38.0,43.0,97883.49087,26.0,70.0,52.0,27.0,1.0,3.0,1.0,1.0,12.0,1.0,1.0,0.0,3.0,,3.67,4.67,3.67,4.33,4.0,4.0,2.0
2.0,9030.0,6070.0,1.0,2.0,65.0,79.4,43560.0,23.0,80.0,26.0,54.0,2.0,1.0,1.0,1.0,14.0,2.0,1.0,3.0,3.0,1.0,5.67,6.33,5.835,4.835,6.5,5.25,3.5
2.0,4760.0,4870.0,1.0,2.0,31.0,39.7,50820.0,24.0,60.0,52.0,46.0,1.0,1.0,1.0,1.0,13.0,1.0,1.0,2.0,3.0,,3.0,3.0,2.67,5.0,4.0,2.33,2.0
1.0,5110.0,8270.0,7.0,2.0,40.0,33.4,,,,0.0,43.0,2.0,1.0,1.0,1.0,14.0,1.0,1.0,2.0,3.0,4.0,2.67,4.0,2.67,4.5,4.5,3.08,3.0
1.0,4030.0,8680.0,7.0,2.0,21.0,13.6,,,,0.0,30.0,2.0,1.0,2.0,2.0,12.0,1.0,5.0,4.0,3.0,4.0,1.67,1.67,1.67,4.67,4.67,2.0,2.0
1.0,,8680.0,4.0,1.0,,,,,,0.0,38.0,2.0,1.0,1.0,1.0,12.0,1.0,1.0,2.0,3.0,4.0,,,,,,,
2.0,430.0,770.0,1.0,2.0,39.0,67.7,24502.5,20.0,40.0,49.0,48.0,1.0,1.0,1.0,1.0,14.0,2.0,1.0,2.0,3.0,4.0,5.5,5.29125,4.875,4.8325,4.375,5.04125,4.0
2.0,9040.0,9570.0,1.0,2.0,66.0,66.4,36300.0,22.0,40.0,52.0,45.0,1.0,1.0,2.0,1.0,15.0,2.0,1.0,3.0,3.0,,4.5,4.83,4.5,3.5,6.0,4.75,3.0
1.0,630.0,7580.0,1.0,2.0,47.0,65.3,11797.5,16.0,40.0,50.0,28.0,2.0,1.0,1.0,1.0,14.0,1.0,5.0,0.0,3.0,4.0,4.556666666666667,4.333333333333333,4.0,5.446666666666666,4.333333333333333,4.163333333333333,3.3333333333333335
1.0,3310.0,7980.0,2.0,2.0,56.0,76.7,9982.5,15.0,16.0,52.0,42.0,2.0,1.0,1.0,1.0,16.0,2.0,1.0,2.0,3.0,,4.33,4.67,3.67,6.67,5.0,4.5,3.0
1.0,4020.0,7860.0,1.0,2.0,33.0,13.6,11797.5,16.0,40.0,40.0,52.0,2.0,1.0,1.0,1.0,13.0,1.0,3.0,3.0,3.0,,2.732,3.665999999999999,2.268,4.066,3.6,2.6,2.2
,9130.0,2570.0,5.0,2.0,35.0,32.0,19965.0,19.0,,52.0,66.0,1.0,1.0,1.0,1.0,13.0,1.0,1.0,3.0,3.0,4.0,2.223333333333333,3.6666666666666665,2.11,2.8866666666666667,4.556666666666667,3.056666666666666,2.0
1.0,,,7.0,,,,,,,0.0,74.0,2.0,1.0,1.0,1.0,11.0,1.0,2.0,4.0,3.0,4.0,,,,,,,
2.0,7750.0,3570.0,1.0,1.0,35.0,25.0,,,6.0,2.0,18.0,1.0,2.0,1.0,1.0,16.0,2.0,5.0,,3.0,4.0,2.4466666666666668,2.443333333333334,2.33,3.6633333333333336,4.556666666666667,2.8366666666666664,2.0
1.0,,,7.0,,,,,,,0.0,29.0,2.0,1.0,1.0,1.0,14.0,1.0,1.0,2.0,3.0,4.0,,,,,,,
2.0,9620.0,6380.0,2.0,2.0,25.0,23.3,16335.0,18.0,30.0,50.0,22.0,1.0,2.0,1.0,1.0,12.0,1.0,5.0,0.0,3.0,,2.0,2.0,2.0,4.33,4.33,2.17,2.0
1.0,3600.0,8170.0,1.0,2.0,48.0,24.2,,,40.0,52.0,30.0,1.0,1.0,1.0,1.0,12.0,1.0,1.0,5.0,3.0,4.0,2.915,3.0,2.3325,5.0825,4.6675,3.125,2.25
,4750.0,4690.0,5.0,2.0,30.0,29.6,,,,0.0,44.0,1.0,3.0,5.0,1.0,14.0,1.0,5.0,0.0,3.0,4.0,2.67,3.67,2.67,4.67,3.33,3.0,2.0
3.0,9120.0,7860.0,7.0,2.0,35.0,31.6,,,,0.0,51.0,2.0,2.0,1.0,1.0,14.0,1.0,3.0,5.0,3.0,4.0,3.0,4.33,2.0,5.0,5.0,3.0,2.0
3.0,5510.0,6380.0,1.0,1.0,29.0,39.9,,,50.0,52.0,43.0,1.0,1.0,1.0,1.0,12.0,1.0,5.0,0.0,3.0,4.0,2.0,2.67,2.0,4.0,4.0,2.67,2.0
,,,6.0,,,,,,,0.0,36.0,2.0,1.0,1.0,1.0,20.0,3.0,1.0,0.0,3.0,4.0,,,,,,,
1.0,565.0,8380.0,1.0,2.0,47.0,69.4,50820.0,24.0,40.0,25.0,42.0,2.0,2.0,1.0,1.0,16.0,3.0,3.0,2.0,3.0,4.0,4.555,4.778333333333333,3.776666666666667,4.445,4.666666666666667,4.445,3.6666666666666665
2.0,4800.0,7470.0,3.0,1.0,38.0,61.5,,,,4.0,39.0,1.0,2.0,1.0,1.0,16.0,3.0,5.0,0.0,3.0,4.0,5.0,5.33,4.67,6.33,4.67,5.33,4.0
,430.0,7870.0,5.0,2.0,39.0,67.7,,,,0.0,69.0,1.0,2.0,1.0,1.0,13.0,1.0,2.0,2.0,3.0,,5.5,5.29125,4.875,4.8325,4.375,5.04125,4.0
,7140.0,3580.0,5.0,2.0,56.0,53.6,,,,0.0,61.0,1.0,2.0,1.0,1.0,12.0,1.0,4.0,0.0,3.0,,4.0,3.67,3.33,4.33,6.0,4.67,3.0
1.0,350.0,8180.0,1.0,2.0,64.0,71.8,11797.5,16.0,40.0,52.0,45.0,2.0,2.0,1.0,1.0,14.0,2.0,1.0,2.0,3.0,4.0,5.0,6.0,4.67,6.0,5.67,6.0,4.0
2.0,4850.0,4190.0,4.0,2.0,45.0,62.0,1270.5,3.0,,52.0,20.0,2.0,2.0,1.0,1.0,12.0,1.0,5.0,0.0,3.0,,4.89,4.89,3.78,4.553333333333334,3.78,4.613333333333333,3.6666666666666665
,160.0,9170.0,8.0,2.0,44.0,52.5,,,,0.0,59.0,2.0,1.0,,1.0,13.0,2.0,3.0,4.0,3.0,4.0,4.44,5.22,4.22,5.33,4.78,5.17,4.0
2.0,5860.0,2070.0,1.0,2.0,32.0,35.8,13612.5,17.0,54.0,52.0,29.0,2.0,2.0,1.0,1.0,16.0,3.0,5.0,0.0,3.0,,2.33,2.67,2.33,5.67,4.33,2.5,2.0
,5700.0,9290.0,6.0,1.0,47.0,38.8,726.0,2.0,,20.0,55.0,2.0,2.0,1.0,1.0,13.0,1.0,3.0,4.0,3.0,4.0,3.3325,3.0,2.9175,5.0825,4.8325,3.6225,2.5
3.0,2300.0,8470.0,1.0,2.0,53.0,41.1,,,30.0,2.0,38.0,2.0,2.0,1.0,1.0,12.0,1.0,5.0,5.0,3.0,,5.0,4.665,3.665,6.5,3.67,4.335,3.5
2.0,4220.0,6290.0,2.0,2.0,24.0,20.7,,,6.0,0.0,58.0,2.0,2.0,1.0,1.0,12.0,1.0,5.0,0.0,3.0,,1.67,2.0,1.33,4.33,3.0,2.0,3.0
2.0,5300.0,8660.0,1.0,2.0,30.0,24.1,13612.5,17.0,42.0,40.0,39.0,2.0,2.0,1.0,1.0,15.0,1.0,5.0,2.0,3.0,4.0,2.33,3.0,2.33,6.0,3.67,2.17,2.0
,8030.0,2070.0,5.0,2.0,40.0,38.3,,,,0.0,61.0,1.0,2.0,1.0,1.0,13.0,1.0,3.0,4.0,3.0,4.0,2.67,3.33,2.67,2.0,5.33,3.33,3.0
,2330.0,7860.0,8.0,2.0,61.0,71.7,13612.5,17.0,,,54.0,2.0,2.0,1.0,1.0,16.0,1.0,2.0,3.0,3.0,4.0,5.585,4.9175,4.0825,6.8325,4.1675,4.54,4.333333333333333
2.0,8965.0,1870.0,7.0,2.0,35.0,26.8,9982.5,15.0,,30.0,39.0,2.0,2.0,1.0,1.0,14.0,1.0,5.0,0.0,3.0,,3.0,3.443333333333334,2.776666666666667,3.556666666666666,4.556666666666667,3.276666666666667,2.0
1.0,3600.0,7860.0,2.0,2.0,48.0,24.2,726.0,2.0,25.0,50.0,55.0,2.0,2.0,1.0,1.0,12.0,1.0,5.0,2.0,3.0,4.0,2.915,3.0,2.3325,5.0825,4.6675,3.125,2.25
4.0,4720.0,8680.0,7.0,2.0,28.0,21.6,6806.25,12.0,,20.0,39.0,2.0,2.0,1.0,1.0,10.0,0.0,5.0,0.0,3.0,4.0,2.5,2.835,2.0,4.5,4.0,2.335,2.0
3.0,310.0,8680.0,1.0,2.0,39.0,41.0,726.0,2.0,37.0,45.0,23.0,1.0,2.0,1.0,1.0,12.0,1.0,5.0,0.0,3.0,,4.33,5.67,4.33,4.67,4.67,4.5,2.0
2.0,4720.0,5390.0,2.0,2.0,28.0,21.6,,,20.0,,25.0,1.0,2.0,1.0,1.0,12.0,1.0,5.0,0.0,3.0,4.0,2.5,2.835,2.0,4.5,4.0,2.335,2.0
,6260.0,770.0,8.0,2.0,28.0,25.2,,,,0.0,60.0,1.0,2.0,1.0,1.0,11.0,0.0,5.0,3.0,3.0,4.0,2.33,2.67,1.67,4.0,4.33,3.17,2.0
2.0,5400.0,7070.0,7.0,2.0,38.0,25.7,,,,0.0,36.0,2.0,1.0,2.0,2.0,12.0,1.0,5.0,2.0,4.0,,3.0,3.0,2.33,5.67,4.0,2.67,2.0
2.0,2160.0,7270.0,3.0,2.0,44.0,56.8,9982.5,15.0,,52.0,42.0,2.0,1.0,1.0,1.0,12.0,1.0,1.0,4.0,4.0,4.0,4.0,3.835,2.835,4.0,4.5,3.665,2.5
2.0,,,7.0,,,,,,,3.0,42.0,2.0,1.0,1.0,1.0,16.0,3.0,1.0,8.0,4.0,,,,,,,,
2.0,5940.0,8190.0,1.0,2.0,17.0,45.3,19965.0,19.0,40.0,52.0,26.0,2.0,1.0,1.0,1.0,20.0,3.0,5.0,0.0,4.0,4.0,,,,,,,
3.0,9130.0,6170.0,1.0,2.0,35.0,32.0,,,55.0,52.0,,1.0,1.0,1.0,1.0,12.0,1.0,5.0,2.0,4.0,4.0,2.223333333333333,3.6666666666666665,2.11,2.8866666666666667,4.556666666666667,3.056666666666666,2.0
,1740.0,7460.0,5.0,2.0,65.0,86.7,,,,0.0,67.0,1.0,1.0,1.0,1.0,16.0,3.0,5.0,0.0,4.0,4.0,5.609999999999999,5.221666666666667,4.888333333333333,3.7783333333333338,3.0,5.001666666666666,4.833333333333333
,3255.0,8190.0,5.0,2.0,64.0,84.2,,,,0.0,76.0,2.0,1.0,1.0,1.0,16.0,3.0,1.0,4.0,4.0,4.0,5.3340000000000005,4.934,4.8,6.066,5.734,5.1,4.4
,810.0,9490.0,5.0,2.0,55.0,62.6,29947.5,21.0,,52.0,67.0,2.0,1.0,1.0,1.0,12.0,1.0,1.0,2.0,4.0,,3.67,4.83,3.67,3.5,4.5,4.08,4.0
,4760.0,5170.0,5.0,2.0,31.0,39.7,,,,0.0,88.0,2.0,1.0,1.0,1.0,13.0,1.0,1.0,2.0,4.0,,3.0,3.0,2.67,5.0,4.0,2.33,2.0
2.0,4700.0,5090.0,7.0,2.0,38.0,43.0,,,,0.0,27.0,1.0,2.0,1.0,1.0,12.0,1.0,5.0,2.0,4.0,4.0,3.67,4.67,3.67,4.33,4.0,4.0,2.0
2.0,,,4.0,2.0,,,,,,52.0,62.0,1.0,1.0,1.0,1.0,15.0,1.0,1.0,4.0,4.0,4.0,,,,,,,
,5860.0,7870.0,5.0,2.0,32.0,35.8,,,,0.0,84.0,2.0,1.0,1.0,1.0,13.0,1.0,1.0,4.0,4.0,,2.33,2.67,2.33,5.67,4.33,2.5,2.0
1.0,6220.0,770.0,1.0,2.0,39.0,24.6,36300.0,22.0,40.0,52.0,66.0,1.0,1.0,1.0,1.0,14.0,2.0,1.0,5.0,4.0,4.0,3.335,4.0,2.5,3.17,4.67,3.835,2.0
1.0,50.0,6290.0,1.0,2.0,53.0,73.9,97883.49087,26.0,60.0,52.0,53.0,1.0,1.0,1.0,2.0,20.0,4.0,1.0,1.0,4.0,4.0,5.665,5.67,5.0,4.835,5.165,5.835,4.0
,5320.0,6770.0,5.0,2.0,25.0,36.5,,,,0.0,73.0,2.0,1.0,1.0,1.0,12.0,1.0,3.0,0.0,4.0,4.0,2.67,2.33,2.33,5.0,3.67,2.5,2.0
1.0,6440.0,770.0,1.0,2.0,43.0,36.2,13612.5,17.0,50.0,51.0,23.0,1.0,1.0,1.0,1.0,16.0,1.0,1.0,0.0,4.0,4.0,2.915,4.0,2.665,4.335,4.75,3.455,2.5
2.0,800.0,3580.0,1.0,2.0,60.0,76.3,97883.49087,26.0,45.0,52.0,56.0,1.0,1.0,1.0,1.0,18.0,4.0,3.0,3.0,4.0,4.0,5.0,5.0,4.67,4.67,4.67,4.5,4.0
1.0,4820.0,6970.0,1.0,1.0,58.0,71.0,19965.0,19.0,50.0,52.0,36.0,1.0,3.0,1.0,1.0,14.0,2.0,1.0,5.0,4.0,4.0,5.17,5.08,4.42,4.75,4.42,5.17,4.0
2.0,4850.0,4190.0,3.0,2.0,45.0,62.0,,,,0.0,61.0,2.0,1.0,1.0,2.0,15.0,1.0,1.0,3.0,4.0,,4.89,4.89,3.78,4.553333333333334,3.78,4.613333333333333,3.6666666666666665
2.0,4700.0,5790.0,1.0,2.0,38.0,43.0,43560.0,23.0,40.0,52.0,51.0,1.0,1.0,1.0,1.0,18.0,4.0,1.0,6.0,4.0,4.0,3.67,4.67,3.67,4.33,4.0,4.0,2.0
,800.0,6680.0,5.0,2.0,60.0,76.3,,,,0.0,71.0,1.0,1.0,1.0,1.0,16.0,3.0,1.0,4.0,4.0,4.0,5.0,5.0,4.67,4.67,4.67,4.5,4.0
,,,5.0,,,,,,,0.0,77.0,2.0,1.0,1.0,1.0,11.0,0.0,1.0,3.0,4.0,,,,,,,,
2.0,2000.0,8290.0,2.0,2.0,51.0,63.7,1633.5,4.0,12.0,50.0,38.0,2.0,1.0,1.0,1.0,16.0,3.0,1.0,4.0,4.0,,5.465999999999999,5.0,4.668,6.6,3.601999999999999,4.566,4.8
2.0,,,7.0,,,,,,,0.0,31.0,2.0,1.0,1.0,1.0,12.0,1.0,1.0,3.0,4.0,4.0,,,,,,,
,800.0,7280.0,6.0,2.0,60.0,76.3,,,,0.0,37.0,1.0,1.0,1.0,1.0,18.0,4.0,5.0,0.0,4.0,,5.0,5.0,4.67,4.67,4.67,4.5,4.0
,420.0,8290.0,5.0,2.0,52.0,67.8,,,,0.0,76.0,2.0,1.0,1.0,1.0,16.0,3.0,2.0,2.0,4.0,4.0,5.33,5.67,5.0,6.33,4.33,5.5,4.0
2.0,5550.0,6370.0,1.0,2.0,45.0,58.4,36300.0,22.0,51.0,52.0,65.0,1.0,1.0,1.0,1.0,14.0,1.0,1.0,1.0,4.0,,2.33,3.0,2.67,3.67,4.0,3.5,2.0
2.0,2720.0,8590.0,1.0,2.0,65.0,59.4,4083.75,9.0,40.0,52.0,24.0,1.0,1.0,1.0,1.0,14.0,1.0,1.0,1.0,4.0,4.0,5.890000000000001,4.886666666666667,4.556666666666667,5.113333333333333,4.113333333333333,3.89,2.6666666666666665
1.0,,,7.0,,,,,,,0.0,30.0,2.0,1.0,2.0,1.0,10.0,0.0,5.0,4.0,4.0,4.0,,,,,,,
3.0,3245.0,8170.0,1.0,2.0,62.0,71.4,24502.5,20.0,40.0,52.0,31.0,1.0,1.0,2.0,2.0,13.0,1.0,3.0,0.0,4.0,4.0,,,,,,,
,2310.0,7860.0,5.0,2.0,61.0,80.9,,,,0.0,79.0,2.0,1.0,1.0,1.0,17.0,4.0,1.0,4.0,4.0,4.0,5.333333333333333,5.33,4.22,6.22,4.22,4.78,4.0
,4920.0,7070.0,5.0,1.0,49.0,56.9,9982.5,15.0,,3.0,74.0,1.0,1.0,1.0,1.0,13.0,1.0,1.0,5.0,4.0,4.0,5.0,5.165,4.33,5.0,3.5,4.5,3.5
1.0,950.0,6890.0,1.0,2.0,39.0,64.4,43560.0,23.0,40.0,52.0,34.0,1.0,1.0,1.0,1.0,14.0,1.0,1.0,0.0,4.0,,5.0,5.33,4.665,4.33,4.5,5.0,4.25
2.0,8220.0,3390.0,1.0,2.0,44.0,25.1,19965.0,19.0,40.0,52.0,38.0,1.0,1.0,5.0,1.0,11.0,0.0,5.0,4.0,4.0,4.0,,,,,,,
,4820.0,6970.0,4.0,1.0,58.0,71.0,97883.49087,26.0,,52.0,19.0,1.0,1.0,1.0,1.0,15.0,2.0,5.0,0.0,4.0,,5.17,5.08,4.42,4.75,4.42,5.17,4.0
1.0,350.0,8180.0,1.0,2.0,64.0,71.8,24502.5,20.0,40.0,52.0,48.0,2.0,1.0,1.0,1.0,18.0,4.0,3.0,2.0,4.0,4.0,5.0,6.0,4.67,6.0,5.67,6.0,4.0
1.0,220.0,770.0,1.0,1.0,53.0,59.1,,,40.0,50.0,,1.0,1.0,1.0,1.0,15.0,1.0,3.0,2.0,4.0,,5.33,5.67,4.67,5.0,5.33,5.83,4.0
1.0,4250.0,7770.0,1.0,2.0,37.0,18.6,,,25.0,32.0,,1.0,3.0,2.0,2.0,6.0,0.0,5.0,1.0,4.0,4.0,2.4466666666666668,3.3333333333333335,2.223333333333333,3.6633333333333336,4.333333333333333,3.11,2.0
,6260.0,770.0,8.0,2.0,28.0,25.2,,,,0.0,68.0,1.0,1.0,1.0,1.0,7.0,0.0,3.0,1.0,4.0,4.0,2.33,2.67,1.67,4.0,4.33,3.17,2.0
,4760.0,5090.0,1.0,2.0,31.0,39.7,,,,0.0,44.0,1.0,1.0,1.0,1.0,18.0,1.0,5.0,0.0,4.0,4.0,3.0,3.0,2.67,5.0,4.0,2.33,2.0
2.0,4030.0,8680.0,2.0,2.0,21.0,13.6,3267.0,8.0,20.0,52.0,55.0,2.0,1.0,1.0,1.0,14.0,2.0,3.0,4.0,4.0,,1.67,1.67,1.67,4.67,4.67,2.0,2.0
4.0,4720.0,4970.0,1.0,2.0,28.0,21.6,,,36.0,46.0,54.0,2.0,1.0,1.0,1.0,17.0,3.0,5.0,0.0,4.0,4.0,2.5,2.835,2.0,4.5,4.0,2.335,2.0
4.0,4740.0,9070.0,1.0,2.0,24.0,30.9,,,40.0,,52.0,2.0,1.0,2.0,2.0,6.0,0.0,1.0,2.0,4.0,4.0,2.33,2.67,2.0,4.33,4.0,2.17,2.0
2.0,8965.0,8870.0,1.0,2.0,35.0,26.8,16335.0,18.0,40.0,52.0,61.0,2.0,3.0,2.0,2.0,12.0,1.0,1.0,1.0,4.0,4.0,3.0,3.443333333333334,2.776666666666667,3.556666666666666,4.556666666666667,3.276666666666667,2.0
,1107.0,9370.0,5.0,2.0,48.0,70.5,29947.5,21.0,,0.0,61.0,2.0,1.0,1.0,1.0,13.0,1.0,2.0,0.0,4.0,,5.576363636363637,4.969090909090909,4.4390909090909085,3.4545454545454546,4.181818181818182,5.038181818181818,3.8461538461538463
1.0,430.0,8770.0,1.0,1.0,39.0,67.7,50820.0,24.0,40.0,50.0,57.0,1.0,1.0,1.0,1.0,14.0,1.0,1.0,2.0,4.0,4.0,5.5,5.29125,4.875,4.8325,4.375,5.04125,4.0
,420.0,9170.0,5.0,2.0,52.0,67.8,13612.5,17.0,,49.0,60.0,2.0,1.0,1.0,1.0,16.0,3.0,3.0,2.0,4.0,,5.33,5.67,5.0,6.33,4.33,5.5,4.0
,3850.0,9470.0,5.0,2.0,60.0,65.3,,,,26.0,55.0,1.0,1.0,1.0,1.0,18.0,4.0,1.0,1.0,4.0,,5.67,5.67,5.17,5.67,5.67,4.75,3.0
1.0,4200.0,8190.0,1.0,2.0,37.0,33.2,19965.0,19.0,40.0,52.0,60.0,1.0,2.0,1.0,1.0,14.0,1.0,1.0,2.0,4.0,4.0,3.67,5.67,3.33,3.67,5.0,3.83,2.0
1.0,9130.0,6170.0,1.0,2.0,35.0,32.0,36300.0,22.0,70.0,52.0,42.0,1.0,3.0,1.0,1.0,14.0,1.0,1.0,6.0,4.0,4.0,2.223333333333333,3.6666666666666665,2.11,2.8866666666666667,4.556666666666667,3.056666666666666,2.0
1.0,9600.0,6390.0,4.0,2.0,35.0,20.9,8621.25,14.0,,7.0,55.0,1.0,3.0,2.0,1.0,20.0,3.0,5.0,0.0,4.0,4.0,2.33,3.0,2.33,4.33,4.33,2.5,2.0
,8965.0,1990.0,5.0,2.0,35.0,26.8,16335.0,18.0,,50.0,56.0,1.0,1.0,5.0,1.0,12.0,1.0,3.0,2.0,4.0,,3.0,3.443333333333334,2.776666666666667,3.556666666666666,4.556666666666667,3.276666666666667,2.0
1.0,9620.0,6380.0,2.0,2.0,25.0,23.3,4083.75,9.0,30.0,48.0,35.0,2.0,1.0,2.0,1.0,12.0,1.0,1.0,2.0,4.0,,2.0,2.0,2.0,4.33,4.33,2.17,2.0
1.0,,,7.0,,,,,,,26.0,22.0,2.0,1.0,1.0,1.0,12.0,1.0,5.0,4.0,4.0,2.0,,,,,,,
,,,7.0,,,,,,,0.0,,2.0,3.0,1.0,2.0,12.0,1.0,2.0,4.0,4.0,4.0,,,,,,,
1.0,9000.0,6390.0,1.0,2.0,45.0,46.6,24502.5,20.0,54.0,52.0,67.0,2.0,1.0,1.0,1.0,14.0,2.0,3.0,3.0,4.0,4.0,4.5,5.415,4.25,4.9975000000000005,5.0825,4.2075,2.4
,,,5.0,2.0,,,,,,0.0,73.0,2.0,1.0,1.0,1.0,13.0,1.0,1.0,2.0,4.0,4.0,,,,,,,
2.0,430.0,7280.0,1.0,2.0,39.0,67.7,36300.0,22.0,40.0,52.0,60.0,2.0,1.0,1.0,1.0,15.0,1.0,1.0,2.0,4.0,4.0,5.5,5.29125,4.875,4.8325,4.375,5.04125,4.0
1.0,2145.0,7270.0,1.0,2.0,52.0,60.3,24502.5,20.0,34.0,52.0,34.0,2.0,3.0,5.0,1.0,10.0,0.0,5.0,4.0,4.0,,4.0,3.0,3.67,5.0,4.33,4.33,3.0
,1840.0,9490.0,5.0,2.0,56.0,88.7,,,,0.0,80.0,1.0,1.0,1.0,1.0,16.0,3.0,1.0,0.0,4.0,4.0,5.0,4.33,4.67,5.33,3.67,5.0,5.0
2.0,4400.0,8590.0,1.0,2.0,23.0,37.1,1996.5,5.0,40.0,40.0,62.0,2.0,3.0,1.0,2.0,17.0,3.0,1.0,1.0,4.0,4.0,2.165,3.0,2.165,5.0,5.165,2.585,2.0
1.0,726.0,8370.0,1.0,2.0,40.0,73.0,29947.5,21.0,40.0,52.0,52.0,2.0,1.0,1.0,1.0,16.0,3.0,1.0,2.0,4.0,4.0,6.67,6.0,4.67,6.67,4.0,5.33,4.0
2.0,136.0,7860.0,2.0,2.0,53.0,68.6,11797.5,16.0,10.0,30.0,44.0,2.0,1.0,1.0,1.0,16.0,3.0,5.0,1.0,4.0,,5.33,5.0,5.67,6.0,4.33,5.33,4.0
1.0,2025.0,9170.0,2.0,1.0,56.0,53.8,,,20.0,30.0,74.0,2.0,1.0,1.0,1.0,20.0,4.0,1.0,0.0,4.0,,5.5,5.665,4.165,7.0,3.33,4.585,4.0
1.0,50.0,8680.0,1.0,2.0,53.0,73.9,29947.5,21.0,35.0,50.0,56.0,2.0,3.0,1.0,1.0,14.0,2.0,3.0,0.0,4.0,4.0,5.665,5.67,5.0,4.835,5.165,5.835,4.0
2.0,2200.0,7870.0,1.0,2.0,74.0,84.5,97883.49087,26.0,45.0,50.0,43.0,2.0,1.0,1.0,1.0,20.0,4.0,3.0,2.0,4.0,,5.658888888888889,5.612222222222222,5.184722222222223,5.074166666666667,3.1766666666666667,5.342777777777778,4.944444444444445
2.0,4520.0,8180.0,1.0,2.0,30.0,20.1,16335.0,18.0,24.0,48.0,60.0,2.0,1.0,1.0,1.0,13.0,1.0,5.0,3.0,4.0,,3.085,3.2525,2.75,5.085,2.915,2.835,2.5
4.0,420.0,8370.0,1.0,2.0,52.0,67.8,19965.0,19.0,40.0,36.0,32.0,2.0,1.0,1.0,1.0,18.0,4.0,1.0,1.0,4.0,4.0,5.33,5.67,5.0,6.33,4.33,5.5,4.0
1.0,3255.0,8170.0,2.0,2.0,64.0,84.2,,,8.0,,67.0,2.0,1.0,1.0,1.0,15.0,2.0,3.0,0.0,4.0,4.0,5.3340000000000005,4.934,4.8,6.066,5.734,5.1,4.4
2.0,4920.0,6970.0,1.0,1.0,49.0,56.9,58080.0,25.0,30.0,48.0,47.0,1.0,1.0,1.0,1.0,16.0,3.0,5.0,2.0,4.0,4.0,5.0,5.165,4.33,5.0,3.5,4.5,3.5
,8256.0,1990.0,5.0,2.0,29.0,23.3,,,,0.0,80.0,2.0,1.0,1.0,1.0,12.0,1.0,2.0,4.0,4.0,,3.33,3.67,3.0,3.0,4.0,3.17,2.0
,9120.0,7860.0,5.0,2.0,35.0,31.6,,,,0.0,70.0,2.0,1.0,2.0,2.0,12.0,1.0,1.0,3.0,4.0,,3.0,4.33,2.0,5.0,5.0,3.0,2.0
2.0,4920.0,7070.0,1.0,1.0,49.0,56.9,36300.0,22.0,50.0,48.0,49.0,1.0,,1.0,1.0,16.0,3.0,3.0,2.0,4.0,,5.0,5.165,4.33,5.0,3.5,4.5,3.5
2.0,310.0,8680.0,1.0,2.0,39.0,41.0,11797.5,16.0,46.0,52.0,44.0,1.0,1.0,1.0,1.0,12.0,1.0,4.0,2.0,4.0,4.0,4.33,5.67,4.33,4.67,4.67,4.5,2.0
2.0,1240.0,6990.0,1.0,2.0,65.0,85.0,29947.5,21.0,40.0,52.0,37.0,2.0,1.0,1.0,1.0,20.0,4.0,3.0,0.0,4.0,4.0,,,,,,,4.0
2.0,4850.0,7380.0,4.0,2.0,45.0,62.0,29947.5,21.0,,52.0,33.0,1.0,1.0,1.0,1.0,17.0,3.0,5.0,0.0,4.0,4.0,4.89,4.89,3.78,4.553333333333334,3.78,4.613333333333333,3.6666666666666665
4.0,5330.0,6890.0,4.0,2.0,49.0,42.7,,,,0.0,49.0,2.0,1.0,1.0,1.0,14.0,2.0,5.0,0.0,4.0,,3.67,3.33,3.67,4.67,4.33,3.5,3.0
,3600.0,8170.0,6.0,2.0,48.0,24.2,7713.75,13.0,,40.0,22.0,2.0,1.0,1.0,1.0,16.0,1.0,5.0,0.0,4.0,4.0,2.915,3.0,2.3325,5.0825,4.6675,3.125,2.25
2.0,5400.0,8080.0,4.0,2.0,38.0,25.7,9982.5,15.0,,50.0,27.0,2.0,1.0,1.0,2.0,12.0,1.0,1.0,0.0,4.0,4.0,3.0,3.0,2.33,5.67,4.0,2.67,2.0
,6210.0,770.0,5.0,2.0,35.0,42.2,,,,0.0,77.0,1.0,1.0,1.0,1.0,12.0,1.0,2.0,0.0,4.0,1.0,3.0,4.0,2.67,4.33,5.0,3.5,2.0
,2430.0,6770.0,5.0,2.0,55.0,77.2,181.5,1.0,,0.0,69.0,2.0,,1.0,1.0,16.0,4.0,3.0,2.0,4.0,,4.67,5.17,3.67,5.83,4.17,5.42,5.0
1.0,4250.0,8590.0,2.0,2.0,37.0,18.6,,,16.0,3.0,63.0,1.0,1.0,1.0,1.0,18.0,4.0,1.0,2.0,4.0,,2.4466666666666668,3.3333333333333335,2.223333333333333,3.6633333333333336,4.333333333333333,3.11,2.0
1.0,2825.0,5592.0,2.0,2.0,46.0,74.6,,,4.0,0.0,41.0,2.0,1.0,1.0,1.0,14.0,1.0,1.0,4.0,4.0,,5.67,5.67,4.67,5.33,4.67,5.33,4.0
,9620.0,8560.0,6.0,2.0,25.0,23.3,,,,24.0,72.0,1.0,1.0,1.0,1.0,16.0,3.0,3.0,1.0,4.0,1.0,2.0,2.0,2.0,4.33,4.33,2.17,2.0
1.0,7220.0,7770.0,2.0,1.0,45.0,39.2,2359.5,6.0,10.0,8.0,70.0,1.0,1.0,1.0,1.0,14.0,1.0,1.0,2.0,4.0,4.0,3.443333333333334,4.0,2.89,3.3333333333333335,5.11,3.61,2.6666666666666665
4.0,2145.0,9370.0,1.0,2.0,52.0,60.3,24502.5,20.0,40.0,52.0,44.0,2.0,1.0,1.0,1.0,16.0,2.0,3.0,3.0,4.0,1.0,4.0,3.0,3.67,5.0,4.33,4.33,3.0
3.0,120.0,4790.0,1.0,2.0,53.0,69.3,29947.5,21.0,40.0,52.0,41.0,1.0,1.0,1.0,1.0,16.0,3.0,3.0,1.0,4.0,,5.5,5.835,5.335,4.5,5.165,5.915,4.0
2.0,3640.0,7980.0,7.0,2.0,48.0,28.6,,,,0.0,39.0,2.0,1.0,1.0,1.0,12.0,1.0,1.0,3.0,4.0,4.0,3.33,3.67,3.0,6.0,5.67,4.17,3.0
1.0,8600.0,590.0,1.0,2.0,60.0,65.2,58080.0,25.0,50.0,52.0,40.0,1.0,3.0,1.0,2.0,13.0,1.0,1.0,2.0,4.0,1.0,3.776666666666667,4.0,3.3366666666666664,4.446666666666666,6.0,4.056666666666667,2.6666666666666665
1.0,1020.0,7380.0,1.0,2.0,60.0,87.9,29947.5,21.0,40.0,52.0,51.0,1.0,1.0,1.0,1.0,16.0,3.0,1.0,0.0,4.0,4.0,5.0,5.0,4.67,4.33,5.0,5.0,4.0
2.0,3060.0,8190.0,1.0,1.0,80.0,92.8,97883.49087,26.0,0.0,40.0,37.0,1.0,1.0,1.0,1.0,20.0,4.0,5.0,0.0,4.0,,6.155882352941177,5.96,6.077058823529412,5.587647058823529,5.0194117647058825,5.676470588235294,5.0
,50.0,5390.0,5.0,2.0,53.0,73.9,,,,0.0,65.0,2.0,1.0,1.0,1.0,14.0,1.0,1.0,2.0,4.0,,5.665,5.67,5.0,4.835,5.165,5.835,4.0
2.0,205.0,170.0,1.0,2.0,46.0,39.9,,,34.0,45.0,33.0,1.0,1.0,1.0,1.0,14.0,2.0,5.0,0.0,4.0,4.0,4.89,5.22,4.44,4.66,3.22,4.67,4.0
,7740.0,2980.0,5.0,2.0,34.0,33.9,,,,0.0,70.0,1.0,1.0,1.0,1.0,12.0,1.0,3.0,1.0,4.0,,3.0,2.33,2.33,3.33,5.0,3.33,2.0
,8750.0,5190.0,5.0,2.0,42.0,34.6,8621.25,14.0,,26.0,67.0,1.0,1.0,1.0,1.0,17.0,3.0,1.0,2.0,4.0,4.0,3.0,2.75,2.92,2.835,3.75,3.33,3.0
2.0,740.0,4470.0,7.0,2.0,33.0,63.7,,,,0.0,35.0,2.0,1.0,1.0,1.0,18.0,4.0,1.0,1.0,4.0,4.0,5.066,5.134,4.268,4.134,3.868,4.568,3.7142857142857144
3.0,4760.0,5790.0,1.0,2.0,31.0,39.7,19965.0,19.0,40.0,52.0,,2.0,1.0,1.0,1.0,13.0,1.0,,1.0,4.0,,3.0,3.0,2.67,5.0,4.0,2.33,2.0
1.0,9140.0,6180.0,1.0,1.0,26.0,28.5,19965.0,19.0,65.0,52.0,55.0,1.0,2.0,1.0,1.0,15.0,2.0,3.0,3.0,4.0,,,,,,,,2.0
2.0,3640.0,7980.0,1.0,2.0,48.0,28.6,19965.0,19.0,40.0,50.0,44.0,2.0,1.0,1.0,1.0,15.0,1.0,3.0,2.0,4.0,4.0,3.33,3.67,3.0,6.0,5.67,4.17,3.0
1.0,,7380.0,7.0,2.0,,,,,,0.0,37.0,2.0,1.0,1.0,1.0,16.0,3.0,1.0,3.0,4.0,,,,,,,,
,,,5.0,,,,,,,0.0,68.0,2.0,1.0,1.0,1.0,12.0,1.0,1.0,3.0,4.0,2.0,,,,,,,
,8650.0,1180.0,5.0,2.0,27.0,27.7,,,,0.0,77.0,1.0,1.0,1.0,1.0,13.0,1.0,1.0,3.0,4.0,2.0,2.1133333333333333,2.556666666666666,2.1133333333333333,3.6633333333333336,4.776666666666666,2.5533333333333332,2.0
2.0,230.0,8470.0,7.0,2.0,59.0,75.5,,,,0.0,43.0,2.0,1.0,1.0,1.0,17.0,3.0,1.0,2.0,4.0,4.0,5.7524999999999995,6.0825,5.25,6.25,3.915,5.3325,4.5
2.0,2000.0,9170.0,1.0,2.0,51.0,63.7,16335.0,18.0,20.0,52.0,28.0,2.0,1.0,1.0,2.0,12.0,1.0,1.0,0.0,4.0,,5.465999999999999,5.0,4.668,6.6,3.601999999999999,4.566,4.8
1.0,2630.0,7290.0,1.0,2.0,46.0,61.4,29947.5,21.0,40.0,52.0,28.0,2.0,3.0,1.0,1.0,16.0,3.0,1.0,0.0,4.0,,5.24,5.048571428571429,3.954285714285714,4.428571428571429,3.238571428571429,4.3342857142857145,3.5714285714285716
2.0,7340.0,2190.0,1.0,2.0,44.0,36.4,29947.5,21.0,45.0,52.0,31.0,2.0,1.0,4.0,1.0,17.0,3.0,5.0,0.0,4.0,4.0,3.33,4.0,2.67,4.0,5.0,3.67,3.0
1.0,4610.0,8370.0,2.0,2.0,48.0,20.1,29947.5,21.0,8.0,52.0,62.0,1.0,1.0,1.0,1.0,12.0,1.0,3.0,2.0,4.0,4.0,4.0,3.33,2.67,5.67,4.0,3.0,2.0
,2010.0,8370.0,5.0,2.0,54.0,62.9,8621.25,14.0,,4.0,67.0,2.0,1.0,1.0,1.0,16.0,3.0,3.0,0.0,4.0,4.0,5.890000000000001,5.4433333333333325,4.0,6.446666666666666,4.67,4.886666666666667,4.666666666666667
1.0,540.0,6990.0,1.0,2.0,46.0,59.8,43560.0,23.0,40.0,52.0,38.0,2.0,1.0,1.0,1.0,16.0,3.0,3.0,2.0,4.0,4.0,4.085,4.835,3.75,4.415,4.915,4.625,3.5
2.0,4760.0,4690.0,1.0,2.0,31.0,39.7,19965.0,19.0,50.0,52.0,31.0,2.0,1.0,1.0,1.0,12.0,1.0,5.0,0.0,4.0,4.0,3.0,3.0,2.67,5.0,4.0,2.33,2.0
3.0,5510.0,6380.0,2.0,1.0,29.0,39.9,1633.5,4.0,12.0,28.0,59.0,1.0,1.0,1.0,1.0,13.0,1.0,1.0,1.0,4.0,,2.0,2.67,2.0,4.0,4.0,2.67,2.0
3.0,4230.0,8290.0,7.0,2.0,25.0,12.6,,,,0.0,38.0,2.0,1.0,1.0,1.0,14.0,1.0,5.0,3.0,4.0,4.0,1.67,2.0,1.0,5.33,2.67,1.67,2.0
2.0,110.0,4780.0,1.0,2.0,60.0,83.8,58080.0,25.0,46.0,52.0,43.0,1.0,1.0,1.0,1.0,5.0,0.0,1.0,0.0,4.0,,5.33,5.0,5.33,4.33,5.67,6.5,4.0
,,,4.0,2.0,,,,,,0.0,54.0,2.0,3.0,1.0,1.0,19.0,4.0,3.0,2.0,4.0,,,,,,,,
1.0,4760.0,4870.0,7.0,2.0,31.0,39.7,,,,24.0,64.0,2.0,1.0,1.0,1.0,12.0,1.0,2.0,5.0,4.0,,3.0,3.0,2.67,5.0,4.0,2.33,2.0
,9130.0,6170.0,5.0,2.0,35.0,32.0,,,,0.0,69.0,1.0,1.0,1.0,1.0,12.0,1.0,3.0,1.0,4.0,4.0,2.223333333333333,3.6666666666666665,2.11,2.8866666666666667,4.556666666666667,3.056666666666666,2.0
1.0,5940.0,8090.0,1.0,2.0,17.0,45.3,9982.5,15.0,24.0,52.0,38.0,2.0,1.0,1.0,1.0,12.0,1.0,5.0,1.0,4.0,4.0,,,,,,,
1.0,9030.0,6070.0,3.0,2.0,65.0,79.4,97883.49087,26.0,,33.0,39.0,1.0,1.0,1.0,1.0,16.0,3.0,5.0,1.0,4.0,1.0,5.67,6.33,5.835,4.835,6.5,5.25,3.5
1.0,3110.0,8190.0,1.0,2.0,63.0,75.7,58080.0,25.0,45.0,52.0,47.0,2.0,1.0,1.0,1.0,18.0,4.0,1.0,2.0,4.0,4.0,4.83,4.5,4.335,5.5,5.33,4.835,5.0
2.0,430.0,8080.0,2.0,2.0,39.0,67.7,11797.5,16.0,30.0,52.0,37.0,2.0,1.0,1.0,1.0,18.0,3.0,1.0,3.0,4.0,4.0,5.5,5.29125,4.875,4.8325,4.375,5.04125,4.0
3.0,350.0,8190.0,4.0,2.0,64.0,71.8,24502.5,20.0,,37.0,52.0,2.0,1.0,1.0,1.0,18.0,3.0,3.0,3.0,4.0,,5.0,6.0,4.67,6.0,5.67,6.0,4.0
,3255.0,8190.0,5.0,2.0,64.0,84.2,,,,0.0,56.0,2.0,1.0,1.0,1.0,16.0,3.0,4.0,2.0,4.0,,5.3340000000000005,4.934,4.8,6.066,5.734,5.1,4.4
1.0,4920.0,7070.0,1.0,1.0,49.0,56.9,43560.0,23.0,45.0,48.0,61.0,1.0,1.0,2.0,1.0,16.0,3.0,1.0,4.0,4.0,2.0,5.0,5.165,4.33,5.0,3.5,4.5,3.5
1.0,2310.0,7860.0,7.0,2.0,61.0,80.9,,,,0.0,55.0,2.0,1.0,1.0,1.0,20.0,4.0,2.0,3.0,4.0,4.0,5.333333333333333,5.33,4.22,6.22,4.22,4.78,4.0
,2310.0,7860.0,5.0,2.0,61.0,80.9,,,,0.0,74.0,2.0,1.0,1.0,1.0,16.0,3.0,1.0,2.0,4.0,4.0,5.333333333333333,5.33,4.22,6.22,4.22,4.78,4.0
,2310.0,7860.0,5.0,2.0,61.0,80.9,,,,12.0,65.0,2.0,,1.0,1.0,16.0,3.0,1.0,5.0,4.0,4.0,5.333333333333333,5.33,4.22,6.22,4.22,4.78,4.0
3.0,4700.0,4970.0,1.0,2.0,38.0,43.0,11797.5,16.0,40.0,52.0,63.0,1.0,1.0,1.0,1.0,16.0,3.0,1.0,2.0,4.0,1.0,3.67,4.67,3.67,4.33,4.0,4.0,2.0
,4760.0,5170.0,6.0,2.0,31.0,39.7,7713.75,13.0,,52.0,19.0,2.0,1.0,1.0,1.0,14.0,1.0,5.0,0.0,4.0,,3.0,3.0,2.67,5.0,4.0,2.33,2.0
1.0,4700.0,5170.0,2.0,2.0,38.0,43.0,,,28.0,0.0,51.0,2.0,1.0,1.0,1.0,16.0,3.0,3.0,2.0,4.0,4.0,3.67,4.67,3.67,4.33,4.0,4.0,2.0
,3850.0,9470.0,5.0,2.0,60.0,65.3,,,,0.0,74.0,1.0,1.0,1.0,1.0,16.0,3.0,1.0,0.0,4.0,4.0,5.67,5.67,5.17,5.67,5.67,4.75,3.0
,540.0,6990.0,5.0,2.0,46.0,59.8,,,,0.0,77.0,2.0,1.0,1.0,1.0,16.0,3.0,1.0,1.0,4.0,4.0,4.085,4.835,3.75,4.415,4.915,4.625,3.5
,220.0,770.0,5.0,1.0,53.0,59.1,,,,0.0,75.0,1.0,1.0,1.0,1.0,16.0,3.0,5.0,0.0,4.0,,5.33,5.67,4.67,5.0,5.33,5.83,4.0
1.0,2320.0,7860.0,1.0,2.0,64.0,82.5,29947.5,21.0,60.0,30.0,40.0,2.0,1.0,1.0,1.0,18.0,4.0,1.0,3.0,4.0,,5.5,5.165,4.165,6.5,4.5,5.08,4.0
1.0,7410.0,770.0,1.0,2.0,46.0,51.9,97883.49087,26.0,65.0,52.0,49.0,1.0,1.0,1.0,1.0,16.0,2.0,1.0,5.0,4.0,1.0,3.0,4.67,2.33,3.67,6.33,4.33,2.0
,3850.0,9470.0,5.0,2.0,60.0,65.3,,,,0.0,78.0,1.0,1.0,1.0,1.0,15.0,2.0,1.0,3.0,4.0,4.0,5.67,5.67,5.17,5.67,5.67,4.75,3.0
,9410.0,6290.0,5.0,2.0,30.0,50.1,,,,0.0,76.0,1.0,1.0,1.0,1.0,18.0,4.0,3.0,1.0,4.0,4.0,3.776666666666667,4.11,3.3333333333333335,3.776666666666667,4.996666666666667,4.223333333333334,3.0
,9130.0,6170.0,5.0,2.0,35.0,32.0,,,,0.0,71.0,1.0,1.0,1.0,1.0,12.0,1.0,2.0,5.0,4.0,4.0,2.223333333333333,3.6666666666666665,2.11,2.8866666666666667,4.556666666666667,3.056666666666666,2.0
1.0,9120.0,6180.0,1.0,2.0,35.0,31.6,19965.0,19.0,42.0,52.0,43.0,1.0,3.0,2.0,1.0,14.0,1.0,1.0,0.0,4.0,,3.0,4.33,2.0,5.0,5.0,3.0,2.0
2.0,5240.0,5790.0,7.0,2.0,31.0,37.6,7713.75,13.0,,52.0,33.0,2.0,3.0,1.0,1.0,13.0,1.0,1.0,2.0,4.0,2.0,3.835,4.0,3.335,6.165,4.5,3.58,2.5
3.0,1106.0,,1.0,2.0,61.0,83.4,,,50.0,52.0,58.0,1.0,1.0,1.0,1.0,12.0,1.0,1.0,3.0,4.0,,5.5,4.5,4.165,3.0,4.665,5.0,3.5
1.0,4020.0,7860.0,1.0,2.0,33.0,13.6,58080.0,25.0,30.0,40.0,52.0,2.0,1.0,1.0,1.0,17.0,1.0,1.0,2.0,4.0,1.0,2.732,3.665999999999999,2.268,4.066,3.6,2.6,2.2
,1107.0,7870.0,5.0,2.0,48.0,70.5,24502.5,20.0,,52.0,63.0,1.0,1.0,1.0,1.0,13.0,1.0,1.0,2.0,4.0,4.0,5.576363636363637,4.969090909090909,4.4390909090909085,3.4545454545454546,4.181818181818182,5.038181818181818,3.8461538461538463
1.0,5940.0,7270.0,7.0,1.0,17.0,45.3,,,,0.0,68.0,2.0,,2.0,1.0,12.0,1.0,1.0,3.0,4.0,4.0,,,,,,,
1.0,5860.0,6470.0,2.0,2.0,32.0,35.8,13612.5,17.0,20.0,52.0,76.0,2.0,1.0,1.0,1.0,12.0,1.0,2.0,0.0,4.0,4.0,2.33,2.67,2.33,5.67,4.33,2.5,2.0
,6330.0,770.0,5.0,2.0,35.0,19.2,,,,0.0,73.0,1.0,1.0,1.0,1.0,12.0,1.0,3.0,4.0,4.0,4.0,2.5,3.5,2.165,3.835,4.165,3.415,2.0
,350.0,8270.0,5.0,2.0,64.0,71.8,,,,0.0,67.0,2.0,1.0,1.0,1.0,16.0,3.0,1.0,3.0,4.0,4.0,5.0,6.0,4.67,6.0,5.67,6.0,4.0
,3720.0,9470.0,5.0,2.0,66.0,75.2,7713.75,13.0,,52.0,79.0,1.0,1.0,1.0,1.0,14.0,1.0,1.0,2.0,4.0,,5.33,5.67,5.0,5.0,5.5,5.25,3.0
,7750.0,2870.0,8.0,2.0,35.0,25.0,,,,0.0,66.0,2.0,1.0,1.0,1.0,13.0,0.0,2.0,0.0,4.0,4.0,2.4466666666666668,2.443333333333334,2.33,3.6633333333333336,4.556666666666667,2.8366666666666664,2.0
,6440.0,770.0,5.0,2.0,43.0,36.2,,,,0.0,79.0,1.0,1.0,1.0,1.0,13.0,1.0,1.0,2.0,4.0,4.0,2.915,4.0,2.665,4.335,4.75,3.455,2.5
,1006.0,9590.0,5.0,2.0,65.0,80.7,19965.0,19.0,,0.0,39.0,2.0,3.0,2.0,1.0,16.0,1.0,3.0,1.0,4.0,,5.0,5.0,4.835,4.17,4.665,4.835,4.0
1.0,5700.0,2880.0,7.0,2.0,47.0,38.8,,,,0.0,30.0,2.0,1.0,1.0,1.0,11.0,0.0,5.0,1.0,4.0,4.0,3.3325,3.0,2.9175,5.0825,4.8325,3.6225,2.5
1.0,5520.0,9470.0,1.0,2.0,32.0,38.2,50820.0,24.0,80.0,52.0,46.0,2.0,1.0,1.0,1.0,12.0,1.0,1.0,2.0,4.0,1.0,3.665,4.335,3.335,4.665,5.335,4.0,2.0
,5700.0,,5.0,2.0,47.0,38.8,,,,0.0,75.0,2.0,1.0,1.0,1.0,14.0,2.0,1.0,3.0,4.0,4.0,3.3325,3.0,2.9175,5.0825,4.8325,3.6225,2.5
,230.0,7860.0,5.0,2.0,59.0,75.5,,,,0.0,84.0,1.0,1.0,1.0,1.0,17.0,4.0,2.0,3.0,4.0,4.0,5.7524999999999995,6.0825,5.25,6.25,3.915,5.3325,4.5
,8320.0,1590.0,5.0,2.0,32.0,13.2,,,,0.0,71.0,2.0,1.0,1.0,1.0,12.0,0.0,1.0,1.0,4.0,,2.0,2.33,1.67,2.67,4.33,2.17,2.0
,5600.0,590.0,5.0,2.0,40.0,49.4,,,,0.0,66.0,1.0,1.0,1.0,1.0,18.0,4.0,3.0,3.0,4.0,4.0,4.0,5.33,3.0,4.33,4.67,4.5,2.0
,4220.0,7070.0,5.0,2.0,24.0,20.7,,,,0.0,69.0,1.0,1.0,1.0,1.0,13.0,1.0,1.0,2.0,4.0,4.0,1.67,2.0,1.33,4.33,3.0,2.0,3.0
,1020.0,7380.0,5.0,2.0,60.0,87.9,,,,0.0,58.0,1.0,1.0,1.0,2.0,16.0,3.0,1.0,0.0,4.0,,5.0,5.0,4.67,4.33,5.0,5.0,4.0
3.0,1530.0,3490.0,1.0,2.0,70.0,86.1,36300.0,22.0,46.0,52.0,57.0,1.0,1.0,1.0,1.0,16.0,3.0,5.0,0.0,3.0,,5.636363636363637,5.484545454545454,5.211818181818182,3.4545454545454546,4.271818181818182,5.531818181818182,4.181818181818182
2.0,4760.0,5390.0,7.0,2.0,31.0,39.7,,,,0.0,21.0,2.0,3.0,2.0,1.0,14.0,1.0,5.0,1.0,3.0,,3.0,3.0,2.67,5.0,4.0,2.33,2.0
2.0,5620.0,5080.0,2.0,2.0,25.0,23.8,6806.25,12.0,22.0,,24.0,2.0,2.0,1.0,1.0,14.0,2.0,5.0,0.0,3.0,4.0,2.0,2.83,1.83,4.5,4.25,2.29,2.0
2.0,430.0,7690.0,1.0,2.0,39.0,67.7,1996.5,5.0,50.0,47.0,31.0,2.0,1.0,1.0,1.0,15.0,2.0,4.0,4.0,3.0,4.0,5.5,5.29125,4.875,4.8325,4.375,5.04125,4.0
,3649.0,8090.0,8.0,2.0,53.0,30.0,8621.25,14.0,,52.0,25.0,1.0,1.0,5.0,1.0,12.0,1.0,5.0,0.0,3.0,,4.0,2.67,3.0,4.0,4.67,3.5,3.0
3.0,3649.0,8190.0,7.0,2.0,53.0,30.0,4991.25,10.0,,0.0,40.0,2.0,1.0,1.0,1.0,13.0,1.0,4.0,4.0,3.0,,4.0,2.67,3.0,4.0,4.67,3.5,3.0
,8965.0,1090.0,5.0,2.0,35.0,26.8,,,,0.0,73.0,1.0,1.0,1.0,1.0,18.0,3.0,3.0,0.0,3.0,,3.0,3.443333333333334,2.776666666666667,3.556666666666666,4.556666666666667,3.276666666666667,2.0
2.0,9640.0,4880.0,1.0,2.0,22.0,14.8,16335.0,18.0,50.0,52.0,49.0,1.0,1.0,1.0,1.0,13.0,1.0,1.0,2.0,3.0,,1.67,2.0,1.33,4.33,3.0,1.67,2.0
,220.0,770.0,8.0,1.0,53.0,59.1,6806.25,12.0,,35.0,41.0,2.0,2.0,1.0,1.0,14.0,2.0,3.0,5.0,3.0,4.0,5.33,5.67,4.67,5.0,5.33,5.83,4.0
1.0,9000.0,6390.0,1.0,2.0,45.0,46.6,,,40.0,52.0,40.0,2.0,1.0,1.0,1.0,14.0,2.0,3.0,3.0,3.0,4.0,4.5,5.415,4.25,4.9975000000000005,5.0825,4.2075,2.4
2.0,9620.0,2670.0,1.0,2.0,25.0,23.3,11797.5,16.0,69.0,52.0,26.0,1.0,1.0,1.0,1.0,10.0,0.0,1.0,1.0,3.0,,2.0,2.0,2.0,4.33,4.33,2.17,2.0
2.0,4110.0,8680.0,7.0,2.0,31.0,19.6,,,,0.0,27.0,2.0,3.0,2.0,1.0,12.0,1.0,1.0,1.0,3.0,4.0,2.33,2.33,2.0,6.0,3.33,2.0,2.0
2.0,3645.0,7970.0,1.0,2.0,51.0,28.7,,,40.0,52.0,37.0,2.0,1.0,1.0,1.0,13.0,1.0,1.0,2.0,3.0,4.0,4.67,3.33,3.33,5.67,5.67,4.17,3.0
,9130.0,6170.0,8.0,2.0,35.0,32.0,,,,0.0,43.0,1.0,3.0,1.0,1.0,12.0,1.0,1.0,2.0,3.0,4.0,2.223333333333333,3.6666666666666665,2.11,2.8866666666666667,4.556666666666667,3.056666666666666,2.0
3.0,5610.0,6390.0,1.0,2.0,35.0,23.7,5898.75,11.0,35.0,52.0,36.0,1.0,1.0,1.0,1.0,17.0,4.0,5.0,3.0,3.0,,2.67,3.0,2.67,5.33,4.33,2.83,2.0
,3645.0,7970.0,8.0,2.0,51.0,28.7,,,,0.0,46.0,2.0,1.0,1.0,1.0,13.0,1.0,3.0,2.0,3.0,,4.67,3.33,3.33,5.67,5.67,4.17,3.0
4.0,6600.0,770.0,7.0,2.0,27.0,19.7,,,,0.0,61.0,2.0,1.0,1.0,1.0,11.0,0.0,2.0,3.0,3.0,,2.0,2.443333333333334,1.945,4.223333333333334,4.165,2.4983333333333335,2.0
,530.0,8270.0,5.0,2.0,42.0,59.9,,,,0.0,54.0,2.0,1.0,1.0,1.0,14.0,1.0,3.0,1.0,3.0,4.0,4.0,4.67,4.0,4.67,4.67,5.0,4.0
,8220.0,3190.0,5.0,2.0,44.0,25.1,,,,,73.0,2.0,2.0,1.0,1.0,12.0,1.0,2.0,2.0,3.0,,,,,,,,
,8965.0,3990.0,,2.0,35.0,26.8,,,,15.0,55.0,1.0,1.0,1.0,1.0,12.0,1.0,1.0,0.0,3.0,4.0,3.0,3.443333333333334,2.776666666666667,3.556666666666666,4.556666666666667,3.276666666666667,2.0
,7140.0,6290.0,5.0,2.0,56.0,53.6,,,,40.0,63.0,1.0,1.0,1.0,1.0,9.0,1.0,1.0,1.0,3.0,4.0,4.0,3.67,3.33,4.33,6.0,4.67,3.0
2.0,4230.0,7690.0,3.0,1.0,25.0,12.6,,,,0.0,47.0,2.0,1.0,1.0,1.0,8.0,0.0,2.0,6.0,3.0,,1.67,2.0,1.0,5.33,2.67,1.67,2.0
1.0,4110.0,8680.0,7.0,2.0,31.0,19.6,,,,24.0,31.0,2.0,3.0,1.0,1.0,12.0,1.0,1.0,4.0,3.0,,2.33,2.33,2.0,6.0,3.33,2.0,2.0
2.0,,,7.0,,,,,,,36.0,20.0,1.0,3.0,1.0,1.0,12.0,1.0,5.0,0.0,3.0,4.0,,,,,,,
2.0,8220.0,2370.0,1.0,2.0,44.0,25.1,,,40.0,14.0,35.0,1.0,1.0,1.0,1.0,12.0,1.0,3.0,4.0,3.0,,,,,,,,
2.0,4760.0,5390.0,7.0,2.0,31.0,39.7,,,,0.0,34.0,2.0,1.0,1.0,1.0,12.0,1.0,1.0,1.0,3.0,4.0,3.0,3.0,2.67,5.0,4.0,2.33,2.0
2.0,8650.0,5580.0,1.0,2.0,27.0,27.7,,,32.0,0.0,42.0,1.0,1.0,1.0,1.0,12.0,1.0,5.0,2.0,3.0,,2.1133333333333333,2.556666666666666,2.1133333333333333,3.6633333333333336,4.776666666666666,2.5533333333333332,2.0
4.0,4940.0,3190.0,2.0,2.0,18.0,30.3,4991.25,10.0,20.0,38.0,26.0,2.0,1.0,2.0,1.0,13.0,1.0,3.0,2.0,3.0,4.0,3.33,2.67,2.33,3.67,3.67,1.83,2.0
2.0,4250.0,9160.0,1.0,2.0,37.0,18.6,8621.25,14.0,37.0,52.0,55.0,1.0,1.0,1.0,1.0,11.0,0.0,5.0,0.0,3.0,,2.4466666666666668,3.3333333333333335,2.223333333333333,3.6633333333333336,4.333333333333333,3.11,2.0
2.0,6940.0,470.0,1.0,2.0,32.0,36.7,13612.5,17.0,40.0,52.0,21.0,1.0,3.0,2.0,2.0,12.0,1.0,5.0,1.0,3.0,4.0,1.67,2.0,1.67,2.67,4.33,2.33,2.0
1.0,3600.0,9290.0,2.0,1.0,48.0,24.2,2722.5,7.0,20.0,52.0,64.0,2.0,1.0,1.0,1.0,16.0,3.0,1.0,3.0,3.0,4.0,2.915,3.0,2.3325,5.0825,4.6675,3.125,2.25
,2720.0,8590.0,8.0,2.0,65.0,59.4,,,,0.0,68.0,2.0,1.0,1.0,1.0,15.0,2.0,3.0,3.0,3.0,4.0,5.890000000000001,4.886666666666667,4.556666666666667,5.113333333333333,4.113333333333333,3.89,2.6666666666666665
1.0,9140.0,6190.0,1.0,2.0,26.0,28.5,9982.5,15.0,41.0,52.0,43.0,2.0,1.0,1.0,1.0,6.0,0.0,1.0,2.0,3.0,,,,,,,,2.0
,9130.0,6890.0,5.0,2.0,35.0,32.0,,,,0.0,73.0,1.0,1.0,1.0,1.0,12.0,1.0,1.0,2.0,3.0,1.0,2.223333333333333,3.6666666666666665,2.11,2.8866666666666667,4.556666666666667,3.056666666666666,2.0
2.0,9130.0,6170.0,1.0,2.0,35.0,32.0,16335.0,18.0,48.0,50.0,28.0,1.0,3.0,1.0,1.0,14.0,1.0,1.0,0.0,3.0,4.0,2.223333333333333,3.6666666666666665,2.11,2.8866666666666667,4.556666666666667,3.056666666666666,2.0
1.0,4720.0,5090.0,2.0,2.0,28.0,21.6,24502.5,20.0,25.0,52.0,38.0,2.0,1.0,1.0,1.0,12.0,1.0,3.0,5.0,3.0,4.0,2.5,2.835,2.0,4.5,4.0,2.335,2.0
,2810.0,6480.0,8.0,2.0,54.0,72.5,,,,0.0,59.0,2.0,3.0,1.0,1.0,6.0,0.0,3.0,3.0,3.0,,5.67,5.17,5.5,4.83,3.67,4.75,4.0
,430.0,370.0,5.0,2.0,39.0,67.7,,,,0.0,77.0,2.0,1.0,1.0,1.0,14.0,1.0,2.0,0.0,3.0,,5.5,5.29125,4.875,4.8325,4.375,5.04125,4.0
,5700.0,8090.0,5.0,2.0,47.0,38.8,9982.5,15.0,,48.0,63.0,2.0,1.0,1.0,1.0,12.0,1.0,3.0,0.0,3.0,4.0,3.3325,3.0,2.9175,5.0825,4.8325,3.6225,2.5
1.0,2310.0,7860.0,1.0,2.0,61.0,80.9,16335.0,18.0,40.0,40.0,34.0,2.0,1.0,1.0,1.0,16.0,3.0,1.0,2.0,3.0,1.0,5.333333333333333,5.33,4.22,6.22,4.22,4.78,4.0
,4140.0,8680.0,8.0,2.0,20.0,10.6,,,,0.0,54.0,2.0,1.0,1.0,2.0,14.0,2.0,3.0,2.0,3.0,4.0,1.67,2.0,1.67,4.0,2.67,1.5,2.0
,1965.0,190.0,5.0,2.0,43.0,55.1,,,,0.0,64.0,1.0,3.0,1.0,1.0,14.0,2.0,1.0,1.0,3.0,1.0,4.221666666666667,4.278333333333333,3.6666666666666665,3.776666666666667,4.776666666666666,4.193333333333333,3.2857142857142856
2.0,8600.0,570.0,1.0,2.0,60.0,65.2,43560.0,23.0,48.0,52.0,40.0,1.0,1.0,1.0,1.0,18.0,4.0,1.0,1.0,3.0,4.0,3.776666666666667,4.0,3.3366666666666664,4.446666666666666,6.0,4.056666666666667,2.6666666666666665
,3500.0,8180.0,8.0,2.0,69.0,46.6,,,,0.0,61.0,2.0,1.0,1.0,1.0,13.0,1.0,4.0,3.0,3.0,4.0,5.33,5.0,4.0,6.33,5.67,4.33,3.0
2.0,8830.0,7580.0,1.0,2.0,35.0,34.5,9982.5,15.0,40.0,52.0,56.0,2.0,1.0,1.0,1.0,14.0,1.0,3.0,3.0,3.0,4.0,3.0,3.67,2.33,3.33,3.67,3.0,2.0
1.0,3255.0,7860.0,1.0,2.0,64.0,84.2,13612.5,17.0,40.0,36.0,48.0,2.0,1.0,1.0,1.0,15.0,2.0,1.0,2.0,3.0,2.0,5.3340000000000005,4.934,4.8,6.066,5.734,5.1,4.4
1.0,6050.0,180.0,1.0,1.0,27.0,14.0,,,,,26.0,1.0,1.0,1.0,1.0,14.0,1.0,1.0,1.0,3.0,,2.3333333333333335,2.443333333333334,1.6133333333333333,2.8866666666666667,3.8866666666666663,2.17,2.0
1.0,205.0,180.0,1.0,2.0,46.0,39.9,24502.5,20.0,65.0,52.0,42.0,1.0,1.0,1.0,1.0,12.0,1.0,1.0,0.0,3.0,,4.89,5.22,4.44,4.66,3.22,4.67,4.0
2.0,6840.0,380.0,7.0,2.0,40.0,42.2,,,,0.0,55.0,2.0,1.0,1.0,1.0,12.0,1.0,3.0,1.0,3.0,,2.0,2.0,2.0,3.67,5.33,3.33,2.0
1.0,1105.0,7860.0,1.0,2.0,61.0,74.8,13612.5,17.0,40.0,40.0,37.0,1.0,1.0,1.0,1.0,18.0,3.0,1.0,2.0,3.0,,4.67,4.33,4.67,4.0,5.33,5.5,4.0
,,,6.0,,,,,,,0.0,18.0,2.0,1.0,1.0,2.0,11.0,0.0,5.0,0.0,3.0,4.0,,,,,,,
2.0,4720.0,5090.0,1.0,2.0,28.0,21.6,16335.0,18.0,56.0,52.0,32.0,1.0,1.0,1.0,1.0,12.0,1.0,5.0,0.0,3.0,4.0,2.5,2.835,2.0,4.5,4.0,2.335,2.0
1.0,5700.0,7860.0,1.0,2.0,47.0,38.8,97883.49087,26.0,40.0,,56.0,2.0,1.0,1.0,1.0,12.0,1.0,1.0,1.0,3.0,,3.3325,3.0,2.9175,5.0825,4.8325,3.6225,2.5
1.0,4760.0,4680.0,1.0,2.0,31.0,39.7,58080.0,25.0,40.0,52.0,44.0,1.0,1.0,1.0,1.0,16.0,3.0,1.0,4.0,3.0,4.0,3.0,3.0,2.67,5.0,4.0,2.33,2.0
1.0,4850.0,4170.0,1.0,2.0,45.0,62.0,97883.49087,26.0,60.0,52.0,51.0,1.0,1.0,1.0,1.0,16.0,2.0,1.0,2.0,3.0,,4.89,4.89,3.78,4.553333333333334,3.78,4.613333333333333,3.6666666666666665
1.0,230.0,7860.0,1.0,2.0,59.0,75.5,24502.5,20.0,45.0,44.0,62.0,2.0,1.0,1.0,1.0,19.0,4.0,3.0,2.0,3.0,4.0,5.7524999999999995,6.0825,5.25,6.25,3.915,5.3325,4.5
1.0,205.0,170.0,1.0,1.0,46.0,39.9,5898.75,11.0,60.0,52.0,35.0,1.0,1.0,1.0,1.0,14.0,1.0,1.0,0.0,3.0,4.0,4.89,5.22,4.44,4.66,3.22,4.67,4.0
1.0,3255.0,8290.0,1.0,2.0,64.0,84.2,36300.0,22.0,40.0,52.0,35.0,2.0,1.0,1.0,1.0,16.0,2.0,5.0,2.0,3.0,4.0,5.3340000000000005,4.934,4.8,6.066,5.734,5.1,4.4
,3850.0,9470.0,5.0,2.0,60.0,65.3,,,,52.0,75.0,1.0,1.0,1.0,1.0,16.0,3.0,1.0,4.0,3.0,,5.67,5.67,5.17,5.67,5.67,4.75,3.0
2.0,6320.0,470.0,1.0,2.0,42.0,31.0,24502.5,20.0,72.0,52.0,60.0,1.0,1.0,2.0,1.0,12.0,1.0,1.0,2.0,3.0,,3.33,3.0,2.67,4.0,5.0,3.67,2.0
1.0,160.0,6390.0,1.0,1.0,44.0,52.5,11797.5,16.0,40.0,52.0,37.0,1.0,2.0,1.0,1.0,16.0,3.0,5.0,0.0,3.0,4.0,4.44,5.22,4.22,5.33,4.78,5.17,4.0
2.0,,370.0,1.0,1.0,,,,,60.0,52.0,41.0,1.0,1.0,1.0,1.0,16.0,2.0,1.0,2.0,3.0,4.0,,,,,,,
2.0,3255.0,8270.0,1.0,2.0,64.0,84.2,19965.0,19.0,40.0,52.0,58.0,1.0,1.0,1.0,1.0,15.0,2.0,1.0,2.0,3.0,4.0,5.3340000000000005,4.934,4.8,6.066,5.734,5.1,4.4
2.0,10.0,9170.0,1.0,2.0,72.0,77.4,29947.5,21.0,50.0,52.0,43.0,2.0,1.0,1.0,1.0,17.0,3.0,3.0,2.0,3.0,,6.5,6.835,6.5,5.0,4.33,6.33,5.0
1.0,3850.0,9470.0,1.0,2.0,60.0,65.3,29947.5,21.0,40.0,50.0,31.0,1.0,1.0,1.0,1.0,16.0,3.0,1.0,1.0,3.0,4.0,5.67,5.67,5.17,5.67,5.67,4.75,3.0
1.0,7350.0,370.0,1.0,2.0,30.0,37.3,43560.0,23.0,65.0,52.0,46.0,1.0,1.0,1.0,1.0,12.0,1.0,1.0,2.0,3.0,4.0,3.33,5.0,2.33,4.0,5.67,3.83,3.0
1.0,8740.0,580.0,1.0,2.0,39.0,38.1,,,60.0,52.0,39.0,1.0,3.0,2.0,1.0,12.0,1.0,1.0,2.0,3.0,4.0,2.33,2.33,1.67,3.0,4.33,2.83,2.0
2.0,1020.0,7380.0,1.0,2.0,60.0,87.9,50820.0,24.0,40.0,52.0,35.0,1.0,1.0,1.0,1.0,13.0,1.0,1.0,3.0,3.0,,5.0,5.0,4.67,4.33,5.0,5.0,4.0
1.0,5310.0,8190.0,2.0,2.0,50.0,38.3,1633.5,4.0,35.0,36.0,20.0,1.0,1.0,5.0,1.0,15.0,1.0,5.0,0.0,3.0,4.0,2.33,3.67,2.0,5.67,5.0,3.67,3.0
,5160.0,6870.0,5.0,2.0,39.0,20.8,,,,0.0,73.0,2.0,1.0,2.0,1.0,12.0,1.0,1.0,2.0,3.0,4.0,3.0,3.67,2.33,6.0,5.0,3.33,2.0
2.0,4700.0,5790.0,1.0,2.0,38.0,43.0,50820.0,24.0,50.0,50.0,35.0,1.0,1.0,1.0,1.0,19.0,2.0,1.0,0.0,3.0,,3.67,4.67,3.67,4.33,4.0,4.0,2.0
1.0,3255.0,8190.0,2.0,2.0,64.0,84.2,,,24.0,,63.0,2.0,3.0,2.0,1.0,16.0,2.0,3.0,4.0,3.0,,5.3340000000000005,4.934,4.8,6.066,5.734,5.1,4.4
,10.0,7870.0,5.0,2.0,72.0,77.4,,,,0.0,83.0,2.0,1.0,1.0,1.0,16.0,4.0,1.0,2.0,3.0,4.0,6.5,6.835,6.5,5.0,4.33,6.33,5.0
2.0,6260.0,770.0,4.0,2.0,28.0,25.2,11797.5,16.0,,40.0,65.0,1.0,1.0,1.0,1.0,12.0,1.0,3.0,,3.0,,2.33,2.67,1.67,4.0,4.33,3.17,2.0
,2320.0,7860.0,5.0,2.0,64.0,82.5,16335.0,18.0,,33.0,58.0,2.0,1.0,1.0,1.0,19.0,4.0,1.0,3.0,2.0,4.0,5.5,5.165,4.165,6.5,4.5,5.08,4.0
,4720.0,5390.0,5.0,2.0,28.0,21.6,,,,0.0,81.0,2.0,1.0,1.0,1.0,13.0,1.0,2.0,6.0,2.0,,2.5,2.835,2.0,4.5,4.0,2.335,2.0
,8810.0,8770.0,8.0,2.0,32.0,26.2,,,,0.0,61.0,1.0,1.0,1.0,1.0,12.0,1.0,3.0,2.0,2.0,4.0,2.165,2.335,2.165,2.335,4.5,2.085,2.0
2.0,205.0,170.0,1.0,1.0,46.0,39.9,16335.0,18.0,30.0,52.0,65.0,1.0,1.0,1.0,1.0,12.0,1.0,1.0,2.0,2.0,,4.89,5.22,4.44,4.66,3.22,4.67,4.0
2.0,4760.0,4890.0,1.0,1.0,31.0,39.7,4083.75,9.0,40.0,50.0,68.0,1.0,,1.0,1.0,12.0,1.0,2.0,3.0,2.0,4.0,3.0,3.0,2.67,5.0,4.0,2.33,2.0
,5120.0,770.0,5.0,2.0,45.0,38.3,11797.5,16.0,,24.0,69.0,2.0,1.0,1.0,1.0,14.0,1.0,3.0,2.0,2.0,4.0,3.67,3.67,3.0,4.67,5.0,3.67,3.0
2.0,8740.0,5090.0,1.0,2.0,39.0,38.1,11797.5,16.0,42.0,48.0,55.0,2.0,1.0,1.0,1.0,12.0,1.0,3.0,2.0,2.0,4.0,2.33,2.33,1.67,3.0,4.33,2.83,2.0
,5700.0,670.0,5.0,2.0,47.0,38.8,,,,0.0,70.0,2.0,1.0,1.0,1.0,14.0,1.0,3.0,1.0,2.0,4.0,3.3325,3.0,2.9175,5.0825,4.8325,3.6225,2.5
1.0,2320.0,7860.0,1.0,2.0,64.0,82.5,29947.5,21.0,72.0,52.0,57.0,2.0,1.0,1.0,1.0,19.0,4.0,5.0,0.0,2.0,,5.5,5.165,4.165,6.5,4.5,5.08,4.0
2.0,7220.0,770.0,1.0,2.0,45.0,39.2,13612.5,17.0,40.0,52.0,70.0,1.0,1.0,1.0,1.0,14.0,1.0,1.0,0.0,2.0,4.0,3.443333333333334,4.0,2.89,3.3333333333333335,5.11,3.61,2.6666666666666665
,5120.0,170.0,5.0,2.0,45.0,38.3,,,,0.0,67.0,2.0,1.0,1.0,1.0,10.0,1.0,2.0,2.0,2.0,4.0,3.67,3.67,3.0,4.67,5.0,3.67,3.0
,5160.0,6870.0,5.0,2.0,39.0,20.8,,,,0.0,71.0,2.0,1.0,1.0,1.0,13.0,2.0,2.0,3.0,2.0,4.0,3.0,3.67,2.33,6.0,5.0,3.33,2.0
1.0,3600.0,8180.0,1.0,2.0,48.0,24.2,36300.0,22.0,36.0,50.0,46.0,2.0,3.0,2.0,2.0,15.0,2.0,1.0,3.0,2.0,4.0,2.915,3.0,2.3325,5.0825,4.6675,3.125,2.25
,9130.0,6170.0,8.0,2.0,35.0,32.0,,,,0.0,52.0,1.0,1.0,1.0,1.0,9.0,1.0,1.0,4.0,2.0,,2.223333333333333,3.6666666666666665,2.11,2.8866666666666667,4.556666666666667,3.056666666666666,2.0
,,,,,,,16335.0,18.0,,,54.0,2.0,3.0,1.0,2.0,16.0,4.0,1.0,0.0,2.0,,,,,,,,
1.0,205.0,170.0,1.0,1.0,46.0,39.9,97883.49087,26.0,55.0,52.0,59.0,1.0,1.0,1.0,1.0,14.0,1.0,1.0,3.0,2.0,4.0,4.89,5.22,4.44,4.66,3.22,4.67,4.0
2.0,2300.0,8470.0,7.0,2.0,53.0,41.1,5898.75,11.0,,40.0,24.0,2.0,1.0,1.0,1.0,15.0,3.0,1.0,1.0,2.0,4.0,5.0,4.665,3.665,6.5,3.67,4.335,3.5
,7350.0,490.0,5.0,2.0,30.0,37.3,,,,0.0,68.0,1.0,1.0,1.0,1.0,12.0,1.0,5.0,0.0,2.0,4.0,3.33,5.0,2.33,4.0,5.67,3.83,3.0
1.0,5520.0,9470.0,1.0,2.0,32.0,38.2,9982.5,15.0,40.0,52.0,35.0,1.0,3.0,1.0,1.0,15.0,2.0,1.0,5.0,2.0,4.0,3.665,4.335,3.335,4.665,5.335,4.0,2.0
1.0,205.0,170.0,1.0,1.0,46.0,39.9,,,75.0,36.0,82.0,2.0,1.0,1.0,1.0,12.0,1.0,1.0,2.0,2.0,,4.89,5.22,4.44,4.66,3.22,4.67,4.0
,5700.0,7270.0,5.0,2.0,47.0,38.8,,,,0.0,82.0,2.0,1.0,1.0,1.0,12.0,1.0,5.0,0.0,2.0,,3.3325,3.0,2.9175,5.0825,4.8325,3.6225,2.5
2.0,4110.0,8680.0,4.0,2.0,31.0,19.6,3267.0,8.0,,40.0,55.0,1.0,1.0,1.0,1.0,11.0,1.0,5.0,0.0,2.0,4.0,2.33,2.33,2.0,6.0,3.33,2.0,2.0
,,,7.0,,,,,,,0.0,31.0,2.0,1.0,2.0,2.0,12.0,1.0,1.0,2.0,2.0,4.0,,,,,,,
2.0,4760.0,5070.0,2.0,2.0,31.0,39.7,,,0.0,48.0,46.0,2.0,3.0,2.0,2.0,13.0,1.0,1.0,3.0,2.0,4.0,3.0,3.0,2.67,5.0,4.0,2.33,2.0
,7200.0,3570.0,8.0,2.0,45.0,31.2,,,,0.0,58.0,1.0,1.0,1.0,1.0,15.0,1.0,3.0,4.0,2.0,,3.67,4.33,3.0,3.83,4.33,3.58,3.0
3.0,8740.0,2190.0,7.0,2.0,39.0,38.1,,,,30.0,71.0,1.0,1.0,1.0,1.0,14.0,2.0,2.0,3.0,2.0,4.0,2.33,2.33,1.67,3.0,4.33,2.83,2.0
2.0,205.0,180.0,1.0,1.0,46.0,39.9,9982.5,15.0,40.0,48.0,60.0,1.0,1.0,1.0,1.0,19.0,4.0,5.0,0.0,2.0,4.0,4.89,5.22,4.44,4.66,3.22,4.67,4.0
1.0,4810.0,6990.0,1.0,1.0,47.0,57.8,50820.0,24.0,45.0,50.0,40.0,1.0,1.0,1.0,1.0,16.0,3.0,1.0,4.0,2.0,4.0,5.0,5.33,3.67,5.33,4.67,3.83,4.0
,7220.0,770.0,5.0,2.0,45.0,39.2,,,,0.0,68.0,1.0,1.0,1.0,1.0,14.0,2.0,3.0,3.0,2.0,,3.443333333333334,4.0,2.89,3.3333333333333335,5.11,3.61,2.6666666666666665
1.0,7330.0,580.0,1.0,2.0,38.0,42.8,24502.5,20.0,40.0,52.0,30.0,1.0,1.0,2.0,1.0,12.0,1.0,1.0,2.0,2.0,4.0,3.0,4.5,2.5,3.5,5.67,3.42,2.5
,3600.0,8270.0,5.0,2.0,48.0,24.2,,,,0.0,85.0,2.0,1.0,1.0,1.0,13.0,1.0,2.0,2.0,2.0,4.0,2.915,3.0,2.3325,5.0825,4.6675,3.125,2.25
2.0,5700.0,7870.0,7.0,2.0,47.0,38.8,,,,0.0,35.0,2.0,3.0,2.0,2.0,16.0,3.0,1.0,2.0,2.0,4.0,3.3325,3.0,2.9175,5.0825,4.8325,3.6225,2.5
,5120.0,4890.0,5.0,2.0,45.0,38.3,,,,0.0,89.0,2.0,1.0,1.0,1.0,12.0,1.0,2.0,7.0,2.0,4.0,3.67,3.67,3.0,4.67,5.0,3.67,3.0
,2440.0,6770.0,5.0,1.0,36.0,34.6,,,,0.0,75.0,2.0,1.0,1.0,1.0,13.0,1.0,1.0,2.0,2.0,2.0,3.0,3.67,2.33,5.33,4.67,4.0,3.0
1.0,6260.0,770.0,2.0,1.0,28.0,25.2,13612.5,17.0,20.0,20.0,54.0,1.0,1.0,1.0,1.0,17.0,3.0,3.0,0.0,2.0,4.0,2.33,2.67,1.67,4.0,4.33,3.17,2.0
,50.0,3960.0,5.0,2.0,53.0,73.9,,,,0.0,61.0,1.0,1.0,1.0,1.0,19.0,4.0,3.0,2.0,2.0,4.0,5.665,5.67,5.0,4.835,5.165,5.835,4.0
,4020.0,8680.0,5.0,2.0,33.0,13.6,29947.5,21.0,,7.0,63.0,1.0,1.0,1.0,1.0,12.0,1.0,1.0,2.0,2.0,2.0,2.732,3.665999999999999,2.268,4.066,3.6,2.6,2.2
,8500.0,3890.0,5.0,2.0,42.0,27.1,,,,0.0,67.0,1.0,1.0,1.0,1.0,14.0,1.0,1.0,0.0,2.0,4.0,3.33,3.33,2.67,4.33,3.67,3.17,2.0
1.0,3255.0,8090.0,1.0,2.0,64.0,84.2,29947.5,21.0,45.0,52.0,29.0,2.0,1.0,1.0,1.0,15.0,3.0,1.0,1.0,2.0,,5.3340000000000005,4.934,4.8,6.066,5.734,5.1,4.4
2.0,4850.0,3190.0,1.0,2.0,45.0,62.0,,,40.0,50.0,55.0,1.0,1.0,1.0,1.0,16.0,3.0,5.0,0.0,2.0,4.0,4.89,4.89,3.78,4.553333333333334,3.78,4.613333333333333,3.6666666666666665
1.0,20.0,4680.0,1.0,2.0,50.0,68.6,97883.49087,26.0,50.0,52.0,48.0,2.0,1.0,1.0,1.0,14.0,2.0,1.0,2.0,2.0,,5.33,6.0,5.67,6.33,4.67,6.0,4.0
1.0,1350.0,2170.0,1.0,2.0,71.0,87.6,24502.5,20.0,40.0,52.0,25.0,1.0,1.0,1.0,1.0,16.0,3.0,5.0,0.0,2.0,,5.33,5.33,5.67,4.0,4.0,5.33,4.0
,4700.0,4880.0,5.0,1.0,38.0,43.0,,,,0.0,62.0,1.0,1.0,1.0,1.0,15.0,2.0,3.0,1.0,2.0,,3.67,4.67,3.67,4.33,4.0,4.0,2.0
1.0,1360.0,770.0,1.0,2.0,65.0,85.2,50820.0,24.0,45.0,52.0,62.0,1.0,1.0,1.0,1.0,16.0,3.0,3.0,4.0,2.0,4.0,5.33,5.5,5.33,4.0,5.0,5.25,4.0
1.0,2340.0,9370.0,1.0,2.0,38.0,59.1,24502.5,20.0,40.0,52.0,38.0,2.0,1.0,1.0,1.0,16.0,3.0,5.0,1.0,2.0,4.0,5.0,5.446666666666666,4.11,6.0,3.0,4.28,3.5
2.0,7700.0,2990.0,1.0,2.0,50.0,46.5,19965.0,19.0,44.0,52.0,47.0,1.0,1.0,1.0,1.0,15.0,2.0,3.0,1.0,2.0,,5.0,5.67,4.67,5.0,5.33,4.67,3.0
,5250.0,9480.0,5.0,2.0,50.0,52.9,,,,0.0,74.0,1.0,1.0,1.0,1.0,16.0,3.0,1.0,2.0,2.0,3.0,3.67,4.33,3.33,5.0,4.67,4.17,3.0
,220.0,770.0,5.0,1.0,53.0,59.1,,,,0.0,65.0,1.0,1.0,1.0,1.0,14.0,2.0,1.0,3.0,2.0,2.0,5.33,5.67,4.67,5.0,5.33,5.83,4.0
,5240.0,770.0,5.0,2.0,31.0,37.6,,,,0.0,74.0,2.0,1.0,1.0,1.0,12.0,1.0,1.0,3.0,2.0,,3.835,4.0,3.335,6.165,4.5,3.58,2.5
,5700.0,2880.0,5.0,2.0,47.0,38.8,,,,0.0,83.0,2.0,1.0,1.0,1.0,12.0,1.0,1.0,2.0,2.0,,3.3325,3.0,2.9175,5.0825,4.8325,3.6225,2.5
,5110.0,7280.0,5.0,2.0,40.0,33.4,,,,,59.0,2.0,1.0,1.0,1.0,12.0,1.0,2.0,2.0,2.0,4.0,2.67,4.0,2.67,4.5,4.5,3.08,3.0
,4700.0,4980.0,5.0,2.0,38.0,43.0,,,,0.0,69.0,2.0,1.0,1.0,1.0,13.0,2.0,2.0,3.0,2.0,4.0,3.67,4.67,3.67,4.33,4.0,4.0,2.0
4.0,,,4.0,,,,,,,,23.0,1.0,1.0,1.0,1.0,16.0,3.0,5.0,0.0,2.0,4.0,,,,,,,
,8100.0,3170.0,8.0,2.0,36.0,26.1,,,,0.0,63.0,1.0,1.0,1.0,1.0,16.0,2.0,5.0,0.0,2.0,,2.0,2.67,2.0,2.835,4.835,2.415,2.0
3.0,5240.0,5080.0,1.0,2.0,31.0,37.6,16335.0,18.0,50.0,52.0,50.0,2.0,3.0,2.0,1.0,14.0,2.0,1.0,1.0,2.0,,3.835,4.0,3.335,6.165,4.5,3.58,2.5
1.0,8350.0,8880.0,2.0,1.0,42.0,26.5,1996.5,5.0,15.0,50.0,60.0,2.0,1.0,1.0,2.0,20.0,4.0,2.0,0.0,2.0,4.0,3.33,4.165,2.335,3.33,3.17,3.085,2.0
,,,8.0,,,,,,,0.0,18.0,2.0,1.0,1.0,1.0,11.0,0.0,5.0,0.0,2.0,4.0,,,,,,,
1.0,7200.0,8770.0,1.0,1.0,45.0,31.2,13612.5,17.0,50.0,50.0,43.0,1.0,1.0,1.0,2.0,14.0,1.0,1.0,8.0,2.0,4.0,3.67,4.33,3.0,3.83,4.33,3.58,3.0
1.0,4850.0,4470.0,1.0,2.0,45.0,62.0,24502.5,20.0,55.0,50.0,39.0,1.0,1.0,1.0,1.0,17.0,3.0,1.0,2.0,2.0,4.0,4.89,4.89,3.78,4.553333333333334,3.78,4.613333333333333,3.6666666666666665
,6200.0,770.0,5.0,2.0,49.0,46.0,726.0,2.0,,0.0,78.0,1.0,1.0,1.0,1.0,16.0,3.0,1.0,3.0,2.0,4.0,5.335,5.67,4.83,4.665,4.335,4.915,3.0
1.0,7200.0,8770.0,1.0,2.0,45.0,31.2,4083.75,9.0,40.0,52.0,36.0,1.0,1.0,1.0,1.0,12.0,1.0,5.0,0.0,2.0,,3.67,4.33,3.0,3.83,4.33,3.58,3.0
2.0,6230.0,770.0,1.0,1.0,44.0,28.7,19965.0,19.0,40.0,40.0,42.0,1.0,1.0,1.0,1.0,9.0,0.0,5.0,0.0,2.0,4.0,3.67,4.33,2.83,3.0,4.83,3.83,2.0
1.0,3255.0,7870.0,2.0,2.0,64.0,84.2,1996.5,5.0,5.0,5.0,51.0,2.0,1.0,1.0,1.0,14.0,2.0,1.0,2.0,2.0,,5.3340000000000005,4.934,4.8,6.066,5.734,5.1,4.4
1.0,9620.0,4970.0,7.0,1.0,25.0,23.3,,,,0.0,76.0,2.0,1.0,1.0,2.0,11.0,1.0,1.0,2.0,2.0,,2.0,2.0,2.0,4.33,4.33,2.17,2.0
2.0,5820.0,7590.0,2.0,1.0,37.0,35.1,1633.5,4.0,25.0,50.0,57.0,2.0,1.0,1.0,1.0,12.0,1.0,3.0,2.0,2.0,4.0,2.0,3.67,2.0,5.0,4.0,2.5,2.0
1.0,420.0,8370.0,1.0,2.0,52.0,67.8,2722.5,7.0,40.0,30.0,33.0,2.0,1.0,1.0,1.0,16.0,3.0,1.0,2.0,2.0,2.0,5.33,5.67,5.0,6.33,4.33,5.5,4.0
,4210.0,7770.0,5.0,1.0,36.0,37.6,,,,0.0,69.0,1.0,1.0,1.0,1.0,12.0,1.0,1.0,2.0,2.0,4.0,4.0,5.33,3.0,5.0,4.0,4.17,3.0
,7340.0,8190.0,8.0,2.0,44.0,36.4,11797.5,16.0,,52.0,64.0,1.0,1.0,1.0,1.0,14.0,2.0,1.0,3.0,2.0,4.0,3.33,4.0,2.67,4.0,5.0,3.67,3.0
,3800.0,9470.0,5.0,2.0,40.0,45.1,5898.75,11.0,,52.0,67.0,1.0,1.0,1.0,1.0,13.0,1.0,3.0,4.0,2.0,,3.665,4.17,3.165,5.165,5.335,3.415,2.5
,20.0,8660.0,5.0,2.0,50.0,68.6,,,,0.0,70.0,2.0,,1.0,1.0,15.0,2.0,2.0,3.0,2.0,4.0,5.33,6.0,5.67,6.33,4.67,6.0,4.0
2.0,5620.0,1880.0,1.0,2.0,25.0,23.8,29947.5,21.0,40.0,48.0,58.0,1.0,1.0,1.0,1.0,12.0,1.0,3.0,2.0,2.0,1.0,2.0,2.83,1.83,4.5,4.25,2.29,2.0
,4950.0,5690.0,5.0,1.0,21.0,32.6,,,,0.0,66.0,1.0,1.0,1.0,1.0,12.0,1.0,5.0,0.0,2.0,,3.67,3.67,2.0,5.0,2.0,2.5,2.0
1.0,5240.0,4690.0,1.0,2.0,31.0,37.6,,,62.0,51.0,53.0,1.0,1.0,1.0,1.0,12.0,1.0,3.0,4.0,2.0,,3.835,4.0,3.335,6.165,4.5,3.58,2.5
,6440.0,770.0,5.0,2.0,43.0,36.2,,,,0.0,70.0,1.0,1.0,1.0,1.0,12.0,1.0,1.0,2.0,2.0,,2.915,4.0,2.665,4.335,4.75,3.455,2.5
,4220.0,7860.0,5.0,2.0,24.0,20.7,,,,0.0,79.0,2.0,1.0,1.0,1.0,13.0,1.0,3.0,1.0,2.0,4.0,1.67,2.0,1.33,4.33,3.0,2.0,3.0
1.0,,,1.0,2.0,,,4083.75,9.0,,,31.0,2.0,1.0,1.0,1.0,11.0,0.0,5.0,2.0,2.0,4.0,,,,,,,
2.0,7700.0,3570.0,1.0,2.0,50.0,46.5,19965.0,19.0,40.0,45.0,26.0,1.0,1.0,1.0,1.0,12.0,1.0,5.0,3.0,2.0,4.0,5.0,5.67,4.67,5.0,5.33,4.67,3.0
1.0,30.0,9370.0,1.0,2.0,58.0,77.4,16335.0,18.0,40.0,52.0,49.0,2.0,3.0,1.0,1.0,17.0,3.0,5.0,6.0,2.0,,5.33,5.0,5.0,5.67,4.0,4.33,4.0
3.0,4600.0,7860.0,7.0,2.0,35.0,21.8,7713.75,13.0,,48.0,26.0,2.0,1.0,1.0,1.0,12.0,1.0,1.0,1.0,2.0,2.0,4.0,4.5,2.5,6.0,3.0,3.33,2.0
2.0,7315.0,770.0,1.0,2.0,45.0,38.8,19965.0,19.0,40.0,52.0,50.0,1.0,1.0,1.0,1.0,14.0,1.0,5.0,2.0,2.0,,3.83,5.33,3.0,4.0,5.5,4.0,3.0
,4230.0,7690.0,5.0,2.0,25.0,12.6,,,,0.0,80.0,2.0,1.0,1.0,1.0,7.0,0.0,2.0,4.0,2.0,4.0,1.67,2.0,1.0,5.33,2.67,1.67,2.0
2.0,3520.0,8070.0,1.0,2.0,60.0,41.4,11797.5,16.0,37.0,52.0,38.0,2.0,1.0,1.0,1.0,12.0,1.0,3.0,2.0,2.0,,3.67,5.33,3.33,5.0,4.33,3.83,3.0
,1550.0,6680.0,5.0,2.0,50.0,57.4,,,,0.0,67.0,1.0,1.0,1.0,1.0,15.0,2.0,1.0,4.0,2.0,4.0,4.528333333333333,4.235,3.9091666666666662,3.7283333333333335,5.1875,4.503333333333333,3.076923076923077
1.0,2720.0,7890.0,2.0,2.0,65.0,59.4,726.0,2.0,12.0,17.0,18.0,1.0,1.0,1.0,1.0,12.0,1.0,5.0,0.0,2.0,,5.890000000000001,4.886666666666667,4.556666666666667,5.113333333333333,4.113333333333333,3.89,2.6666666666666665
2.0,2340.0,6990.0,1.0,2.0,38.0,59.1,24502.5,20.0,40.0,52.0,40.0,2.0,1.0,1.0,1.0,17.0,3.0,1.0,0.0,2.0,,5.0,5.446666666666666,4.11,6.0,3.0,4.28,3.5
3.0,4760.0,4970.0,7.0,2.0,31.0,39.7,4991.25,10.0,,50.0,37.0,2.0,1.0,1.0,1.0,16.0,2.0,1.0,2.0,2.0,4.0,3.0,3.0,2.67,5.0,4.0,2.33,2.0
,4220.0,9470.0,5.0,2.0,24.0,20.7,,,,0.0,70.0,1.0,1.0,1.0,1.0,12.0,1.0,3.0,2.0,2.0,4.0,1.67,2.0,1.33,4.33,3.0,2.0,3.0
2.0,5510.0,8190.0,4.0,2.0,29.0,39.9,11797.5,16.0,,30.0,43.0,2.0,1.0,1.0,1.0,12.0,1.0,5.0,0.0,2.0,4.0,2.0,2.67,2.0,4.0,4.0,2.67,2.0
,3420.0,5390.0,5.0,2.0,55.0,37.2,,,,0.0,68.0,2.0,1.0,1.0,1.0,11.0,1.0,2.0,2.0,2.0,,3.556666666666666,3.4450000000000003,3.2216666666666662,5.4433333333333325,5.166666666666667,3.526666666666667,3.0
2.0,4610.0,8370.0,1.0,2.0,48.0,20.1,6806.25,12.0,45.0,4.0,62.0,2.0,1.0,1.0,1.0,11.0,0.0,3.0,3.0,2.0,4.0,4.0,3.33,2.67,5.67,4.0,3.0,2.0
1.0,3500.0,8470.0,7.0,2.0,69.0,46.6,,,,0.0,44.0,2.0,1.0,2.0,1.0,14.0,2.0,3.0,1.0,2.0,4.0,5.33,5.0,4.0,6.33,5.67,4.33,3.0
,,,8.0,,,,,,,,57.0,2.0,1.0,1.0,1.0,,0.0,5.0,3.0,2.0,,,,,,,,
,8140.0,3570.0,8.0,2.0,38.0,28.4,,,,0.0,55.0,1.0,3.0,1.0,1.0,10.0,0.0,3.0,1.0,2.0,4.0,2.415,3.25,2.25,3.75,5.25,3.0,2.0
,4020.0,7860.0,8.0,1.0,33.0,13.6,,,,4.0,72.0,2.0,1.0,1.0,1.0,10.0,1.0,3.0,3.0,2.0,4.0,2.732,3.665999999999999,2.268,4.066,3.6,2.6,2.2
,4720.0,4970.0,5.0,2.0,28.0,21.6,,,,0.0,65.0,2.0,1.0,1.0,1.0,12.0,1.0,1.0,2.0,2.0,4.0,2.5,2.835,2.0,4.5,4.0,2.335,2.0
1.0,4720.0,4970.0,2.0,2.0,28.0,21.6,726.0,2.0,21.0,0.0,18.0,2.0,1.0,1.0,1.0,9.0,0.0,5.0,0.0,2.0,4.0,2.5,2.835,2.0,4.5,4.0,2.335,2.0
2.0,,,7.0,,,,,,,0.0,,2.0,1.0,1.0,,12.0,1.0,5.0,2.0,2.0,,,,,,,,
2.0,4220.0,9370.0,1.0,2.0,24.0,20.7,7713.75,13.0,40.0,,49.0,2.0,2.0,1.0,1.0,18.0,4.0,5.0,,3.0,,1.67,2.0,1.33,4.33,3.0,2.0,3.0
2.0,4230.0,8590.0,1.0,2.0,25.0,12.6,9982.5,15.0,32.0,48.0,27.0,2.0,2.0,1.0,1.0,14.0,2.0,5.0,2.0,3.0,,1.67,2.0,1.0,5.33,2.67,1.67,2.0
2.0,9620.0,4970.0,2.0,2.0,25.0,23.3,,,27.0,0.0,60.0,1.0,2.0,1.0,1.0,11.0,0.0,5.0,0.0,3.0,4.0,2.0,2.0,2.0,4.33,4.33,2.17,2.0
2.0,5620.0,2290.0,1.0,1.0,25.0,23.8,,,40.0,52.0,40.0,1.0,2.0,1.0,1.0,13.0,1.0,4.0,2.0,3.0,4.0,2.0,2.83,1.83,4.5,4.25,2.29,2.0
2.0,310.0,8680.0,1.0,2.0,39.0,41.0,13612.5,17.0,50.0,52.0,62.0,1.0,2.0,1.0,1.0,15.0,2.0,3.0,6.0,3.0,4.0,4.33,5.67,4.33,4.67,4.67,4.5,2.0
3.0,7350.0,2370.0,7.0,2.0,30.0,37.3,,,,8.0,45.0,2.0,2.0,1.0,1.0,15.0,1.0,5.0,2.0,3.0,4.0,3.33,5.0,2.33,4.0,5.67,3.83,3.0
1.0,2320.0,7860.0,1.0,2.0,64.0,82.5,16335.0,18.0,40.0,52.0,45.0,2.0,2.0,1.0,1.0,14.0,2.0,1.0,2.0,3.0,4.0,5.5,5.165,4.165,6.5,4.5,5.08,4.0
1.0,9620.0,6390.0,1.0,2.0,25.0,23.3,16335.0,18.0,40.0,52.0,48.0,1.0,2.0,1.0,1.0,16.0,3.0,5.0,3.0,3.0,,2.0,2.0,2.0,4.33,4.33,2.17,2.0
2.0,9620.0,6380.0,1.0,2.0,25.0,23.3,6806.25,12.0,40.0,52.0,55.0,2.0,2.0,1.0,1.0,14.0,2.0,4.0,2.0,3.0,4.0,2.0,2.0,2.0,4.33,4.33,2.17,2.0
1.0,3255.0,8180.0,1.0,2.0,64.0,84.2,16335.0,18.0,30.0,52.0,36.0,2.0,2.0,1.0,1.0,16.0,2.0,5.0,2.0,3.0,,5.3340000000000005,4.934,4.8,6.066,5.734,5.1,4.4
3.0,4720.0,5790.0,2.0,2.0,28.0,21.6,2359.5,6.0,16.0,20.0,30.0,2.0,2.0,1.0,1.0,13.0,1.0,5.0,1.0,3.0,4.0,2.5,2.835,2.0,4.5,4.0,2.335,2.0
3.0,4600.0,9290.0,4.0,1.0,35.0,21.8,181.5,1.0,,18.0,59.0,2.0,2.0,1.0,1.0,10.0,0.0,5.0,2.0,3.0,4.0,4.0,4.5,2.5,6.0,3.0,3.33,2.0
,9830.0,9870.0,5.0,2.0,62.0,50.4,,,,0.0,67.0,1.0,2.0,2.0,1.0,13.0,1.0,3.0,1.0,3.0,,,,,,,,
2.0,3500.0,8190.0,1.0,2.0,69.0,46.6,24502.5,20.0,40.0,40.0,47.0,2.0,2.0,1.0,1.0,14.0,2.0,5.0,2.0,3.0,,5.33,5.0,4.0,6.33,5.67,4.33,3.0
2.0,4220.0,7860.0,2.0,2.0,24.0,20.7,4083.75,9.0,20.0,52.0,64.0,2.0,2.0,1.0,1.0,16.0,2.0,1.0,0.0,3.0,4.0,1.67,2.0,1.33,4.33,3.0,2.0,3.0
2.0,7810.0,4970.0,1.0,2.0,28.0,18.8,5898.75,11.0,35.0,52.0,60.0,1.0,2.0,1.0,1.0,11.0,0.0,5.0,0.0,3.0,4.0,2.1133333333333333,2.3333333333333335,1.7766666666666666,3.776666666666667,3.89,2.056666666666666,2.0
2.0,7315.0,8880.0,1.0,2.0,45.0,38.8,19965.0,19.0,42.0,52.0,32.0,1.0,2.0,1.0,1.0,14.0,1.0,1.0,2.0,3.0,4.0,3.83,5.33,3.0,4.0,5.5,4.0,3.0
1.0,8140.0,770.0,7.0,2.0,38.0,28.4,,,,0.0,51.0,1.0,1.0,1.0,1.0,12.0,1.0,5.0,3.0,3.0,,2.415,3.25,2.25,3.75,5.25,3.0,2.0
,,,5.0,2.0,,,,,,0.0,60.0,2.0,3.0,1.0,2.0,14.0,2.0,5.0,4.0,3.0,,,,,,,,
,7855.0,1180.0,5.0,2.0,34.0,21.6,,,,0.0,62.0,1.0,2.0,1.0,1.0,12.0,1.0,3.0,0.0,3.0,4.0,,,,,,,
1.0,4230.0,8590.0,4.0,2.0,25.0,12.6,,,,22.0,27.0,2.0,2.0,1.0,1.0,11.0,0.0,5.0,4.0,3.0,4.0,1.67,2.0,1.0,5.33,2.67,1.67,2.0
1.0,4020.0,5090.0,4.0,2.0,33.0,13.6,1633.5,4.0,,0.0,23.0,2.0,2.0,1.0,1.0,12.0,1.0,5.0,3.0,3.0,4.0,2.732,3.665999999999999,2.268,4.066,3.6,2.6,2.2
2.0,4850.0,4260.0,4.0,2.0,45.0,62.0,,,,24.0,25.0,2.0,2.0,1.0,1.0,14.0,2.0,5.0,2.0,3.0,,4.89,4.89,3.78,4.553333333333334,3.78,4.613333333333333,3.6666666666666665
1.0,3645.0,8090.0,1.0,2.0,51.0,28.7,,,40.0,12.0,33.0,2.0,2.0,1.0,1.0,13.0,1.0,5.0,3.0,3.0,4.0,4.67,3.33,3.33,5.67,5.67,4.17,3.0
1.0,800.0,9370.0,1.0,2.0,60.0,76.3,19965.0,19.0,40.0,52.0,47.0,1.0,2.0,1.0,1.0,20.0,4.0,5.0,1.0,3.0,,5.0,5.0,4.67,4.67,4.67,4.5,4.0
2.0,4220.0,7070.0,1.0,2.0,24.0,20.7,16335.0,18.0,40.0,52.0,57.0,1.0,2.0,1.0,1.0,15.0,1.0,4.0,2.0,3.0,4.0,1.67,2.0,1.33,4.33,3.0,2.0,3.0
1.0,9610.0,3790.0,7.0,2.0,22.0,17.5,3267.0,8.0,,0.0,66.0,1.0,2.0,1.0,1.0,14.0,2.0,3.0,2.0,3.0,4.0,1.33,2.33,1.0,3.67,3.67,1.83,2.0
2.0,2010.0,8270.0,4.0,2.0,54.0,62.9,8621.25,14.0,,45.0,39.0,2.0,2.0,1.0,1.0,16.0,3.0,5.0,3.0,3.0,4.0,5.890000000000001,5.4433333333333325,4.0,6.446666666666666,4.67,4.886666666666667,4.666666666666667
4.0,4220.0,8680.0,7.0,2.0,24.0,20.7,6806.25,12.0,,52.0,38.0,1.0,2.0,1.0,1.0,12.0,0.0,5.0,0.0,3.0,4.0,1.67,2.0,1.33,4.33,3.0,2.0,3.0
,5620.0,4970.0,5.0,1.0,25.0,23.8,,,,20.0,75.0,1.0,2.0,1.0,1.0,12.0,1.0,1.0,8.0,3.0,4.0,2.0,2.83,1.83,4.5,4.25,2.29,2.0
2.0,8965.0,1070.0,4.0,2.0,35.0,26.8,,,,10.0,75.0,1.0,3.0,1.0,1.0,12.0,1.0,4.0,5.0,3.0,,3.0,3.443333333333334,2.776666666666667,3.556666666666666,4.556666666666667,3.276666666666667,2.0
,4250.0,9370.0,5.0,2.0,37.0,18.6,2359.5,6.0,,0.0,73.0,2.0,2.0,1.0,1.0,8.0,0.0,2.0,4.0,3.0,4.0,2.4466666666666668,3.3333333333333335,2.223333333333333,3.6633333333333336,4.333333333333333,3.11,2.0
,4000.0,8680.0,5.0,2.0,50.0,32.6,,,,0.0,66.0,1.0,2.0,1.0,1.0,12.0,1.0,5.0,6.0,3.0,,5.0,6.0,5.33,4.67,3.67,4.5,3.0
1.0,205.0,180.0,1.0,2.0,46.0,39.9,,,40.0,3.0,52.0,1.0,2.0,1.0,1.0,14.0,1.0,5.0,0.0,3.0,4.0,4.89,5.22,4.44,4.66,3.22,4.67,4.0
1.0,4400.0,8590.0,1.0,2.0,23.0,37.1,6806.25,12.0,40.0,40.0,34.0,2.0,2.0,1.0,1.0,14.0,2.0,5.0,2.0,3.0,4.0,2.165,3.0,2.165,5.0,5.165,2.585,2.0
1.0,,,7.0,,,,,,,0.0,61.0,2.0,2.0,1.0,1.0,11.0,0.0,5.0,0.0,3.0,4.0,,,,,,,
1.0,3600.0,8170.0,2.0,2.0,48.0,24.2,1996.5,5.0,14.0,28.0,44.0,2.0,2.0,1.0,1.0,12.0,1.0,5.0,6.0,3.0,,2.915,3.0,2.3325,5.0825,4.6675,3.125,2.25
2.0,7020.0,3570.0,1.0,2.0,38.0,52.1,16335.0,18.0,40.0,52.0,34.0,2.0,2.0,1.0,1.0,13.0,1.0,4.0,4.0,3.0,,4.165,4.0,2.67,3.665,5.0,4.33,3.0
2.0,4230.0,8590.0,7.0,2.0,25.0,12.6,,,,52.0,53.0,2.0,2.0,1.0,1.0,11.0,1.0,5.0,3.0,3.0,4.0,1.67,2.0,1.0,5.33,2.67,1.67,2.0
1.0,5620.0,3570.0,1.0,2.0,25.0,23.8,181.5,1.0,40.0,52.0,47.0,1.0,2.0,1.0,1.0,12.0,1.0,1.0,1.0,3.0,4.0,2.0,2.83,1.83,4.5,4.25,2.29,2.0
1.0,4120.0,8590.0,7.0,2.0,34.0,17.0,1270.5,3.0,,52.0,43.0,2.0,2.0,1.0,1.0,11.0,0.0,1.0,5.0,3.0,4.0,1.67,2.33,1.67,3.67,3.67,2.33,2.0
2.0,3800.0,9470.0,4.0,2.0,40.0,45.1,,,,0.0,44.0,2.0,2.0,1.0,1.0,12.0,1.0,3.0,3.0,3.0,4.0,3.665,4.17,3.165,5.165,5.335,3.415,2.5
4.0,6355.0,770.0,7.0,1.0,49.0,45.4,,,,0.0,52.0,1.0,2.0,1.0,1.0,12.0,1.0,5.0,8.0,3.0,,4.33,5.33,3.33,3.67,5.0,4.17,3.0
1.0,4230.0,8590.0,7.0,2.0,25.0,12.6,,,,44.0,49.0,2.0,2.0,1.0,1.0,8.0,0.0,5.0,8.0,3.0,,1.67,2.0,1.0,5.33,2.67,1.67,2.0
,7340.0,7870.0,5.0,2.0,44.0,36.4,,,,0.0,62.0,1.0,2.0,1.0,1.0,12.0,0.0,2.0,0.0,3.0,,3.33,4.0,2.67,4.0,5.0,3.67,3.0
1.0,,,7.0,,,,,,,5.0,28.0,2.0,2.0,1.0,1.0,12.0,1.0,5.0,0.0,3.0,,,,,,,,
1.0,4250.0,7770.0,7.0,2.0,37.0,18.6,1270.5,3.0,,44.0,39.0,1.0,2.0,1.0,1.0,12.0,1.0,5.0,4.0,3.0,4.0,2.4466666666666668,3.3333333333333335,2.223333333333333,3.6633333333333336,4.333333333333333,3.11,2.0
1.0,3600.0,8170.0,1.0,2.0,48.0,24.2,8621.25,14.0,40.0,52.0,50.0,2.0,2.0,1.0,1.0,14.0,1.0,5.0,2.0,3.0,4.0,2.915,3.0,2.3325,5.0825,4.6675,3.125,2.25
4.0,4110.0,8680.0,4.0,2.0,31.0,19.6,1996.5,5.0,,36.0,28.0,2.0,2.0,1.0,1.0,14.0,2.0,5.0,2.0,3.0,4.0,2.33,2.33,2.0,6.0,3.33,2.0,2.0
2.0,430.0,7590.0,1.0,2.0,39.0,67.7,16335.0,18.0,46.0,38.0,44.0,2.0,2.0,1.0,1.0,16.0,3.0,5.0,0.0,3.0,4.0,5.5,5.29125,4.875,4.8325,4.375,5.04125,4.0
1.0,4010.0,9470.0,1.0,2.0,38.0,27.0,,,40.0,27.0,44.0,2.0,2.0,1.0,1.0,13.0,1.0,2.0,5.0,3.0,,3.67,4.67,3.67,5.67,4.67,3.17,2.0
2.0,4020.0,8590.0,2.0,2.0,33.0,13.6,6806.25,12.0,29.0,42.0,42.0,1.0,2.0,1.0,1.0,13.0,1.0,5.0,3.0,3.0,4.0,2.732,3.665999999999999,2.268,4.066,3.6,2.6,2.2
2.0,4720.0,4970.0,4.0,2.0,28.0,21.6,4083.75,9.0,,30.0,29.0,2.0,2.0,1.0,1.0,12.0,1.0,5.0,2.0,3.0,4.0,2.5,2.835,2.0,4.5,4.0,2.335,2.0
2.0,5130.0,8590.0,4.0,2.0,28.0,20.8,5898.75,11.0,,31.0,24.0,2.0,2.0,1.0,1.0,11.0,0.0,5.0,0.0,3.0,4.0,2.67,3.0,2.0,4.67,4.33,2.67,2.0
1.0,6050.0,170.0,7.0,2.0,27.0,14.0,,,,0.0,80.0,2.0,2.0,1.0,1.0,11.0,0.0,5.0,5.0,3.0,4.0,2.3333333333333335,2.443333333333334,1.6133333333333333,2.8866666666666667,3.8866666666666663,2.17,2.0
,3740.0,9470.0,5.0,2.0,59.0,65.1,,,,0.0,63.0,1.0,2.0,1.0,1.0,15.0,2.0,3.0,1.0,3.0,4.0,5.5,4.67,4.83,5.67,5.83,4.5,3.0
1.0,4720.0,8590.0,1.0,2.0,28.0,21.6,13612.5,17.0,36.0,52.0,60.0,2.0,2.0,1.0,1.0,14.0,2.0,2.0,0.0,3.0,4.0,2.5,2.835,2.0,4.5,4.0,2.335,2.0
2.0,4610.0,8270.0,2.0,2.0,48.0,20.1,1996.5,5.0,20.0,52.0,51.0,2.0,2.0,1.0,1.0,16.0,3.0,5.0,2.0,3.0,,4.0,3.33,2.67,5.67,4.0,3.0,2.0
1.0,8140.0,3080.0,1.0,2.0,38.0,28.4,181.5,1.0,40.0,37.0,42.0,1.0,2.0,1.0,1.0,12.0,1.0,1.0,3.0,3.0,4.0,2.415,3.25,2.25,3.75,5.25,3.0,2.0
2.0,4220.0,8590.0,1.0,2.0,24.0,20.7,1996.5,5.0,40.0,19.0,30.0,2.0,2.0,1.0,1.0,11.0,0.0,5.0,6.0,3.0,4.0,1.67,2.0,1.33,4.33,3.0,2.0,3.0
,5700.0,7860.0,6.0,2.0,47.0,38.8,7713.75,13.0,,52.0,64.0,2.0,2.0,1.0,1.0,14.0,2.0,5.0,4.0,3.0,,3.3325,3.0,2.9175,5.0825,4.8325,3.6225,2.5
,,,6.0,,,,,,,7.0,22.0,2.0,2.0,1.0,1.0,12.0,1.0,5.0,2.0,3.0,4.0,,,,,,,
4.0,4020.0,8680.0,2.0,1.0,33.0,13.6,,,7.0,8.0,42.0,1.0,2.0,5.0,1.0,11.0,1.0,1.0,0.0,3.0,,2.732,3.665999999999999,2.268,4.066,3.6,2.6,2.2
4.0,4720.0,5090.0,7.0,2.0,28.0,21.6,,,,0.0,39.0,2.0,1.0,1.0,1.0,8.0,0.0,1.0,2.0,3.0,4.0,2.5,2.835,2.0,4.5,4.0,2.335,2.0
,5820.0,6695.0,5.0,2.0,37.0,35.1,,,,0.0,66.0,2.0,1.0,1.0,1.0,14.0,2.0,1.0,2.0,3.0,4.0,2.0,3.67,2.0,5.0,4.0,2.5,2.0
,3850.0,9470.0,5.0,2.0,60.0,65.3,,,,0.0,82.0,1.0,1.0,1.0,1.0,12.0,1.0,1.0,2.0,3.0,4.0,5.67,5.67,5.17,5.67,5.67,4.75,3.0
1.0,205.0,180.0,7.0,1.0,46.0,39.9,,,,0.0,89.0,2.0,1.0,1.0,1.0,12.0,1.0,2.0,3.0,3.0,4.0,4.89,5.22,4.44,4.66,3.22,4.67,4.0
,2145.0,7270.0,5.0,2.0,52.0,60.3,,,,0.0,64.0,2.0,1.0,1.0,1.0,16.0,3.0,1.0,1.0,3.0,,4.0,3.0,3.67,5.0,4.33,4.33,3.0
,1560.0,7290.0,5.0,2.0,34.0,49.6,,,,0.0,60.0,1.0,1.0,1.0,1.0,10.0,0.0,4.0,1.0,3.0,4.0,3.5,4.17,3.0,3.67,4.67,3.58,3.0
,4250.0,8590.0,8.0,2.0,37.0,18.6,,,,0.0,64.0,1.0,2.0,1.0,1.0,11.0,0.0,2.0,2.0,3.0,4.0,2.4466666666666668,3.3333333333333335,2.223333333333333,3.6633333333333336,4.333333333333333,3.11,2.0
,2310.0,7860.0,5.0,2.0,61.0,80.9,,,,0.0,63.0,2.0,1.0,1.0,1.0,18.0,4.0,3.0,1.0,3.0,4.0,5.333333333333333,5.33,4.22,6.22,4.22,4.78,4.0
2.0,4350.0,9090.0,4.0,2.0,33.0,26.5,,,,14.0,40.0,2.0,1.0,1.0,1.0,14.0,1.0,5.0,1.0,3.0,4.0,2.67,3.33,2.33,4.67,3.33,2.5,2.0
,430.0,7570.0,5.0,2.0,39.0,67.7,,,,0.0,84.0,1.0,1.0,1.0,1.0,16.0,3.0,1.0,4.0,3.0,,5.5,5.29125,4.875,4.8325,4.375,5.04125,4.0
2.0,310.0,8680.0,1.0,1.0,39.0,41.0,29947.5,21.0,60.0,40.0,25.0,1.0,1.0,1.0,1.0,17.0,1.0,5.0,0.0,3.0,4.0,4.33,5.67,4.33,4.67,4.67,4.5,2.0
,4760.0,5790.0,5.0,2.0,31.0,39.7,,,,0.0,85.0,1.0,1.0,1.0,1.0,16.0,3.0,1.0,5.0,3.0,4.0,3.0,3.0,2.67,5.0,4.0,2.33,2.0
,2015.0,9470.0,5.0,2.0,47.0,65.3,,,,0.0,59.0,2.0,1.0,1.0,1.0,19.0,4.0,1.0,1.0,3.0,,4.0,3.67,3.67,5.33,6.0,4.67,4.0
,3250.0,7480.0,5.0,2.0,68.0,89.9,,,,0.0,79.0,1.0,1.0,1.0,1.0,18.0,4.0,1.0,2.0,3.0,4.0,7.0,6.33,6.0,6.0,4.67,5.83,5.0
,8350.0,8880.0,5.0,1.0,42.0,26.5,8621.25,14.0,,52.0,67.0,2.0,1.0,1.0,1.0,12.0,1.0,1.0,2.0,3.0,4.0,3.33,4.165,2.335,3.33,3.17,3.085,2.0
1.0,4700.0,5170.0,7.0,2.0,38.0,43.0,,,,0.0,84.0,2.0,1.0,1.0,1.0,12.0,1.0,1.0,4.0,3.0,,3.67,4.67,3.67,4.33,4.0,4.0,2.0
2.0,4040.0,8690.0,1.0,2.0,32.0,26.9,16335.0,18.0,30.0,40.0,52.0,1.0,1.0,1.0,1.0,12.0,1.0,5.0,0.0,3.0,,2.33,4.0,2.67,5.33,3.33,2.33,2.0
,3647.0,5070.0,5.0,1.0,43.0,35.5,,,,0.0,83.0,2.0,1.0,1.0,1.0,12.0,1.0,2.0,5.0,3.0,4.0,3.0,3.33,2.67,5.0,5.0,2.33,2.0
1.0,650.0,7390.0,1.0,2.0,53.0,64.2,58080.0,25.0,50.0,52.0,45.0,2.0,1.0,1.0,1.0,18.0,4.0,3.0,0.0,3.0,4.0,5.33,5.33,4.67,6.33,4.67,4.83,4.0
1.0,9620.0,6290.0,1.0,2.0,25.0,23.3,19965.0,19.0,80.0,52.0,49.0,1.0,1.0,1.0,1.0,16.0,2.0,1.0,1.0,3.0,4.0,2.0,2.0,2.0,4.33,4.33,2.17,2.0
3.0,4250.0,7770.0,4.0,2.0,37.0,18.6,181.5,1.0,,15.0,48.0,1.0,1.0,1.0,1.0,20.0,4.0,4.0,2.0,3.0,,2.4466666666666668,3.3333333333333335,2.223333333333333,3.6633333333333336,4.333333333333333,3.11,2.0
,1050.0,8180.0,5.0,2.0,48.0,64.5,,,,0.0,75.0,1.0,1.0,1.0,1.0,16.0,1.0,2.0,2.0,3.0,4.0,5.165,4.5,4.165,4.165,5.0,4.92,3.5
,2310.0,7860.0,5.0,2.0,61.0,80.9,,,,0.0,71.0,2.0,1.0,1.0,1.0,20.0,4.0,2.0,1.0,3.0,4.0,5.333333333333333,5.33,4.22,6.22,4.22,4.78,4.0
,1050.0,7870.0,5.0,2.0,48.0,64.5,,,,0.0,65.0,2.0,1.0,1.0,1.0,16.0,3.0,1.0,0.0,1.0,1.0,5.165,4.5,4.165,4.165,5.0,4.92,3.5
,4850.0,4590.0,5.0,2.0,45.0,62.0,,,,0.0,73.0,1.0,1.0,1.0,1.0,12.0,1.0,1.0,8.0,1.0,4.0,4.89,4.89,3.78,4.553333333333334,3.78,4.613333333333333,3.6666666666666665
,4610.0,8370.0,8.0,2.0,48.0,20.1,5898.75,11.0,,52.0,55.0,1.0,1.0,1.0,1.0,12.0,1.0,5.0,0.0,1.0,4.0,4.0,3.33,2.67,5.67,4.0,3.0,2.0
,9120.0,7860.0,8.0,2.0,35.0,31.6,,,,0.0,58.0,2.0,1.0,1.0,1.0,12.0,1.0,2.0,4.0,1.0,,3.0,4.33,2.0,5.0,5.0,3.0,2.0
2.0,9130.0,6380.0,2.0,2.0,35.0,32.0,,,24.0,0.0,44.0,2.0,1.0,1.0,1.0,17.0,1.0,5.0,0.0,1.0,1.0,2.223333333333333,3.6666666666666665,2.11,2.8866666666666667,4.556666666666667,3.056666666666666,2.0
,2540.0,7860.0,5.0,2.0,48.0,26.1,8621.25,14.0,,50.0,62.0,2.0,1.0,1.0,1.0,13.0,1.0,5.0,1.0,1.0,4.0,,,,,,,3.0
2.0,1050.0,8180.0,1.0,2.0,48.0,64.5,24502.5,20.0,60.0,52.0,55.0,2.0,1.0,1.0,1.0,15.0,1.0,3.0,2.0,1.0,,5.165,4.5,4.165,4.165,5.0,4.92,3.5
1.0,4250.0,7770.0,1.0,1.0,37.0,18.6,5898.75,11.0,25.0,52.0,48.0,1.0,2.0,3.0,2.0,11.0,0.0,5.0,8.0,1.0,4.0,2.4466666666666668,3.3333333333333335,2.223333333333333,3.6633333333333336,4.333333333333333,3.11,2.0
,2310.0,7860.0,5.0,2.0,61.0,80.9,,,,0.0,76.0,2.0,1.0,1.0,1.0,17.0,3.0,2.0,0.0,1.0,4.0,5.333333333333333,5.33,4.22,6.22,4.22,4.78,4.0
,5700.0,7870.0,5.0,2.0,47.0,38.8,,,,0.0,82.0,2.0,1.0,1.0,1.0,18.0,3.0,2.0,1.0,1.0,4.0,3.3325,3.0,2.9175,5.0825,4.8325,3.6225,2.5
,2040.0,9170.0,5.0,2.0,66.0,62.6,,,,0.0,77.0,2.0,1.0,1.0,1.0,16.0,4.0,3.0,2.0,1.0,4.0,6.67,6.33,5.33,6.33,3.33,5.0,5.0
3.0,4230.0,8190.0,1.0,2.0,25.0,12.6,11797.5,16.0,40.0,52.0,63.0,2.0,1.0,1.0,2.0,12.0,1.0,1.0,0.0,1.0,4.0,1.67,2.0,1.0,5.33,2.67,1.67,2.0
,630.0,9480.0,5.0,2.0,47.0,65.3,,,,0.0,86.0,2.0,1.0,1.0,1.0,12.0,1.0,2.0,4.0,1.0,,4.556666666666667,4.333333333333333,4.0,5.446666666666666,4.333333333333333,4.163333333333333,3.3333333333333335
3.0,8350.0,8880.0,2.0,1.0,42.0,26.5,2722.5,7.0,30.0,45.0,55.0,2.0,1.0,1.0,1.0,18.0,4.0,1.0,1.0,1.0,4.0,3.33,4.165,2.335,3.33,3.17,3.085,2.0
1.0,800.0,770.0,1.0,2.0,60.0,76.3,,,45.0,52.0,,1.0,1.0,1.0,2.0,16.0,3.0,1.0,2.0,1.0,2.0,5.0,5.0,4.67,4.67,4.67,4.5,4.0
,5860.0,7970.0,5.0,2.0,32.0,35.8,,,,52.0,65.0,2.0,1.0,1.0,1.0,12.0,1.0,1.0,2.0,1.0,,2.33,2.67,2.33,5.67,4.33,2.5,2.0
,3600.0,8390.0,5.0,2.0,48.0,24.2,,,,0.0,71.0,1.0,1.0,1.0,1.0,13.0,1.0,1.0,3.0,1.0,4.0,2.915,3.0,2.3325,5.0825,4.6675,3.125,2.25
,1020.0,7380.0,5.0,2.0,60.0,87.9,,,,0.0,76.0,2.0,1.0,1.0,1.0,13.0,1.0,3.0,3.0,1.0,4.0,5.0,5.0,4.67,4.33,5.0,5.0,4.0
1.0,5620.0,3190.0,2.0,2.0,25.0,23.8,726.0,2.0,15.0,50.0,25.0,2.0,1.0,1.0,1.0,14.0,2.0,1.0,0.0,1.0,,2.0,2.83,1.83,4.5,4.25,2.29,2.0
,2320.0,7860.0,5.0,2.0,64.0,82.5,5898.75,11.0,,,75.0,2.0,1.0,1.0,1.0,16.0,3.0,1.0,2.0,1.0,1.0,5.5,5.165,4.165,6.5,4.5,5.08,4.0
,3255.0,8090.0,5.0,2.0,64.0,84.2,,,,0.0,,2.0,1.0,1.0,2.0,20.0,3.0,1.0,2.0,1.0,4.0,5.3340000000000005,4.934,4.8,6.066,5.734,5.1,4.4
,4930.0,3090.0,5.0,2.0,51.0,86.5,726.0,2.0,,2.0,83.0,1.0,1.0,1.0,1.0,15.0,1.0,2.0,3.0,1.0,,5.67,4.67,4.67,5.33,4.33,5.33,4.0
,6260.0,770.0,8.0,2.0,28.0,25.2,,,,0.0,56.0,1.0,1.0,1.0,1.0,13.0,1.0,5.0,1.0,1.0,,2.33,2.67,1.67,4.0,4.33,3.17,2.0
2.0,1340.0,8190.0,2.0,2.0,75.0,86.1,11797.5,16.0,30.0,52.0,74.0,1.0,1.0,1.0,1.0,13.0,1.0,3.0,2.0,1.0,,5.33,6.0,5.0,5.0,5.0,5.33,4.0
2.0,7750.0,3990.0,1.0,2.0,35.0,25.0,16335.0,18.0,0.0,52.0,29.0,2.0,1.0,1.0,1.0,13.0,1.0,1.0,0.0,1.0,,2.4466666666666668,2.443333333333334,2.33,3.6633333333333336,4.556666666666667,2.8366666666666664,2.0
,4020.0,8680.0,7.0,2.0,33.0,13.6,,,,0.0,38.0,2.0,1.0,1.0,1.0,12.0,1.0,1.0,2.0,1.0,,2.732,3.665999999999999,2.268,4.066,3.6,2.6,2.2
,4020.0,7860.0,5.0,2.0,33.0,13.6,,,,0.0,77.0,2.0,1.0,1.0,1.0,12.0,1.0,3.0,2.0,1.0,1.0,2.732,3.665999999999999,2.268,4.066,3.6,2.6,2.2
1.0,7810.0,4970.0,2.0,2.0,28.0,18.8,5898.75,11.0,34.0,50.0,45.0,1.0,1.0,1.0,1.0,12.0,1.0,3.0,1.0,1.0,4.0,2.1133333333333333,2.3333333333333335,1.7766666666666666,3.776666666666667,3.89,2.056666666666666,2.0
1.0,7700.0,5090.0,1.0,2.0,50.0,46.5,3267.0,8.0,50.0,26.0,54.0,2.0,1.0,1.0,1.0,13.0,1.0,3.0,3.0,1.0,4.0,5.0,5.67,4.67,5.0,5.33,4.67,3.0
2.0,5550.0,6370.0,2.0,2.0,45.0,58.4,9982.5,15.0,27.0,51.0,58.0,1.0,1.0,1.0,1.0,12.0,1.0,1.0,0.0,1.0,3.0,2.33,3.0,2.67,3.67,4.0,3.5,2.0
,7750.0,3490.0,8.0,2.0,35.0,25.0,,,,0.0,46.0,1.0,1.0,1.0,1.0,12.0,1.0,1.0,2.0,1.0,4.0,2.4466666666666668,2.443333333333334,2.33,3.6633333333333336,4.556666666666667,2.8366666666666664,2.0
2.0,6355.0,770.0,1.0,2.0,49.0,45.4,11797.5,16.0,40.0,52.0,27.0,1.0,1.0,1.0,1.0,13.0,1.0,5.0,0.0,1.0,1.0,4.33,5.33,3.33,3.67,5.0,4.17,3.0
1.0,3600.0,8270.0,7.0,2.0,48.0,24.2,,,,0.0,52.0,2.0,1.0,1.0,1.0,12.0,1.0,1.0,3.0,1.0,,2.915,3.0,2.3325,5.0825,4.6675,3.125,2.25
4.0,430.0,9590.0,7.0,2.0,39.0,67.7,,,,0.0,73.0,2.0,1.0,1.0,1.0,20.0,4.0,3.0,0.0,1.0,4.0,5.5,5.29125,4.875,4.8325,4.375,5.04125,4.0
,4600.0,7860.0,5.0,2.0,35.0,21.8,,,,0.0,60.0,2.0,1.0,1.0,1.0,16.0,2.0,1.0,2.0,1.0,4.0,4.0,4.5,2.5,6.0,3.0,3.33,2.0
1.0,2720.0,8590.0,3.0,1.0,65.0,59.4,8621.25,14.0,,52.0,24.0,1.0,2.0,1.0,2.0,12.0,1.0,5.0,0.0,1.0,4.0,5.890000000000001,4.886666666666667,4.556666666666667,5.113333333333333,4.113333333333333,3.89,2.6666666666666665
,1420.0,590.0,5.0,2.0,61.0,85.5,1270.5,3.0,,0.0,71.0,1.0,1.0,1.0,1.0,16.0,3.0,1.0,3.0,1.0,,6.0,5.165,5.5,3.83,3.83,5.75,4.0
2.0,1020.0,3580.0,1.0,2.0,60.0,87.9,58080.0,25.0,40.0,52.0,39.0,1.0,1.0,1.0,1.0,18.0,4.0,1.0,4.0,1.0,4.0,5.0,5.0,4.67,4.33,5.0,5.0,4.0
,1460.0,7380.0,5.0,2.0,70.0,83.8,,,,0.0,83.0,1.0,1.0,1.0,1.0,19.0,4.0,1.0,2.0,1.0,4.0,5.886666666666667,5.4433333333333325,5.336666666666666,3.3366666666666664,3.776666666666667,5.5566666666666675,4.0
1.0,1010.0,7460.0,2.0,2.0,63.0,81.0,1633.5,4.0,15.0,40.0,84.0,1.0,1.0,1.0,1.0,20.0,4.0,1.0,3.0,1.0,4.0,5.67,5.0,4.33,2.33,5.0,5.5,4.0
1.0,9150.0,7080.0,2.0,2.0,30.0,24.0,9982.5,15.0,18.0,30.0,68.0,1.0,1.0,1.0,1.0,14.0,1.0,1.0,4.0,1.0,,,,,,,,
,9630.0,5790.0,5.0,2.0,31.0,21.1,4083.75,9.0,,0.0,74.0,2.0,1.0,1.0,1.0,12.0,1.0,1.0,3.0,1.0,,2.0,2.33,2.0,4.33,4.33,2.17,2.0
1.0,3310.0,7980.0,1.0,2.0,56.0,76.7,29947.5,21.0,37.0,52.0,51.0,2.0,1.0,1.0,1.0,20.0,4.0,4.0,3.0,1.0,4.0,4.33,4.67,3.67,6.67,5.0,4.5,3.0
,1860.0,7870.0,5.0,2.0,66.0,82.7,11797.5,16.0,,52.0,69.0,2.0,1.0,1.0,1.0,18.0,4.0,1.0,2.0,1.0,4.0,5.434,5.234,4.832,4.066,3.134,5.068,4.6
2.0,4760.0,4170.0,4.0,2.0,31.0,39.7,726.0,2.0,,24.0,35.0,2.0,3.0,1.0,2.0,14.0,1.0,5.0,0.0,3.0,4.0,3.0,3.0,2.67,5.0,4.0,2.33,2.0
2.0,5700.0,7870.0,2.0,2.0,47.0,38.8,11797.5,16.0,25.0,30.0,64.0,2.0,2.0,1.0,1.0,16.0,3.0,3.0,4.0,3.0,4.0,3.3325,3.0,2.9175,5.0825,4.8325,3.6225,2.5
,4030.0,4970.0,6.0,1.0,21.0,13.6,4991.25,10.0,,2.0,22.0,2.0,2.0,1.0,1.0,13.0,1.0,5.0,,3.0,4.0,1.67,1.67,1.67,4.67,4.67,2.0,2.0
1.0,9620.0,4970.0,1.0,2.0,25.0,23.3,,,40.0,10.0,22.0,1.0,2.0,1.0,1.0,14.0,1.0,1.0,2.0,3.0,4.0,2.0,2.0,2.0,4.33,4.33,2.17,2.0
1.0,2810.0,6470.0,2.0,2.0,54.0,72.5,,,23.0,7.0,23.0,2.0,2.0,1.0,1.0,15.0,1.0,5.0,0.0,3.0,,5.67,5.17,5.5,4.83,3.67,4.75,4.0
4.0,3050.0,8190.0,1.0,2.0,66.0,92.0,97883.49087,26.0,40.0,52.0,44.0,1.0,3.0,1.0,1.0,20.0,4.0,1.0,2.0,4.0,4.0,4.67,4.67,5.67,5.0,5.33,4.67,5.0
1.0,4850.0,3980.0,1.0,2.0,45.0,62.0,29947.5,21.0,40.0,50.0,46.0,1.0,2.0,1.0,1.0,14.0,1.0,1.0,2.0,3.0,4.0,4.89,4.89,3.78,4.553333333333334,3.78,4.613333333333333,3.6666666666666665
2.0,3010.0,7980.0,1.0,2.0,72.0,92.1,19965.0,19.0,40.0,47.0,33.0,2.0,2.0,1.0,1.0,12.0,1.0,5.0,0.0,1.0,,5.9175,6.4175,5.75,6.0,4.1675,5.75,5.0
1.0,4720.0,5090.0,4.0,2.0,28.0,21.6,7713.75,13.0,,50.0,38.0,2.0,2.0,1.0,1.0,12.0,1.0,5.0,4.0,3.0,4.0,2.5,2.835,2.0,4.5,4.0,2.335,2.0
2.0,4700.0,4870.0,1.0,2.0,38.0,43.0,16335.0,18.0,40.0,52.0,31.0,2.0,2.0,1.0,1.0,14.0,1.0,5.0,1.0,2.0,,3.67,4.67,3.67,4.33,4.0,4.0,2.0
3.0,2010.0,8370.0,1.0,2.0,54.0,62.9,36300.0,22.0,40.0,52.0,37.0,2.0,3.0,1.0,2.0,16.0,3.0,1.0,2.0,4.0,1.0,5.890000000000001,5.4433333333333325,4.0,6.446666666666666,4.67,4.886666666666667,4.666666666666667
3.0,4000.0,8680.0,1.0,2.0,50.0,32.6,19965.0,19.0,40.0,48.0,55.0,1.0,3.0,1.0,2.0,14.0,1.0,3.0,6.0,2.0,,5.0,6.0,5.33,4.67,3.67,4.5,3.0
,5000.0,5790.0,5.0,2.0,46.0,52.0,,,,0.0,67.0,1.0,2.0,1.0,1.0,15.0,1.0,1.0,2.0,3.0,4.0,4.33,5.33,4.33,5.33,5.67,4.83,3.0
4.0,9140.0,6190.0,2.0,1.0,26.0,28.5,8621.25,14.0,20.0,48.0,41.0,2.0,3.0,1.0,2.0,16.0,3.0,1.0,3.0,1.0,,,,,,,,2.0
1.0,4760.0,8680.0,1.0,2.0,31.0,39.7,1270.5,3.0,24.0,30.0,40.0,2.0,2.0,1.0,1.0,12.0,1.0,2.0,3.0,3.0,,3.0,3.0,2.67,5.0,4.0,2.33,2.0
,4520.0,8980.0,5.0,2.0,30.0,20.1,,,,52.0,68.0,2.0,3.0,,2.0,14.0,3.0,1.0,2.0,4.0,,3.085,3.2525,2.75,5.085,2.915,2.835,2.5
,4720.0,4880.0,6.0,2.0,28.0,21.6,3267.0,8.0,,50.0,20.0,2.0,2.0,1.0,1.0,14.0,1.0,5.0,0.0,2.0,4.0,2.5,2.835,2.0,4.5,4.0,2.335,2.0
2.0,4700.0,4970.0,1.0,2.0,38.0,43.0,58080.0,25.0,40.0,52.0,51.0,1.0,3.0,1.0,1.0,16.0,2.0,1.0,2.0,4.0,,3.67,4.67,3.67,4.33,4.0,4.0,2.0
2.0,5860.0,9370.0,1.0,2.0,32.0,35.8,24502.5,20.0,40.0,50.0,63.0,1.0,3.0,1.0,1.0,17.0,3.0,1.0,0.0,4.0,2.0,2.33,2.67,2.33,5.67,4.33,2.5,2.0
3.0,5810.0,,2.0,2.0,37.0,32.6,726.0,2.0,32.0,12.0,22.0,2.0,2.0,1.0,1.0,16.0,3.0,1.0,2.0,3.0,2.0,2.0,2.0,1.67,3.67,4.33,2.83,2.0
,8965.0,5592.0,5.0,2.0,35.0,26.8,,,,0.0,63.0,2.0,2.0,1.0,1.0,13.0,1.0,5.0,2.0,2.0,4.0,3.0,3.443333333333334,2.776666666666667,3.556666666666666,4.556666666666667,3.276666666666667,2.0
2.0,4710.0,6695.0,1.0,2.0,48.0,57.5,36300.0,22.0,40.0,48.0,37.0,1.0,3.0,1.0,1.0,16.0,4.0,1.0,1.0,4.0,,4.33,5.33,4.0,5.0,5.0,5.17,4.0
,2100.0,7270.0,5.0,2.0,69.0,91.1,,,,0.0,71.0,1.0,3.0,1.0,1.0,16.0,4.0,1.0,3.0,4.0,4.0,6.0,6.0,6.33,4.0,4.33,6.0,5.0
1.0,4760.0,5790.0,1.0,2.0,31.0,39.7,8621.25,14.0,40.0,30.0,29.0,2.0,2.0,1.0,1.0,12.0,1.0,5.0,3.0,3.0,4.0,3.0,3.0,2.67,5.0,4.0,2.33,2.0
2.0,800.0,8180.0,1.0,2.0,60.0,76.3,50820.0,24.0,40.0,52.0,60.0,1.0,3.0,1.0,2.0,16.0,3.0,1.0,2.0,4.0,4.0,5.0,5.0,4.67,4.67,4.67,4.5,4.0
2.0,2310.0,7860.0,1.0,2.0,61.0,80.9,24502.5,20.0,40.0,52.0,61.0,2.0,3.0,1.0,1.0,20.0,4.0,2.0,4.0,3.0,4.0,5.333333333333333,5.33,4.22,6.22,4.22,4.78,4.0
,3420.0,8190.0,5.0,2.0,55.0,37.2,,,,0.0,64.0,2.0,2.0,1.0,1.0,14.0,1.0,3.0,3.0,3.0,,3.556666666666666,3.4450000000000003,3.2216666666666662,5.4433333333333325,5.166666666666667,3.526666666666667,3.0
2.0,9640.0,5590.0,7.0,2.0,22.0,14.8,13612.5,17.0,,4.0,29.0,2.0,3.0,1.0,2.0,12.0,1.0,1.0,1.0,3.0,,1.67,2.0,1.33,4.33,3.0,1.67,2.0
2.0,1020.0,9170.0,1.0,2.0,60.0,87.9,36300.0,22.0,40.0,52.0,35.0,1.0,2.0,1.0,2.0,20.0,3.0,1.0,2.0,4.0,2.0,5.0,5.0,4.67,4.33,5.0,5.0,4.0
1.0,4020.0,8270.0,1.0,2.0,33.0,13.6,16335.0,18.0,40.0,49.0,40.0,1.0,2.0,1.0,1.0,12.0,1.0,1.0,6.0,2.0,4.0,2.732,3.665999999999999,2.268,4.066,3.6,2.6,2.2
2.0,4430.0,8660.0,1.0,2.0,18.0,29.4,36300.0,22.0,40.0,52.0,67.0,1.0,3.0,1.0,1.0,13.0,1.0,1.0,3.0,4.0,,1.7766666666666666,3.22,1.7766666666666666,4.78,3.443333333333334,2.556666666666666,2.0
3.0,630.0,8190.0,1.0,2.0,47.0,65.3,24502.5,20.0,40.0,51.0,34.0,2.0,2.0,1.0,1.0,14.0,1.0,5.0,0.0,4.0,4.0,4.556666666666667,4.333333333333333,4.0,5.446666666666666,4.333333333333333,4.163333333333333,3.3333333333333335
2.0,5600.0,7460.0,1.0,2.0,40.0,49.4,43560.0,23.0,50.0,45.0,56.0,2.0,1.0,1.0,1.0,16.0,3.0,1.0,1.0,4.0,4.0,4.0,5.33,3.0,4.33,4.67,4.5,2.0
1.0,5860.0,7970.0,4.0,2.0,32.0,35.8,1633.5,4.0,,12.0,57.0,2.0,3.0,1.0,2.0,12.0,1.0,1.0,2.0,4.0,4.0,2.33,2.67,2.33,5.67,4.33,2.5,2.0
3.0,840.0,6970.0,1.0,2.0,58.0,81.9,19965.0,19.0,40.0,52.0,34.0,2.0,2.0,1.0,2.0,16.0,3.0,1.0,2.0,3.0,,,,,,,,4.0
1.0,,,2.0,2.0,,,,,45.0,2.0,25.0,2.0,2.0,1.0,1.0,20.0,1.0,1.0,5.0,3.0,,,,,,,,
2.0,9610.0,7290.0,1.0,2.0,22.0,17.5,19965.0,19.0,43.0,48.0,41.0,1.0,3.0,1.0,1.0,13.0,,5.0,2.0,1.0,,1.33,2.33,1.0,3.67,3.67,1.83,2.0
2.0,5700.0,9370.0,1.0,2.0,47.0,38.8,36300.0,22.0,40.0,52.0,37.0,2.0,2.0,5.0,1.0,6.0,0.0,5.0,4.0,2.0,4.0,3.3325,3.0,2.9175,5.0825,4.8325,3.6225,2.5
1.0,3730.0,7070.0,1.0,2.0,38.0,52.4,19965.0,19.0,40.0,48.0,64.0,1.0,2.0,1.0,1.0,13.0,1.0,3.0,5.0,2.0,1.0,,,,,,,2.0
1.0,4020.0,5090.0,1.0,2.0,33.0,13.6,,,40.0,23.0,40.0,1.0,2.0,1.0,2.0,12.0,1.0,3.0,0.0,4.0,4.0,2.732,3.665999999999999,2.268,4.066,3.6,2.6,2.2
2.0,3640.0,8180.0,7.0,2.0,48.0,28.6,,,,0.0,34.0,2.0,3.0,1.0,2.0,17.0,3.0,1.0,1.0,2.0,,3.33,3.67,3.0,6.0,5.67,4.17,3.0
2.0,1010.0,9370.0,2.0,2.0,63.0,81.0,19965.0,19.0,18.0,20.0,53.0,2.0,3.0,1.0,2.0,16.0,3.0,1.0,1.0,4.0,4.0,5.67,5.0,4.33,2.33,5.0,5.5,4.0
2.0,,,1.0,2.0,,,1270.5,3.0,47.0,,36.0,1.0,2.0,1.0,1.0,16.0,1.0,5.0,0.0,2.0,4.0,,,,,,,
,3600.0,8270.0,8.0,2.0,48.0,24.2,,,,0.0,60.0,2.0,2.0,1.0,1.0,13.0,1.0,4.0,3.0,3.0,4.0,2.915,3.0,2.3325,5.0825,4.6675,3.125,2.25
1.0,4760.0,5580.0,1.0,2.0,31.0,39.7,16335.0,18.0,40.0,50.0,39.0,2.0,3.0,1.0,1.0,16.0,3.0,1.0,0.0,4.0,4.0,3.0,3.0,2.67,5.0,4.0,2.33,2.0
2.0,4030.0,8680.0,4.0,2.0,21.0,13.6,1996.5,5.0,,9.0,20.0,1.0,2.0,1.0,1.0,14.0,1.0,5.0,0.0,3.0,,1.67,1.67,1.67,4.67,4.67,2.0,2.0
2.0,8965.0,5590.0,1.0,2.0,35.0,26.8,9982.5,15.0,35.0,50.0,48.0,2.0,2.0,1.0,1.0,14.0,2.0,4.0,2.0,3.0,4.0,3.0,3.443333333333334,2.776666666666667,3.556666666666666,4.556666666666667,3.276666666666667,2.0
1.0,2010.0,8190.0,1.0,2.0,54.0,62.9,24502.5,20.0,40.0,4.0,32.0,1.0,2.0,1.0,1.0,20.0,2.0,5.0,0.0,2.0,4.0,5.890000000000001,5.4433333333333325,4.0,6.446666666666666,4.67,4.886666666666667,4.666666666666667
,2310.0,7860.0,6.0,2.0,61.0,80.9,,,,20.0,29.0,2.0,3.0,1.0,1.0,12.0,1.0,5.0,0.0,1.0,,5.333333333333333,5.33,4.22,6.22,4.22,4.78,4.0
,4720.0,5170.0,6.0,2.0,28.0,21.6,,,,26.0,19.0,2.0,2.0,1.0,1.0,13.0,1.0,5.0,0.0,2.0,4.0,2.5,2.835,2.0,4.5,4.0,2.335,2.0
2.0,1020.0,3380.0,1.0,2.0,60.0,87.9,36300.0,22.0,40.0,52.0,29.0,1.0,3.0,1.0,1.0,16.0,3.0,5.0,0.0,4.0,4.0,5.0,5.0,4.67,4.33,5.0,5.0,4.0
,3600.0,8270.0,5.0,2.0,48.0,24.2,,,,0.0,28.0,2.0,2.0,1.0,1.0,13.0,1.0,5.0,5.0,1.0,,2.915,3.0,2.3325,5.0825,4.6675,3.125,2.25
3.0,4720.0,5390.0,2.0,2.0,28.0,21.6,,,0.0,,,,2.0,1.0,,,0.0,5.0,,3.0,,2.5,2.835,2.0,4.5,4.0,2.335,2.0
,4030.0,8680.0,6.0,2.0,21.0,13.6,2359.5,6.0,,45.0,20.0,2.0,3.0,1.0,1.0,12.0,1.0,5.0,0.0,2.0,,1.67,1.67,1.67,4.67,4.67,2.0,2.0
1.0,3040.0,8070.0,1.0,2.0,70.0,91.6,29947.5,21.0,32.0,50.0,44.0,2.0,3.0,1.0,1.0,16.0,4.0,1.0,2.0,2.0,,6.0,5.67,6.0,6.0,4.67,6.17,5.0
3.0,5620.0,4970.0,1.0,2.0,25.0,23.8,6806.25,12.0,40.0,20.0,23.0,1.0,2.0,1.0,1.0,12.0,1.0,5.0,0.0,3.0,4.0,2.0,2.83,1.83,4.5,4.25,2.29,2.0
,4220.0,8190.0,5.0,2.0,24.0,20.7,,,,0.0,62.0,1.0,2.0,1.0,1.0,12.0,1.0,5.0,3.0,2.0,4.0,1.67,2.0,1.33,4.33,3.0,2.0,3.0
1.0,,,2.0,2.0,,,3267.0,8.0,30.0,30.0,23.0,1.0,2.0,1.0,1.0,13.0,1.0,5.0,0.0,3.0,4.0,,,,,,,
2.0,4110.0,8680.0,2.0,2.0,31.0,19.6,,,5.0,5.0,25.0,1.0,3.0,1.0,1.0,20.0,3.0,5.0,0.0,3.0,,2.33,2.33,2.0,6.0,3.33,2.0,2.0
1.0,,,1.0,1.0,,,,,7.0,7.0,32.0,,2.0,1.0,1.0,12.0,0.0,1.0,6.0,2.0,1.0,,,,,,,
1.0,9600.0,2190.0,1.0,2.0,35.0,20.9,5898.75,11.0,40.0,40.0,26.0,1.0,2.0,1.0,1.0,14.0,2.0,1.0,0.0,3.0,1.0,2.33,3.0,2.33,4.33,4.33,2.5,2.0
,4810.0,6990.0,5.0,2.0,47.0,57.8,,,,0.0,65.0,1.0,3.0,1.0,1.0,13.0,1.0,5.0,0.0,4.0,4.0,5.0,5.33,3.67,5.33,4.67,3.83,4.0
2.0,2010.0,9480.0,1.0,2.0,54.0,62.9,36300.0,22.0,40.0,47.0,44.0,1.0,3.0,1.0,1.0,14.0,1.0,5.0,0.0,4.0,1.0,5.890000000000001,5.4433333333333325,4.0,6.446666666666666,4.67,4.886666666666667,4.666666666666667
3.0,4760.0,5590.0,3.0,2.0,31.0,39.7,13612.5,17.0,,52.0,34.0,1.0,3.0,1.0,1.0,14.0,1.0,5.0,0.0,4.0,4.0,3.0,3.0,2.67,5.0,4.0,2.33,2.0
2.0,9620.0,6390.0,1.0,2.0,25.0,23.3,16335.0,18.0,40.0,52.0,34.0,1.0,2.0,1.0,1.0,13.0,1.0,5.0,2.0,4.0,,2.0,2.0,2.0,4.33,4.33,2.17,2.0
2.0,5350.0,6390.0,4.0,2.0,33.0,32.0,6806.25,12.0,,52.0,31.0,1.0,3.0,1.0,1.0,12.0,1.0,5.0,0.0,4.0,4.0,2.33,3.67,2.33,3.33,4.33,3.5,2.0
,2830.0,7860.0,6.0,2.0,51.0,73.4,726.0,2.0,,50.0,23.0,2.0,3.0,1.0,2.0,16.0,3.0,5.0,0.0,1.0,4.0,5.33,6.0,5.0,4.33,4.0,4.33,4.0
1.0,2540.0,7860.0,3.0,2.0,48.0,26.1,,,,10.0,20.0,2.0,2.0,1.0,1.0,,0.0,5.0,0.0,1.0,4.0,,,,,,,3.0
1.0,4610.0,9480.0,1.0,2.0,48.0,20.1,24502.5,20.0,60.0,48.0,36.0,2.0,2.0,1.0,1.0,14.0,1.0,1.0,4.0,4.0,,4.0,3.33,2.67,5.67,4.0,3.0,2.0
,2910.0,6570.0,6.0,2.0,48.0,51.5,7713.75,13.0,,8.0,46.0,2.0,3.0,1.0,2.0,16.0,4.0,5.0,0.0,4.0,,4.33,5.0,3.67,4.67,2.67,3.5,3.0
3.0,1530.0,9590.0,1.0,2.0,70.0,86.1,36300.0,22.0,40.0,50.0,40.0,1.0,3.0,1.0,1.0,12.0,1.0,1.0,3.0,4.0,4.0,5.636363636363637,5.484545454545454,5.211818181818182,3.4545454545454546,4.271818181818182,5.531818181818182,4.181818181818182
1.0,5810.0,6990.0,4.0,2.0,37.0,32.6,16335.0,18.0,,50.0,24.0,2.0,2.0,1.0,1.0,15.0,1.0,5.0,1.0,3.0,,2.0,2.0,1.67,3.67,4.33,2.83,2.0
3.0,9620.0,6290.0,7.0,2.0,25.0,23.3,,,,0.0,53.0,2.0,2.0,1.0,1.0,12.0,1.0,5.0,4.0,4.0,,2.0,2.0,2.0,4.33,4.33,2.17,2.0
4.0,,,4.0,2.0,,,,,,0.0,46.0,1.0,3.0,1.0,1.0,12.0,1.0,1.0,1.0,4.0,,,,,,,,
,2200.0,7870.0,5.0,2.0,74.0,84.5,97883.49087,26.0,,26.0,85.0,1.0,3.0,1.0,2.0,20.0,4.0,3.0,3.0,4.0,1.0,5.658888888888889,5.612222222222222,5.184722222222223,5.074166666666667,3.1766666666666667,5.342777777777778,4.944444444444445
1.0,5360.0,7070.0,1.0,2.0,36.0,44.6,1270.5,3.0,40.0,32.0,22.0,2.0,3.0,1.0,1.0,16.0,3.0,5.0,0.0,1.0,4.0,3.33,3.67,3.33,5.0,4.67,3.83,3.0
2.0,4110.0,7670.0,1.0,2.0,31.0,19.6,29947.5,21.0,36.0,50.0,49.0,1.0,2.0,1.0,1.0,16.0,3.0,1.0,0.0,4.0,4.0,2.33,2.33,2.0,6.0,3.33,2.0,2.0
,,,6.0,,,,,,,0.0,24.0,1.0,3.0,1.0,1.0,16.0,1.0,5.0,0.0,4.0,4.0,,,,,,,
2.0,,7780.0,1.0,2.0,,,,,40.0,4.0,48.0,2.0,,1.0,1.0,14.0,2.0,2.0,0.0,3.0,4.0,,,,,,,
3.0,4150.0,8680.0,1.0,2.0,33.0,22.4,8621.25,14.0,41.0,40.0,22.0,2.0,2.0,1.0,1.0,12.0,1.0,1.0,0.0,3.0,,2.67,2.33,2.33,5.0,3.0,2.5,2.0
1.0,5840.0,6990.0,1.0,2.0,38.0,39.2,16335.0,18.0,40.0,40.0,44.0,1.0,1.0,2.0,1.0,12.0,1.0,1.0,1.0,2.0,4.0,3.0,3.33,2.33,4.67,4.5,3.0,2.0
,700.0,9590.0,8.0,2.0,51.0,61.9,,,,0.0,59.0,1.0,2.0,1.0,1.0,13.0,1.0,1.0,5.0,3.0,4.0,5.333333333333333,5.446666666666666,5.113333333333333,4.223333333333334,4.223333333333334,4.943333333333333,4.0
1.0,9620.0,6390.0,1.0,2.0,25.0,23.3,1633.5,4.0,35.0,52.0,37.0,1.0,3.0,2.0,1.0,12.0,1.0,5.0,0.0,4.0,4.0,2.0,2.0,2.0,4.33,4.33,2.17,2.0
1.0,5860.0,7780.0,1.0,2.0,32.0,35.8,,,40.0,52.0,42.0,2.0,3.0,3.0,1.0,14.0,2.0,1.0,2.0,3.0,4.0,2.33,2.67,2.33,5.67,4.33,2.5,2.0
2.0,7200.0,8770.0,1.0,2.0,45.0,31.2,13612.5,17.0,40.0,52.0,34.0,1.0,2.0,1.0,1.0,12.0,1.0,5.0,0.0,2.0,,3.67,4.33,3.0,3.83,4.33,3.58,3.0
2.0,,,1.0,2.0,,,4083.75,9.0,45.0,32.0,26.0,2.0,3.0,2.0,1.0,6.0,0.0,5.0,4.0,4.0,,,,,,,,
4.0,4720.0,5790.0,2.0,2.0,28.0,21.6,1270.5,3.0,0.0,23.0,24.0,2.0,3.0,1.0,1.0,12.0,1.0,1.0,1.0,4.0,4.0,2.5,2.835,2.0,4.5,4.0,2.335,2.0
,,,6.0,,,,,,,,20.0,1.0,1.0,2.0,1.0,14.0,1.0,5.0,0.0,4.0,4.0,,,,,,,
2.0,7340.0,3680.0,1.0,2.0,44.0,36.4,19965.0,19.0,60.0,48.0,33.0,1.0,2.0,1.0,1.0,14.0,1.0,1.0,7.0,3.0,4.0,3.33,4.0,2.67,4.0,5.0,3.67,3.0
,7700.0,3190.0,8.0,2.0,50.0,46.5,16335.0,18.0,,50.0,70.0,1.0,2.0,1.0,1.0,14.0,1.0,3.0,1.0,3.0,4.0,5.0,5.67,4.67,5.0,5.33,4.67,3.0
,,,6.0,,,,,,,2.0,23.0,1.0,3.0,1.0,2.0,17.0,3.0,5.0,0.0,2.0,,,,,,,,
3.0,4720.0,5170.0,2.0,2.0,28.0,21.6,181.5,1.0,12.0,25.0,21.0,2.0,2.0,1.0,1.0,12.0,1.0,5.0,5.0,4.0,4.0,2.5,2.835,2.0,4.5,4.0,2.335,2.0
,2016.0,8470.0,5.0,2.0,44.0,43.8,,,,0.0,69.0,2.0,1.0,3.0,1.0,16.0,3.0,3.0,4.0,1.0,4.0,3.67,4.0,3.33,6.0,5.0,3.5,4.0
,4020.0,8680.0,5.0,2.0,33.0,13.6,,,,0.0,59.0,1.0,3.0,1.0,2.0,14.0,1.0,1.0,0.0,1.0,4.0,2.732,3.665999999999999,2.268,4.066,3.6,2.6,2.2
1.0,4220.0,8190.0,1.0,2.0,24.0,20.7,7713.75,13.0,70.0,40.0,47.0,2.0,2.0,1.0,1.0,12.0,1.0,5.0,3.0,3.0,,1.67,2.0,1.33,4.33,3.0,2.0,3.0
2.0,8740.0,7380.0,1.0,2.0,39.0,38.1,19965.0,19.0,40.0,52.0,33.0,1.0,1.0,3.0,1.0,13.0,1.0,5.0,0.0,1.0,4.0,2.33,2.33,1.67,3.0,4.33,2.83,2.0
1.0,4250.0,,7.0,1.0,37.0,18.6,,,,9.0,27.0,1.0,2.0,2.0,1.0,14.0,1.0,5.0,0.0,2.0,,2.4466666666666668,3.3333333333333335,2.223333333333333,3.6633333333333336,4.333333333333333,3.11,2.0
2.0,3160.0,8180.0,2.0,1.0,65.0,87.3,1996.5,5.0,20.0,16.0,37.0,2.0,3.0,1.0,2.0,16.0,4.0,1.0,2.0,4.0,4.0,5.67,5.33,5.67,6.67,4.67,5.33,5.0
1.0,4220.0,7690.0,1.0,1.0,24.0,20.7,16335.0,18.0,30.0,48.0,70.0,1.0,1.0,2.0,1.0,11.0,1.0,1.0,3.0,3.0,,1.67,2.0,1.33,4.33,3.0,2.0,3.0
3.0,4760.0,5170.0,2.0,1.0,31.0,39.7,,,6.0,50.0,19.0,1.0,3.0,5.0,1.0,,0.0,5.0,,1.0,,3.0,3.0,2.67,5.0,4.0,2.33,2.0
1.0,4760.0,4790.0,7.0,2.0,31.0,39.7,,,,0.0,47.0,1.0,1.0,5.0,2.0,14.0,2.0,1.0,0.0,4.0,4.0,3.0,3.0,2.67,5.0,4.0,2.33,2.0
1.0,9610.0,8780.0,1.0,2.0,22.0,17.5,5898.75,11.0,40.0,35.0,24.0,2.0,1.0,2.0,1.0,12.0,1.0,5.0,0.0,4.0,,1.33,2.33,1.0,3.67,3.67,1.83,2.0
1.0,1300.0,7290.0,4.0,1.0,73.0,84.0,1633.5,4.0,,5.0,30.0,1.0,3.0,2.0,1.0,12.0,1.0,5.0,0.0,4.0,,5.335,5.835,5.17,3.5,3.665,5.335,4.5
,7330.0,2370.0,5.0,2.0,38.0,42.8,,,,0.0,67.0,1.0,1.0,5.0,1.0,12.0,1.0,1.0,2.0,3.0,,3.0,4.5,2.5,3.5,5.67,3.42,2.5
2.0,120.0,7390.0,1.0,2.0,53.0,69.3,97883.49087,26.0,40.0,49.0,46.0,2.0,1.0,4.0,2.0,16.0,3.0,1.0,3.0,3.0,,5.5,5.835,5.335,4.5,5.165,5.915,4.0
,2010.0,9480.0,5.0,2.0,54.0,62.9,,,,0.0,59.0,2.0,2.0,1.0,1.0,15.0,1.0,5.0,0.0,3.0,,5.890000000000001,5.4433333333333325,4.0,6.446666666666666,4.67,4.886666666666667,4.666666666666667
3.0,5620.0,5380.0,1.0,2.0,25.0,23.8,,,40.0,30.0,39.0,1.0,2.0,1.0,1.0,12.0,0.0,5.0,4.0,1.0,4.0,2.0,2.83,1.83,4.5,4.25,2.29,2.0
2.0,160.0,6390.0,1.0,2.0,44.0,52.5,24502.5,20.0,40.0,52.0,39.0,1.0,1.0,2.0,2.0,13.0,1.0,4.0,3.0,2.0,,4.44,5.22,4.22,5.33,4.78,5.17,4.0
1.0,3310.0,7980.0,1.0,1.0,56.0,76.7,24502.5,20.0,40.0,52.0,39.0,2.0,1.0,1.0,1.0,16.0,3.0,1.0,3.0,4.0,4.0,4.33,4.67,3.67,6.67,5.0,4.5,3.0
,,,2.0,,,,,,,,,,,,,,0.0,5.0,0.0,2.0,,,,,,,,
2.0,3930.0,7860.0,1.0,2.0,34.0,34.7,16335.0,18.0,40.0,48.0,56.0,2.0,1.0,5.0,2.0,16.0,1.0,1.0,4.0,3.0,1.0,3.665,4.835,3.165,3.835,5.165,3.335,2.0
2.0,5620.0,4970.0,2.0,2.0,25.0,23.8,5898.75,11.0,19.0,30.0,18.0,1.0,1.0,2.0,1.0,12.0,1.0,5.0,0.0,3.0,,2.0,2.83,1.83,4.5,4.25,2.29,2.0
1.0,,,3.0,1.0,,,97883.49087,26.0,,4.0,40.0,,3.0,4.0,,,0.0,5.0,,3.0,4.0,,,,,,,
3.0,230.0,7860.0,1.0,2.0,59.0,75.5,19965.0,19.0,36.0,48.0,33.0,1.0,2.0,1.0,1.0,17.0,3.0,5.0,1.0,1.0,,5.7524999999999995,6.0825,5.25,6.25,3.915,5.3325,4.5
,,,6.0,,,,,,,8.0,24.0,1.0,1.0,5.0,1.0,15.0,3.0,5.0,0.0,3.0,4.0,,,,,,,
1.0,3200.0,8090.0,1.0,2.0,66.0,86.0,36300.0,22.0,40.0,52.0,57.0,1.0,3.0,1.0,2.0,17.0,3.0,1.0,3.0,2.0,4.0,5.0,4.67,4.33,6.33,6.33,5.0,3.0
2.0,9620.0,6290.0,2.0,2.0,25.0,23.3,24502.5,20.0,20.0,48.0,69.0,2.0,2.0,1.0,1.0,20.0,4.0,4.0,0.0,2.0,4.0,2.0,2.0,2.0,4.33,4.33,2.17,2.0
,3220.0,8190.0,5.0,2.0,62.0,79.9,,,,0.0,69.0,1.0,2.0,1.0,1.0,14.0,0.0,5.0,2.0,1.0,4.0,4.33,4.0,4.67,6.0,5.67,4.5,3.0
1.0,3245.0,8590.0,2.0,2.0,62.0,71.4,,,20.0,40.0,44.0,2.0,1.0,2.0,2.0,13.0,1.0,1.0,4.0,4.0,4.0,,,,,,,
1.0,3930.0,7680.0,1.0,2.0,34.0,34.7,,,40.0,40.0,44.0,1.0,3.0,1.0,1.0,17.0,1.0,1.0,0.0,4.0,4.0,3.665,4.835,3.165,3.835,5.165,3.335,2.0
1.0,5620.0,1180.0,1.0,2.0,25.0,23.8,9982.5,15.0,40.0,45.0,61.0,1.0,2.0,1.0,1.0,12.0,1.0,3.0,4.0,3.0,1.0,2.0,2.83,1.83,4.5,4.25,2.29,2.0
4.0,2200.0,7870.0,1.0,2.0,74.0,84.5,11797.5,16.0,40.0,52.0,29.0,1.0,3.0,5.0,2.0,20.0,4.0,5.0,0.0,3.0,4.0,5.658888888888889,5.612222222222222,5.184722222222223,5.074166666666667,3.1766666666666667,5.342777777777778,4.944444444444445
,430.0,6870.0,5.0,2.0,39.0,67.7,16335.0,18.0,,25.0,71.0,2.0,2.0,1.0,1.0,16.0,3.0,1.0,0.0,3.0,4.0,5.5,5.29125,4.875,4.8325,4.375,5.04125,4.0
3.0,,,7.0,,,,,,,,33.0,2.0,3.0,1.0,2.0,16.0,3.0,1.0,1.0,4.0,,,,,,,,
3.0,430.0,6390.0,1.0,2.0,39.0,67.7,8621.25,14.0,36.0,52.0,28.0,1.0,1.0,5.0,1.0,14.0,1.0,5.0,0.0,3.0,,5.5,5.29125,4.875,4.8325,4.375,5.04125,4.0
,,,6.0,,,,,,,10.0,23.0,1.0,3.0,2.0,1.0,11.0,0.0,5.0,0.0,3.0,4.0,,,,,,,
2.0,5240.0,7280.0,4.0,2.0,31.0,37.6,9982.5,15.0,,40.0,29.0,2.0,2.0,1.0,1.0,12.0,1.0,5.0,2.0,2.0,4.0,3.835,4.0,3.335,6.165,4.5,3.58,2.5
1.0,5620.0,6290.0,1.0,2.0,25.0,23.8,58080.0,25.0,56.0,45.0,59.0,1.0,2.0,1.0,1.0,12.0,1.0,2.0,4.0,3.0,1.0,2.0,2.83,1.83,4.5,4.25,2.29,2.0
2.0,5240.0,6990.0,1.0,2.0,31.0,37.6,11797.5,16.0,40.0,48.0,24.0,2.0,2.0,1.0,1.0,13.0,1.0,5.0,1.0,3.0,,3.835,4.0,3.335,6.165,4.5,3.58,2.5
3.0,5700.0,3960.0,1.0,2.0,47.0,38.8,19965.0,19.0,40.0,52.0,57.0,2.0,3.0,1.0,2.0,14.0,2.0,3.0,3.0,4.0,,3.3325,3.0,2.9175,5.0825,4.8325,3.6225,2.5
2.0,4220.0,8190.0,7.0,2.0,24.0,20.7,,,,0.0,67.0,2.0,3.0,5.0,1.0,12.0,1.0,1.0,3.0,4.0,4.0,1.67,2.0,1.33,4.33,3.0,2.0,3.0
1.0,2200.0,7870.0,1.0,2.0,74.0,84.5,43560.0,23.0,45.0,44.0,40.0,2.0,3.0,1.0,2.0,20.0,4.0,1.0,0.0,1.0,,5.658888888888889,5.612222222222222,5.184722222222223,5.074166666666667,3.1766666666666667,5.342777777777778,4.944444444444445
3.0,4720.0,4880.0,4.0,2.0,28.0,21.6,9982.5,15.0,,52.0,21.0,1.0,1.0,3.0,1.0,13.0,0.0,5.0,0.0,1.0,,2.5,2.835,2.0,4.5,4.0,2.335,2.0
,8140.0,3890.0,5.0,2.0,38.0,28.4,,,,0.0,60.0,1.0,1.0,1.0,1.0,13.0,1.0,3.0,3.0,2.0,,2.415,3.25,2.25,3.75,5.25,3.0,2.0
2.0,230.0,7860.0,1.0,2.0,59.0,75.5,29947.5,21.0,60.0,45.0,36.0,2.0,3.0,1.0,1.0,17.0,4.0,1.0,2.0,2.0,1.0,5.7524999999999995,6.0825,5.25,6.25,3.915,5.3325,4.5
1.0,5240.0,5380.0,1.0,2.0,31.0,37.6,,,40.0,0.0,20.0,2.0,1.0,3.0,1.0,12.0,1.0,5.0,0.0,1.0,4.0,3.835,4.0,3.335,6.165,4.5,3.58,2.5
2.0,430.0,7290.0,1.0,2.0,39.0,67.7,43560.0,23.0,50.0,52.0,40.0,1.0,2.0,1.0,1.0,16.0,3.0,1.0,1.0,3.0,,5.5,5.29125,4.875,4.8325,4.375,5.04125,4.0
,5630.0,2670.0,5.0,2.0,34.0,31.6,,,,0.0,72.0,1.0,2.0,1.0,1.0,12.0,1.0,1.0,3.0,1.0,4.0,2.33,2.67,2.33,5.0,4.33,2.5,2.0
,,,,,,,,,,1.0,,,1.0,3.0,2.0,8.0,0.0,5.0,8.0,2.0,4.0,,,,,,,
2.0,120.0,6870.0,1.0,2.0,53.0,69.3,97883.49087,26.0,40.0,52.0,40.0,1.0,2.0,1.0,1.0,19.0,4.0,1.0,1.0,3.0,4.0,5.5,5.835,5.335,4.5,5.165,5.915,4.0
4.0,,,4.0,,,,,,,,,,,,,12.0,0.0,4.0,8.0,1.0,,,,,,,,
,5000.0,8770.0,5.0,2.0,46.0,52.0,,,,0.0,68.0,2.0,3.0,5.0,1.0,12.0,1.0,1.0,0.0,4.0,4.0,4.33,5.33,4.33,5.33,5.67,4.83,3.0
2.0,2310.0,7860.0,1.0,2.0,61.0,80.9,24502.5,20.0,40.0,0.0,,2.0,,1.0,1.0,18.0,4.0,3.0,1.0,3.0,1.0,5.333333333333333,5.33,4.22,6.22,4.22,4.78,4.0
2.0,5000.0,6870.0,1.0,2.0,46.0,52.0,24502.5,20.0,40.0,52.0,33.0,1.0,1.0,2.0,1.0,14.0,1.0,5.0,0.0,4.0,4.0,4.33,5.33,4.33,5.33,5.67,4.83,3.0
,,,6.0,,,,,,,24.0,20.0,2.0,,3.0,2.0,13.0,1.0,5.0,1.0,3.0,4.0,,,,,,,
,300.0,9370.0,5.0,2.0,62.0,89.1,,,,0.0,69.0,1.0,3.0,1.0,2.0,18.0,4.0,5.0,0.0,3.0,,6.335,6.0,5.33,3.665,4.335,6.085,4.5
2.0,6230.0,,1.0,1.0,44.0,28.7,1996.5,5.0,38.0,1.0,34.0,1.0,1.0,2.0,1.0,16.0,3.0,5.0,0.0,3.0,4.0,3.67,4.33,2.83,3.0,4.83,3.83,2.0
2.0,1430.0,3990.0,1.0,2.0,63.0,81.6,,,40.0,52.0,43.0,1.0,2.0,1.0,1.0,20.0,4.0,5.0,0.0,2.0,4.0,5.5825,5.5024999999999995,5.1675,3.9175,4.4975000000000005,5.54,4.25
2.0,110.0,6970.0,1.0,2.0,60.0,83.8,97883.49087,26.0,40.0,52.0,37.0,1.0,1.0,5.0,2.0,19.0,4.0,1.0,1.0,3.0,4.0,5.33,5.0,5.33,4.33,5.67,6.5,4.0
2.0,2300.0,8470.0,4.0,2.0,53.0,41.1,5898.75,11.0,,42.0,28.0,2.0,2.0,1.0,1.0,17.0,2.0,5.0,0.0,3.0,4.0,5.0,4.665,3.665,6.5,3.67,4.335,3.5
,4600.0,9290.0,5.0,2.0,35.0,21.8,,,,0.0,58.0,2.0,1.0,2.0,2.0,9.0,0.0,5.0,6.0,4.0,,4.0,4.5,2.5,6.0,3.0,3.33,2.0
1.0,630.0,6990.0,1.0,2.0,47.0,65.3,16335.0,18.0,41.0,52.0,42.0,2.0,2.0,1.0,1.0,12.0,1.0,5.0,2.0,1.0,4.0,4.556666666666667,4.333333333333333,4.0,5.446666666666666,4.333333333333333,4.163333333333333,3.3333333333333335
2.0,4030.0,4970.0,1.0,2.0,21.0,13.6,11797.5,16.0,35.0,40.0,24.0,1.0,3.0,2.0,1.0,12.0,1.0,5.0,0.0,3.0,,1.67,1.67,1.67,4.67,4.67,2.0,2.0
2.0,120.0,6870.0,1.0,2.0,53.0,69.3,43560.0,23.0,40.0,52.0,35.0,2.0,3.0,1.0,2.0,16.0,3.0,5.0,0.0,4.0,4.0,5.5,5.835,5.335,4.5,5.165,5.915,4.0
2.0,1020.0,6870.0,1.0,2.0,60.0,87.9,36300.0,22.0,40.0,48.0,24.0,1.0,3.0,1.0,1.0,16.0,3.0,5.0,0.0,3.0,4.0,5.0,5.0,4.67,4.33,5.0,5.0,4.0
,5700.0,7970.0,5.0,2.0,47.0,38.8,,,,52.0,67.0,2.0,1.0,4.0,2.0,15.0,1.0,1.0,3.0,3.0,,3.3325,3.0,2.9175,5.0825,4.8325,3.6225,2.5
,,,4.0,,,,,,,0.0,26.0,2.0,2.0,1.0,1.0,12.0,1.0,5.0,0.0,3.0,4.0,,,,,,,
2.0,1020.0,7380.0,1.0,2.0,60.0,87.9,43560.0,23.0,40.0,51.0,40.0,2.0,3.0,1.0,2.0,17.0,3.0,1.0,2.0,4.0,2.0,5.0,5.0,4.67,4.33,5.0,5.0,4.0
2.0,2105.0,7270.0,1.0,2.0,59.0,79.6,24502.5,20.0,45.0,52.0,29.0,1.0,,2.0,1.0,20.0,4.0,5.0,0.0,4.0,4.0,5.0,3.0,3.67,3.67,4.33,4.33,5.0
1.0,8030.0,1990.0,1.0,2.0,40.0,38.3,43560.0,23.0,60.0,52.0,26.0,1.0,1.0,2.0,1.0,12.0,1.0,5.0,1.0,3.0,4.0,2.67,3.33,2.67,2.0,5.33,3.33,3.0
,,,6.0,,,,,,,0.0,19.0,2.0,3.0,1.0,1.0,13.0,1.0,5.0,0.0,4.0,4.0,,,,,,,
,3930.0,6380.0,5.0,2.0,34.0,34.7,58080.0,25.0,,0.0,44.0,1.0,1.0,2.0,2.0,15.0,1.0,1.0,2.0,2.0,4.0,3.665,4.835,3.165,3.835,5.165,3.335,2.0
,5620.0,5390.0,6.0,2.0,25.0,23.8,16335.0,18.0,,48.0,19.0,1.0,2.0,5.0,1.0,12.0,1.0,5.0,0.0,4.0,4.0,2.0,2.83,1.83,4.5,4.25,2.29,2.0
2.0,110.0,6870.0,4.0,2.0,60.0,83.8,16335.0,18.0,,52.0,61.0,2.0,2.0,1.0,1.0,14.0,1.0,1.0,2.0,1.0,2.0,5.33,5.0,5.33,4.33,5.67,6.5,4.0
2.0,,,3.0,1.0,,,,,,5.0,37.0,1.0,1.0,3.0,1.0,3.0,0.0,2.0,0.0,4.0,2.0,,,,,,,
2.0,,,4.0,2.0,,,,,,0.0,21.0,1.0,3.0,2.0,2.0,11.0,0.0,1.0,0.0,4.0,,,,,,,,
,9620.0,6380.0,6.0,2.0,25.0,23.3,24502.5,20.0,,52.0,20.0,1.0,2.0,1.0,1.0,14.0,1.0,5.0,0.0,3.0,,2.0,2.0,2.0,4.33,4.33,2.17,2.0
2.0,2310.0,7860.0,1.0,2.0,61.0,80.9,16335.0,18.0,40.0,52.0,40.0,2.0,2.0,1.0,1.0,18.0,4.0,3.0,1.0,3.0,4.0,5.333333333333333,5.33,4.22,6.22,4.22,4.78,4.0
1.0,4600.0,8470.0,1.0,2.0,35.0,21.8,8621.25,14.0,40.0,4.0,35.0,2.0,2.0,1.0,1.0,15.0,1.0,5.0,2.0,3.0,4.0,4.0,4.5,2.5,6.0,3.0,3.33,2.0
2.0,7315.0,770.0,1.0,2.0,45.0,38.8,11797.5,16.0,40.0,20.0,29.0,1.0,1.0,2.0,1.0,14.0,1.0,5.0,0.0,4.0,4.0,3.83,5.33,3.0,4.0,5.5,4.0,3.0
2.0,,,1.0,2.0,,,,,35.0,3.0,49.0,1.0,2.0,1.0,1.0,12.0,1.0,1.0,,3.0,,,,,,,,
2.0,3255.0,8190.0,1.0,2.0,64.0,84.2,36300.0,22.0,46.0,45.0,27.0,2.0,3.0,1.0,1.0,19.0,3.0,5.0,0.0,4.0,,5.3340000000000005,4.934,4.8,6.066,5.734,5.1,4.4
1.0,9130.0,6380.0,2.0,2.0,35.0,32.0,726.0,2.0,12.0,4.0,25.0,1.0,1.0,2.0,1.0,16.0,1.0,5.0,0.0,1.0,,2.223333333333333,3.6666666666666665,2.11,2.8866666666666667,4.556666666666667,3.056666666666666,2.0
3.0,4250.0,6390.0,4.0,2.0,37.0,18.6,,,,20.0,29.0,1.0,,2.0,1.0,12.0,1.0,5.0,0.0,4.0,,2.4466666666666668,3.3333333333333335,2.223333333333333,3.6633333333333336,4.333333333333333,3.11,2.0
3.0,4465.0,9590.0,1.0,2.0,49.0,66.1,24502.5,20.0,40.0,52.0,34.0,1.0,2.0,4.0,1.0,17.0,1.0,4.0,0.0,3.0,4.0,4.67,5.33,4.0,6.33,4.0,4.33,3.0
2.0,3320.0,8090.0,2.0,2.0,59.0,69.3,,,,,,2.0,3.0,1.0,2.0,15.0,2.0,1.0,0.0,1.0,4.0,4.7,4.468,3.898000000000001,5.468,5.434,4.682,3.0
1.0,3600.0,9170.0,2.0,2.0,48.0,24.2,6806.25,12.0,16.0,52.0,59.0,2.0,2.0,1.0,1.0,13.0,1.0,3.0,3.0,2.0,1.0,2.915,3.0,2.3325,5.0825,4.6675,3.125,2.25
2.0,1006.0,6870.0,1.0,2.0,65.0,80.7,97883.49087,26.0,45.0,52.0,41.0,1.0,3.0,1.0,1.0,17.0,4.0,1.0,0.0,3.0,4.0,5.0,5.0,4.835,4.17,4.665,4.835,4.0
2.0,310.0,8680.0,1.0,1.0,39.0,41.0,24502.5,20.0,47.0,47.0,26.0,1.0,3.0,2.0,1.0,16.0,2.0,5.0,0.0,4.0,4.0,4.33,5.67,4.33,4.67,4.67,4.5,2.0
1.0,4610.0,8370.0,2.0,2.0,48.0,20.1,7713.75,13.0,38.0,48.0,44.0,2.0,1.0,3.0,2.0,16.0,3.0,3.0,1.0,1.0,4.0,4.0,3.33,2.67,5.67,4.0,3.0,2.0
2.0,4050.0,8680.0,4.0,2.0,21.0,14.0,,,,2.0,22.0,2.0,1.0,2.0,1.0,12.0,1.0,1.0,2.0,2.0,,1.67,1.83,1.67,4.5,4.0,1.92,2.0
3.0,,,1.0,2.0,,,,,,,32.0,1.0,3.0,1.0,2.0,7.0,0.0,4.0,5.0,2.0,,,,,,,,
3.0,5240.0,5590.0,2.0,2.0,31.0,37.6,,,20.0,,,2.0,2.0,1.0,2.0,12.0,1.0,5.0,8.0,3.0,,3.835,4.0,3.335,6.165,4.5,3.58,2.5
2.0,110.0,7780.0,1.0,2.0,60.0,83.8,19965.0,19.0,50.0,52.0,41.0,1.0,1.0,1.0,1.0,14.0,1.0,1.0,3.0,4.0,,5.33,5.0,5.33,4.33,5.67,6.5,4.0
2.0,120.0,6870.0,1.0,2.0,53.0,69.3,43560.0,23.0,50.0,52.0,52.0,1.0,3.0,1.0,2.0,16.0,3.0,1.0,2.0,1.0,4.0,5.5,5.835,5.335,4.5,5.165,5.915,4.0
2.0,5860.0,770.0,1.0,2.0,32.0,35.8,3267.0,8.0,36.0,27.0,58.0,2.0,3.0,1.0,2.0,16.0,3.0,3.0,1.0,3.0,4.0,2.33,2.67,2.33,5.67,4.33,2.5,2.0
1.0,4720.0,8680.0,4.0,2.0,28.0,21.6,181.5,1.0,,20.0,28.0,2.0,2.0,1.0,1.0,12.0,0.0,5.0,0.0,2.0,4.0,2.5,2.835,2.0,4.5,4.0,2.335,2.0
2.0,3655.0,7860.0,1.0,2.0,49.0,28.6,9982.5,15.0,40.0,36.0,43.0,2.0,3.0,1.0,2.0,15.0,3.0,1.0,2.0,3.0,,3.556666666666666,3.1133333333333333,3.3366666666666664,4.78,5.223333333333334,3.556666666666666,2.3333333333333335
3.0,2540.0,7860.0,4.0,2.0,48.0,26.1,,,,0.0,37.0,1.0,1.0,5.0,1.0,12.0,1.0,5.0,0.0,4.0,,,,,,,,3.0
2.0,5165.0,6890.0,1.0,2.0,37.0,50.7,97883.49087,26.0,60.0,40.0,42.0,1.0,3.0,1.0,2.0,18.0,4.0,1.0,2.0,4.0,4.0,,,,,,,
2.0,800.0,6970.0,1.0,2.0,60.0,76.3,43560.0,23.0,40.0,52.0,40.0,1.0,2.0,1.0,2.0,20.0,4.0,1.0,4.0,2.0,4.0,5.0,5.0,4.67,4.67,4.67,4.5,4.0
3.0,,,4.0,1.0,,,,,,2.0,33.0,2.0,,5.0,2.0,12.0,1.0,5.0,3.0,1.0,4.0,,,,,,,
2.0,5510.0,6380.0,1.0,1.0,29.0,39.9,16335.0,18.0,40.0,52.0,49.0,2.0,2.0,1.0,1.0,19.0,4.0,5.0,1.0,2.0,4.0,2.0,2.67,2.0,4.0,4.0,2.67,2.0
1.0,2900.0,370.0,1.0,2.0,43.0,57.3,36300.0,22.0,60.0,52.0,52.0,1.0,1.0,2.0,1.0,9.0,0.0,1.0,5.0,4.0,1.0,4.11,4.776666666666666,3.3333333333333335,4.443333333333333,3.8866666666666663,4.0,3.0
,,,6.0,,,,,,,45.0,22.0,2.0,1.0,2.0,1.0,14.0,2.0,1.0,2.0,4.0,,,,,,,,
,5000.0,7980.0,5.0,2.0,46.0,52.0,,,,0.0,74.0,2.0,1.0,2.0,1.0,14.0,1.0,1.0,3.0,3.0,2.0,4.33,5.33,4.33,5.33,5.67,4.83,3.0
2.0,1010.0,3980.0,1.0,2.0,63.0,81.0,97883.49087,26.0,40.0,52.0,54.0,1.0,3.0,1.0,1.0,12.0,1.0,1.0,4.0,1.0,4.0,5.67,5.0,4.33,2.33,5.0,5.5,4.0
2.0,,,2.0,2.0,,,5898.75,11.0,10.0,,31.0,2.0,2.0,1.0,1.0,12.0,1.0,1.0,0.0,2.0,4.0,,,,,,,
3.0,9000.0,7790.0,1.0,2.0,45.0,46.6,29947.5,21.0,40.0,52.0,32.0,1.0,1.0,5.0,2.0,12.0,1.0,5.0,0.0,2.0,4.0,4.5,5.415,4.25,4.9975000000000005,5.0825,4.2075,2.4
2.0,3930.0,3990.0,1.0,2.0,34.0,34.7,7713.75,13.0,42.0,7.0,27.0,2.0,2.0,1.0,1.0,12.0,1.0,1.0,4.0,3.0,4.0,3.665,4.835,3.165,3.835,5.165,3.335,2.0
,1540.0,6680.0,5.0,2.0,47.0,62.7,,,,0.0,75.0,2.0,2.0,1.0,1.0,12.0,1.0,2.0,2.0,3.0,4.0,4.053333333333334,3.8333333333333335,3.6666666666666665,3.8866666666666663,4.723333333333334,4.193333333333333,3.0
1.0,5700.0,6170.0,1.0,2.0,47.0,38.8,24502.5,20.0,35.0,48.0,41.0,2.0,1.0,2.0,2.0,16.0,3.0,1.0,3.0,3.0,4.0,3.3325,3.0,2.9175,5.0825,4.8325,3.6225,2.5
1.0,,,7.0,,,,,,,0.0,62.0,2.0,3.0,1.0,2.0,15.0,1.0,1.0,2.0,2.0,4.0,,,,,,,
2.0,4520.0,8990.0,7.0,1.0,30.0,20.1,,,,8.0,32.0,2.0,2.0,3.0,1.0,12.0,1.0,5.0,1.0,2.0,4.0,3.085,3.2525,2.75,5.085,2.915,2.835,2.5
2.0,5240.0,6970.0,4.0,2.0,31.0,37.6,19965.0,19.0,,33.0,38.0,2.0,2.0,1.0,1.0,15.0,3.0,5.0,0.0,1.0,4.0,3.835,4.0,3.335,6.165,4.5,3.58,2.5
1.0,2200.0,7870.0,2.0,2.0,74.0,84.5,11797.5,16.0,25.0,52.0,36.0,1.0,3.0,1.0,2.0,16.0,3.0,5.0,0.0,3.0,4.0,5.658888888888889,5.612222222222222,5.184722222222223,5.074166666666667,3.1766666666666667,5.342777777777778,4.944444444444445
1.0,2340.0,7890.0,2.0,2.0,38.0,59.1,726.0,2.0,20.0,48.0,62.0,2.0,2.0,1.0,1.0,12.0,1.0,2.0,3.0,3.0,4.0,5.0,5.446666666666666,4.11,6.0,3.0,4.28,3.5
,1107.0,7380.0,5.0,2.0,48.0,70.5,97883.49087,26.0,,0.0,58.0,1.0,1.0,5.0,2.0,17.0,4.0,1.0,0.0,4.0,4.0,5.576363636363637,4.969090909090909,4.4390909090909085,3.4545454545454546,4.181818181818182,5.038181818181818,3.8461538461538463
,4030.0,8680.0,6.0,2.0,21.0,13.6,1270.5,3.0,,30.0,18.0,2.0,3.0,1.0,1.0,12.0,1.0,5.0,0.0,3.0,,1.67,1.67,1.67,4.67,4.67,2.0,2.0
1.0,310.0,8680.0,1.0,2.0,39.0,41.0,9982.5,15.0,50.0,40.0,40.0,2.0,2.0,1.0,2.0,14.0,2.0,5.0,0.0,3.0,4.0,4.33,5.67,4.33,4.67,4.67,4.5,2.0
2.0,136.0,6570.0,1.0,2.0,53.0,68.6,36300.0,22.0,40.0,52.0,29.0,2.0,3.0,1.0,1.0,16.0,3.0,5.0,0.0,4.0,2.0,5.33,5.0,5.67,6.0,4.33,5.33,4.0
3.0,,,1.0,2.0,,,,,40.0,30.0,31.0,1.0,2.0,1.0,,,0.0,4.0,,1.0,,,,,,,,
2.0,4610.0,8270.0,7.0,1.0,48.0,20.1,1996.5,5.0,,10.0,40.0,2.0,3.0,5.0,2.0,15.0,1.0,1.0,2.0,3.0,,4.0,3.33,2.67,5.67,4.0,3.0,2.0
,8450.0,8880.0,5.0,2.0,34.0,20.3,,,,0.0,73.0,1.0,2.0,1.0,1.0,12.0,1.0,2.0,2.0,2.0,4.0,3.33,3.33,2.33,3.33,4.33,3.33,2.0
2.0,,,2.0,2.0,,,,,,,,2.0,3.0,1.0,1.0,16.0,2.0,5.0,2.0,4.0,,,,,,,,
2.0,5940.0,770.0,7.0,2.0,17.0,45.3,181.5,1.0,,2.0,32.0,2.0,1.0,4.0,1.0,16.0,3.0,1.0,1.0,3.0,,,,,,,,
2.0,2720.0,8560.0,1.0,1.0,65.0,59.4,1270.5,3.0,21.0,48.0,28.0,2.0,3.0,5.0,1.0,17.0,3.0,5.0,0.0,4.0,4.0,5.890000000000001,4.886666666666667,4.556666666666667,5.113333333333333,4.113333333333333,3.89,2.6666666666666665
2.0,5700.0,8470.0,1.0,2.0,47.0,38.8,43560.0,23.0,40.0,45.0,56.0,2.0,2.0,1.0,1.0,12.0,1.0,5.0,0.0,3.0,,3.3325,3.0,2.9175,5.0825,4.8325,3.6225,2.5
,9610.0,,8.0,2.0,22.0,17.5,,,,5.0,49.0,1.0,2.0,1.0,1.0,12.0,1.0,5.0,5.0,2.0,4.0,1.33,2.33,1.0,3.67,3.67,1.83,2.0
1.0,1107.0,7860.0,1.0,2.0,48.0,70.5,8621.25,14.0,40.0,50.0,44.0,1.0,3.0,2.0,1.0,15.0,2.0,5.0,0.0,4.0,4.0,5.576363636363637,4.969090909090909,4.4390909090909085,3.4545454545454546,4.181818181818182,5.038181818181818,3.8461538461538463
2.0,4250.0,6870.0,1.0,2.0,37.0,18.6,16335.0,18.0,40.0,48.0,30.0,1.0,1.0,2.0,1.0,12.0,1.0,1.0,0.0,3.0,,2.4466666666666668,3.3333333333333335,2.223333333333333,3.6633333333333336,4.333333333333333,3.11,2.0
2.0,9130.0,8680.0,2.0,2.0,35.0,32.0,7713.75,13.0,30.0,52.0,61.0,2.0,2.0,1.0,1.0,13.0,1.0,1.0,3.0,2.0,,2.223333333333333,3.6666666666666665,2.11,2.8866666666666667,4.556666666666667,3.056666666666666,2.0
,5700.0,7470.0,5.0,2.0,47.0,38.8,181.5,1.0,,0.0,76.0,2.0,2.0,1.0,1.0,12.0,1.0,5.0,3.0,3.0,,3.3325,3.0,2.9175,5.0825,4.8325,3.6225,2.5
2.0,2850.0,9370.0,1.0,2.0,67.0,73.6,,,35.0,51.0,36.0,2.0,1.0,5.0,1.0,16.0,3.0,3.0,0.0,1.0,1.0,5.5,4.67,4.335,3.335,3.165,4.5,4.0
3.0,8740.0,6390.0,4.0,2.0,39.0,38.1,24502.5,20.0,,34.0,32.0,2.0,2.0,1.0,2.0,16.0,3.0,5.0,0.0,1.0,,2.33,2.33,1.67,3.0,4.33,2.83,2.0
2.0,4700.0,4770.0,1.0,2.0,38.0,43.0,11797.5,16.0,47.0,52.0,38.0,2.0,1.0,2.0,1.0,12.0,1.0,5.0,1.0,3.0,,3.67,4.67,3.67,4.33,4.0,4.0,2.0
4.0,4020.0,8680.0,4.0,2.0,33.0,13.6,4991.25,10.0,,,28.0,1.0,1.0,2.0,2.0,16.0,1.0,5.0,4.0,3.0,,2.732,3.665999999999999,2.268,4.066,3.6,2.6,2.2
2.0,310.0,8680.0,1.0,2.0,39.0,41.0,24502.5,20.0,50.0,52.0,26.0,2.0,1.0,2.0,1.0,12.0,1.0,5.0,3.0,3.0,4.0,4.33,5.67,4.33,4.67,4.67,4.5,2.0
2.0,9610.0,7080.0,2.0,1.0,22.0,17.5,13612.5,17.0,20.0,48.0,43.0,1.0,,2.0,1.0,14.0,1.0,1.0,5.0,4.0,,1.33,2.33,1.0,3.67,3.67,1.83,2.0
,4020.0,8680.0,6.0,2.0,33.0,13.6,,,,0.0,49.0,1.0,2.0,1.0,1.0,12.0,1.0,3.0,2.0,2.0,,2.732,3.665999999999999,2.268,4.066,3.6,2.6,2.2
1.0,4720.0,4670.0,7.0,2.0,28.0,21.6,181.5,1.0,,33.0,26.0,2.0,1.0,2.0,1.0,12.0,1.0,5.0,2.0,3.0,,2.5,2.835,2.0,4.5,4.0,2.335,2.0
2.0,2630.0,570.0,1.0,2.0,46.0,61.4,58080.0,25.0,40.0,50.0,36.0,1.0,1.0,1.0,1.0,17.0,3.0,1.0,0.0,4.0,,5.24,5.048571428571429,3.954285714285714,4.428571428571429,3.238571428571429,4.3342857142857145,3.5714285714285716
1.0,4760.0,5790.0,7.0,2.0,31.0,39.7,,,,0.0,38.0,2.0,2.0,1.0,1.0,16.0,2.0,1.0,2.0,3.0,4.0,3.0,3.0,2.67,5.0,4.0,2.33,2.0
1.0,4920.0,7070.0,1.0,1.0,49.0,56.9,24502.5,20.0,40.0,52.0,58.0,1.0,2.0,1.0,1.0,16.0,3.0,3.0,1.0,3.0,,5.0,5.165,4.33,5.0,3.5,4.5,3.5
2.0,5860.0,7280.0,2.0,2.0,32.0,35.8,4991.25,10.0,10.0,48.0,66.0,2.0,1.0,1.0,2.0,14.0,2.0,2.0,2.0,3.0,,2.33,2.67,2.33,5.67,4.33,2.5,2.0
3.0,,,2.0,2.0,,,,,67.0,4.0,27.0,2.0,3.0,3.0,1.0,7.0,0.0,1.0,4.0,4.0,3.0,,,,,,,
2.0,5240.0,570.0,1.0,2.0,31.0,37.6,,,44.0,0.0,31.0,2.0,1.0,2.0,1.0,16.0,3.0,5.0,1.0,3.0,4.0,3.835,4.0,3.335,6.165,4.5,3.58,2.5
,,,,,,,,,,0.0,33.0,2.0,3.0,1.0,2.0,16.0,3.0,1.0,1.0,2.0,4.0,,,,,,,
1.0,5240.0,6870.0,4.0,2.0,31.0,37.6,16335.0,18.0,,52.0,74.0,1.0,2.0,1.0,1.0,15.0,1.0,3.0,5.0,1.0,,3.835,4.0,3.335,6.165,4.5,3.58,2.5
,410.0,7070.0,5.0,1.0,41.0,54.6,,,,47.0,64.0,1.0,3.0,1.0,1.0,14.0,2.0,2.0,8.0,2.0,4.0,5.0,5.67,4.33,4.33,3.67,4.83,4.0
2.0,630.0,5790.0,7.0,2.0,47.0,65.3,19965.0,19.0,,34.0,,2.0,2.0,1.0,2.0,14.0,2.0,1.0,3.0,3.0,4.0,4.556666666666667,4.333333333333333,4.0,5.446666666666666,4.333333333333333,4.163333333333333,3.3333333333333335
1.0,5850.0,6870.0,1.0,2.0,32.0,25.7,13612.5,17.0,42.0,52.0,64.0,1.0,3.0,1.0,1.0,14.0,1.0,1.0,2.0,4.0,,2.0,2.0,1.67,2.33,3.67,2.17,2.0
3.0,2000.0,7870.0,1.0,2.0,51.0,63.7,13612.5,17.0,40.0,42.0,31.0,2.0,2.0,1.0,1.0,18.0,4.0,1.0,1.0,3.0,,5.465999999999999,5.0,4.668,6.6,3.601999999999999,4.566,4.8
2.0,6260.0,770.0,1.0,2.0,28.0,25.2,4991.25,10.0,40.0,12.0,55.0,1.0,1.0,,1.0,14.0,1.0,3.0,3.0,2.0,4.0,2.33,2.67,1.67,4.0,4.33,3.17,2.0
1.0,5240.0,5790.0,1.0,2.0,31.0,37.6,16335.0,18.0,45.0,45.0,43.0,1.0,2.0,1.0,1.0,14.0,1.0,5.0,0.0,3.0,4.0,3.835,4.0,3.335,6.165,4.5,3.58,2.5
2.0,5700.0,9370.0,1.0,2.0,47.0,38.8,,,40.0,52.0,43.0,2.0,2.0,3.0,1.0,13.0,1.0,5.0,1.0,4.0,1.0,3.3325,3.0,2.9175,5.0825,4.8325,3.6225,2.5
2.0,1020.0,9370.0,1.0,2.0,60.0,87.9,43560.0,23.0,35.0,52.0,58.0,2.0,3.0,1.0,2.0,17.0,4.0,1.0,1.0,1.0,1.0,5.0,5.0,4.67,4.33,5.0,5.0,4.0
1.0,1050.0,9480.0,1.0,2.0,48.0,64.5,13612.5,17.0,40.0,52.0,65.0,2.0,1.0,2.0,1.0,14.0,2.0,5.0,0.0,4.0,4.0,5.165,4.5,4.165,4.165,5.0,4.92,3.5
1.0,9130.0,,1.0,1.0,35.0,32.0,19965.0,19.0,40.0,50.0,36.0,1.0,3.0,1.0,2.0,16.0,3.0,5.0,2.0,4.0,4.0,2.223333333333333,3.6666666666666665,2.11,2.8866666666666667,4.556666666666667,3.056666666666666,2.0
2.0,5310.0,8190.0,1.0,2.0,50.0,38.3,16335.0,18.0,40.0,52.0,37.0,2.0,2.0,1.0,1.0,14.0,2.0,5.0,2.0,3.0,,2.33,3.67,2.0,5.67,5.0,3.67,3.0
1.0,4820.0,6970.0,1.0,1.0,58.0,71.0,50820.0,24.0,40.0,49.0,53.0,1.0,1.0,2.0,1.0,16.0,3.0,5.0,0.0,4.0,2.0,5.17,5.08,4.42,4.75,4.42,5.17,4.0
,1540.0,770.0,5.0,2.0,47.0,62.7,,,,0.0,71.0,1.0,2.0,1.0,1.0,14.0,1.0,1.0,3.0,1.0,1.0,4.053333333333334,3.8333333333333335,3.6666666666666665,3.8866666666666663,4.723333333333334,4.193333333333333,3.0
1.0,4030.0,8680.0,1.0,2.0,21.0,13.6,16335.0,18.0,55.0,45.0,45.0,1.0,3.0,1.0,1.0,12.0,1.0,1.0,0.0,1.0,,1.67,1.67,1.67,4.67,4.67,2.0,2.0
2.0,5240.0,7590.0,4.0,2.0,31.0,37.6,,,,0.0,44.0,2.0,2.0,1.0,1.0,13.0,1.0,5.0,1.0,2.0,4.0,3.835,4.0,3.335,6.165,4.5,3.58,2.5
2.0,3245.0,8080.0,1.0,2.0,62.0,71.4,4991.25,10.0,32.0,50.0,21.0,2.0,3.0,1.0,1.0,16.0,3.0,5.0,0.0,4.0,4.0,,,,,,,
3.0,4850.0,8180.0,1.0,2.0,45.0,62.0,9982.5,15.0,39.0,52.0,27.0,2.0,3.0,1.0,1.0,16.0,3.0,5.0,0.0,3.0,4.0,4.89,4.89,3.78,4.553333333333334,3.78,4.613333333333333,3.6666666666666665
2.0,4020.0,8680.0,1.0,2.0,33.0,13.6,19965.0,19.0,32.0,45.0,30.0,2.0,3.0,1.0,1.0,15.0,0.0,1.0,1.0,3.0,1.0,2.732,3.665999999999999,2.268,4.066,3.6,2.6,2.2
3.0,6400.0,770.0,1.0,2.0,33.0,27.6,13612.5,17.0,35.0,42.0,38.0,1.0,1.0,5.0,2.0,14.0,1.0,3.0,2.0,3.0,4.0,2.5,4.0,2.33,3.335,5.17,2.83,2.0
3.0,6515.0,770.0,1.0,2.0,36.0,20.5,36300.0,22.0,35.0,46.0,38.0,1.0,1.0,4.0,1.0,12.0,1.0,4.0,0.0,3.0,,2.67,3.67,3.0,3.33,4.33,3.33,2.0
2.0,5940.0,770.0,1.0,2.0,17.0,45.3,19965.0,19.0,40.0,52.0,51.0,2.0,1.0,3.0,1.0,16.0,2.0,3.0,2.0,1.0,4.0,,,,,,,
,4620.0,8590.0,6.0,1.0,35.0,42.9,,,,30.0,20.0,1.0,3.0,2.0,1.0,12.0,1.0,5.0,0.0,4.0,4.0,4.5,5.0,3.165,6.0,4.0,3.67,3.5
2.0,9130.0,5390.0,2.0,1.0,35.0,32.0,9982.5,15.0,30.0,30.0,47.0,2.0,1.0,4.0,2.0,16.0,2.0,5.0,1.0,3.0,,2.223333333333333,3.6666666666666665,2.11,2.8866666666666667,4.556666666666667,3.056666666666666,2.0
3.0,6355.0,770.0,4.0,2.0,49.0,45.4,,,,,33.0,1.0,,1.0,1.0,13.0,4.0,5.0,2.0,4.0,1.0,4.33,5.33,3.33,3.67,5.0,4.17,3.0
1.0,4720.0,4970.0,4.0,2.0,28.0,21.6,,,,0.0,52.0,2.0,1.0,5.0,2.0,14.0,1.0,4.0,2.0,3.0,4.0,2.5,2.835,2.0,4.5,4.0,2.335,2.0
2.0,20.0,4870.0,1.0,2.0,50.0,68.6,58080.0,25.0,44.0,51.0,44.0,1.0,3.0,1.0,1.0,16.0,3.0,1.0,1.0,3.0,,5.33,6.0,5.67,6.33,4.67,6.0,4.0
1.0,7750.0,3570.0,1.0,2.0,35.0,25.0,,,40.0,0.0,,2.0,1.0,2.0,2.0,13.0,1.0,1.0,1.0,2.0,4.0,2.4466666666666668,2.443333333333334,2.33,3.6633333333333336,4.556666666666667,2.8366666666666664,2.0
2.0,2310.0,7860.0,1.0,2.0,61.0,80.9,29947.5,21.0,45.0,45.0,27.0,2.0,3.0,2.0,1.0,17.0,3.0,1.0,0.0,4.0,,5.333333333333333,5.33,4.22,6.22,4.22,4.78,4.0
1.0,2540.0,7860.0,4.0,2.0,48.0,26.1,13612.5,17.0,,30.0,29.0,2.0,3.0,2.0,1.0,16.0,3.0,5.0,1.0,4.0,4.0,,,,,,,3.0
1.0,410.0,7070.0,1.0,2.0,41.0,54.6,24502.5,20.0,40.0,36.0,48.0,1.0,1.0,5.0,1.0,16.0,3.0,1.0,3.0,1.0,4.0,5.0,5.67,4.33,4.33,3.67,4.83,4.0
2.0,2000.0,7860.0,1.0,2.0,51.0,63.7,36300.0,22.0,40.0,44.0,36.0,2.0,,,1.0,18.0,4.0,3.0,0.0,3.0,,5.465999999999999,5.0,4.668,6.6,3.601999999999999,4.566,4.8
2.0,4030.0,8680.0,2.0,2.0,21.0,13.6,4083.75,9.0,18.0,50.0,21.0,2.0,3.0,1.0,1.0,15.0,1.0,5.0,0.0,4.0,,1.67,1.67,1.67,4.67,4.67,2.0,2.0
1.0,1020.0,6970.0,1.0,2.0,60.0,87.9,97883.49087,26.0,40.0,52.0,43.0,1.0,3.0,1.0,2.0,16.0,3.0,1.0,2.0,4.0,4.0,5.0,5.0,4.67,4.33,5.0,5.0,4.0
,8500.0,3890.0,5.0,1.0,42.0,27.1,,,,0.0,64.0,1.0,1.0,2.0,1.0,12.0,1.0,1.0,0.0,4.0,4.0,3.33,3.33,2.67,4.33,3.67,3.17,2.0
,,,5.0,,,,,,,0.0,68.0,2.0,3.0,2.0,1.0,12.0,1.0,2.0,2.0,2.0,,,,,,,,
2.0,2310.0,7860.0,1.0,2.0,61.0,80.9,16335.0,18.0,40.0,34.0,41.0,2.0,1.0,5.0,1.0,16.0,3.0,1.0,2.0,3.0,4.0,5.333333333333333,5.33,4.22,6.22,4.22,4.78,4.0
1.0,4600.0,9290.0,4.0,2.0,35.0,21.8,726.0,2.0,,26.0,69.0,2.0,2.0,,1.0,16.0,3.0,5.0,0.0,4.0,4.0,4.0,4.5,2.5,6.0,3.0,3.33,2.0
1.0,1010.0,7380.0,1.0,2.0,63.0,81.0,,,40.0,52.0,42.0,2.0,,1.0,,15.0,4.0,1.0,2.0,3.0,4.0,5.67,5.0,4.33,2.33,5.0,5.5,4.0
2.0,2200.0,7870.0,1.0,2.0,74.0,84.5,24502.5,20.0,64.0,52.0,65.0,1.0,1.0,4.0,2.0,18.0,4.0,1.0,3.0,3.0,,5.658888888888889,5.612222222222222,5.184722222222223,5.074166666666667,3.1766666666666667,5.342777777777778,4.944444444444445
1.0,9120.0,7860.0,2.0,2.0,35.0,31.6,9982.5,15.0,20.0,50.0,52.0,1.0,2.0,1.0,1.0,19.0,3.0,3.0,8.0,3.0,4.0,3.0,4.33,2.0,5.0,5.0,3.0,2.0
,4850.0,3890.0,5.0,1.0,45.0,62.0,,,,0.0,65.0,1.0,2.0,1.0,1.0,16.0,3.0,1.0,4.0,4.0,4.0,4.89,4.89,3.78,4.553333333333334,3.78,4.613333333333333,3.6666666666666665
1.0,4030.0,8680.0,1.0,2.0,21.0,13.6,16335.0,18.0,37.0,50.0,52.0,2.0,3.0,2.0,2.0,12.0,1.0,4.0,3.0,3.0,4.0,1.67,1.67,1.67,4.67,4.67,2.0,2.0
3.0,2300.0,8470.0,1.0,2.0,53.0,41.1,13612.5,17.0,10.0,50.0,35.0,2.0,2.0,1.0,1.0,12.0,1.0,1.0,2.0,3.0,,5.0,4.665,3.665,6.5,3.67,4.335,3.5
,,,6.0,,,,,,,40.0,24.0,1.0,1.0,5.0,1.0,13.0,1.0,5.0,2.0,3.0,4.0,,,,,,,
2.0,4030.0,8680.0,2.0,2.0,21.0,13.6,7713.75,13.0,26.0,48.0,41.0,2.0,3.0,2.0,1.0,8.0,0.0,1.0,2.0,3.0,,1.67,1.67,1.67,4.67,4.67,2.0,2.0
,5700.0,7860.0,5.0,2.0,47.0,38.8,,,,0.0,66.0,2.0,3.0,1.0,1.0,14.0,2.0,3.0,2.0,4.0,1.0,3.3325,3.0,2.9175,5.0825,4.8325,3.6225,2.5
,5420.0,7860.0,5.0,2.0,43.0,43.1,,,,0.0,84.0,2.0,1.0,4.0,2.0,13.0,1.0,2.0,2.0,3.0,4.0,,,,,,,
1.0,1050.0,8790.0,1.0,2.0,48.0,64.5,97883.49087,26.0,40.0,52.0,39.0,1.0,2.0,1.0,1.0,14.0,2.0,1.0,2.0,3.0,4.0,5.165,4.5,4.165,4.165,5.0,4.92,3.5
3.0,4050.0,8680.0,7.0,2.0,21.0,14.0,,,,0.0,35.0,2.0,2.0,1.0,1.0,13.0,1.0,1.0,4.0,2.0,,1.67,1.83,1.67,4.5,4.0,1.92,2.0
2.0,9620.0,6390.0,1.0,2.0,25.0,23.3,8621.25,14.0,40.0,40.0,27.0,1.0,2.0,1.0,1.0,12.0,1.0,5.0,0.0,2.0,4.0,2.0,2.0,2.0,4.33,4.33,2.17,2.0
1.0,9120.0,7860.0,1.0,2.0,35.0,31.6,13612.5,17.0,65.0,48.0,25.0,1.0,2.0,1.0,1.0,14.0,1.0,5.0,2.0,2.0,,3.0,4.33,2.0,5.0,5.0,3.0,2.0
2.0,5240.0,6890.0,1.0,2.0,31.0,37.6,11797.5,16.0,40.0,52.0,41.0,1.0,1.0,4.0,2.0,14.0,1.0,1.0,0.0,3.0,4.0,3.835,4.0,3.335,6.165,4.5,3.58,2.5
1.0,5610.0,6390.0,3.0,2.0,35.0,23.7,11797.5,16.0,,52.0,47.0,2.0,3.0,2.0,1.0,12.0,1.0,1.0,3.0,4.0,4.0,2.67,3.0,2.67,5.33,4.33,2.83,2.0
3.0,4110.0,8680.0,2.0,2.0,31.0,19.6,1633.5,4.0,31.0,36.0,29.0,2.0,2.0,4.0,1.0,10.0,0.0,5.0,3.0,2.0,,2.33,2.33,2.0,6.0,3.33,2.0,2.0
2.0,4020.0,8680.0,1.0,2.0,33.0,13.6,5898.75,11.0,38.0,35.0,22.0,1.0,2.0,1.0,1.0,12.0,1.0,5.0,0.0,2.0,4.0,2.732,3.665999999999999,2.268,4.066,3.6,2.6,2.2
2.0,430.0,,1.0,2.0,39.0,67.7,19965.0,19.0,59.0,52.0,53.0,2.0,2.0,1.0,1.0,19.0,3.0,5.0,2.0,2.0,4.0,5.5,5.29125,4.875,4.8325,4.375,5.04125,4.0
2.0,,,1.0,2.0,,,97883.49087,26.0,40.0,52.0,34.0,1.0,3.0,1.0,2.0,16.0,4.0,1.0,0.0,4.0,,,,,,,,
,,,8.0,,,,,,,12.0,39.0,1.0,1.0,5.0,1.0,12.0,1.0,5.0,1.0,4.0,4.0,,,,,,,
2.0,5240.0,9090.0,1.0,2.0,31.0,37.6,,,40.0,38.0,20.0,2.0,1.0,2.0,1.0,14.0,2.0,5.0,0.0,4.0,,3.835,4.0,3.335,6.165,4.5,3.58,2.5
,3540.0,3570.0,5.0,2.0,53.0,64.2,6806.25,12.0,,0.0,66.0,2.0,3.0,1.0,2.0,17.0,3.0,1.0,1.0,2.0,4.0,5.111666666666667,4.611666666666667,4.388333333333333,5.835,4.498333333333334,4.473333333333334,4.0
2.0,5840.0,6990.0,1.0,2.0,38.0,39.2,11797.5,16.0,40.0,51.0,20.0,2.0,2.0,1.0,1.0,16.0,3.0,4.0,3.0,3.0,,3.0,3.33,2.33,4.67,4.5,3.0,2.0
,4720.0,8680.0,5.0,2.0,28.0,21.6,7713.75,13.0,,48.0,20.0,2.0,2.0,1.0,1.0,14.0,1.0,5.0,2.0,3.0,4.0,2.5,2.835,2.0,4.5,4.0,2.335,2.0
,5620.0,4970.0,5.0,2.0,25.0,23.8,,,,0.0,73.0,2.0,3.0,1.0,1.0,15.0,2.0,1.0,2.0,4.0,,2.0,2.83,1.83,4.5,4.25,2.29,2.0
2.0,5240.0,8660.0,3.0,2.0,31.0,37.6,9982.5,15.0,,52.0,37.0,2.0,2.0,1.0,1.0,12.0,1.0,3.0,4.0,3.0,,3.835,4.0,3.335,6.165,4.5,3.58,2.5
1.0,430.0,8370.0,1.0,2.0,39.0,67.7,29947.5,21.0,35.0,52.0,40.0,2.0,2.0,1.0,1.0,17.0,3.0,5.0,1.0,1.0,,5.5,5.29125,4.875,4.8325,4.375,5.04125,4.0
2.0,3060.0,8180.0,1.0,2.0,80.0,92.8,97883.49087,26.0,36.0,52.0,31.0,1.0,3.0,1.0,2.0,16.0,4.0,1.0,2.0,1.0,4.0,6.155882352941177,5.96,6.077058823529412,5.587647058823529,5.0194117647058825,5.676470588235294,5.0
3.0,3400.0,8180.0,7.0,2.0,62.0,53.0,,,,0.0,48.0,2.0,2.0,1.0,1.0,14.0,2.0,5.0,2.0,2.0,4.0,,,,,,,3.0
2.0,4600.0,7860.0,2.0,2.0,35.0,21.8,2722.5,7.0,16.0,30.0,48.0,2.0,3.0,2.0,2.0,12.0,1.0,1.0,2.0,2.0,2.0,4.0,4.5,2.5,6.0,3.0,3.33,2.0
1.0,110.0,6970.0,1.0,2.0,60.0,83.8,97883.49087,26.0,40.0,52.0,51.0,1.0,2.0,1.0,1.0,14.0,1.0,3.0,2.0,3.0,4.0,5.33,5.0,5.33,4.33,5.67,6.5,4.0
1.0,5510.0,6380.0,1.0,1.0,29.0,39.9,,,60.0,3.0,31.0,1.0,2.0,1.0,1.0,,0.0,5.0,,3.0,,2.0,2.67,2.0,4.0,4.0,2.67,2.0
3.0,7330.0,6370.0,1.0,2.0,38.0,42.8,19965.0,19.0,50.0,5.0,42.0,1.0,2.0,1.0,1.0,13.0,1.0,5.0,1.0,1.0,1.0,3.0,4.5,2.5,3.5,5.67,3.42,2.5
1.0,6660.0,7290.0,1.0,1.0,49.0,53.9,24502.5,20.0,40.0,52.0,60.0,1.0,3.0,5.0,2.0,16.0,1.0,1.0,1.0,3.0,4.0,4.33,5.0,3.67,4.33,5.67,4.5,3.0
2.0,1550.0,8180.0,1.0,2.0,50.0,57.4,13612.5,17.0,40.0,52.0,30.0,2.0,2.0,1.0,1.0,16.0,3.0,5.0,0.0,3.0,4.0,4.528333333333333,4.235,3.9091666666666662,3.7283333333333335,5.1875,4.503333333333333,3.076923076923077
1.0,4010.0,8680.0,1.0,2.0,38.0,27.0,29947.5,21.0,55.0,52.0,44.0,2.0,3.0,1.0,1.0,12.0,1.0,3.0,1.0,3.0,2.0,3.67,4.67,3.67,5.67,4.67,3.17,2.0
,1006.0,3590.0,5.0,2.0,65.0,80.7,,,,0.0,67.0,2.0,3.0,1.0,2.0,18.0,4.0,1.0,2.0,4.0,4.0,5.0,5.0,4.835,4.17,4.665,4.835,4.0
,5240.0,6890.0,8.0,2.0,31.0,37.6,2722.5,7.0,,30.0,52.0,1.0,2.0,1.0,1.0,14.0,1.0,5.0,0.0,2.0,,3.835,4.0,3.335,6.165,4.5,3.58,2.5
2.0,4110.0,8680.0,7.0,2.0,31.0,19.6,,,,0.0,34.0,2.0,1.0,2.0,1.0,12.0,1.0,1.0,3.0,3.0,4.0,2.33,2.33,2.0,6.0,3.33,2.0,2.0
,4500.0,8980.0,8.0,1.0,36.0,21.5,9982.5,15.0,,52.0,49.0,1.0,2.0,1.0,1.0,16.0,3.0,5.0,0.0,3.0,,4.67,3.33,3.0,5.0,2.33,3.5,3.0
1.0,3640.0,7980.0,2.0,2.0,48.0,28.6,11797.5,16.0,32.0,24.0,38.0,2.0,2.0,5.0,1.0,13.0,1.0,1.0,3.0,1.0,4.0,3.33,3.67,3.0,6.0,5.67,4.17,3.0
2.0,2320.0,7860.0,4.0,2.0,64.0,82.5,8621.25,14.0,,5.0,27.0,2.0,2.0,1.0,1.0,16.0,4.0,5.0,0.0,3.0,4.0,5.5,5.165,4.165,6.5,4.5,5.08,4.0
2.0,2330.0,7860.0,1.0,2.0,61.0,71.7,29947.5,21.0,40.0,43.0,55.0,2.0,1.0,1.0,1.0,20.0,4.0,3.0,0.0,3.0,1.0,5.585,4.9175,4.0825,6.8325,4.1675,4.54,4.333333333333333
2.0,2630.0,670.0,1.0,2.0,46.0,61.4,43560.0,23.0,40.0,49.0,30.0,1.0,3.0,1.0,1.0,16.0,3.0,5.0,0.0,2.0,,5.24,5.048571428571429,3.954285714285714,4.428571428571429,3.238571428571429,4.3342857142857145,3.5714285714285716
,5700.0,8180.0,1.0,2.0,47.0,38.8,19965.0,19.0,,52.0,45.0,2.0,2.0,1.0,2.0,15.0,1.0,1.0,0.0,1.0,,3.3325,3.0,2.9175,5.0825,4.8325,3.6225,2.5
3.0,5400.0,7780.0,1.0,2.0,38.0,25.7,1270.5,3.0,35.0,20.0,26.0,2.0,3.0,2.0,1.0,12.0,1.0,5.0,0.0,4.0,1.0,3.0,3.0,2.33,5.67,4.0,2.67,2.0
2.0,3600.0,8170.0,1.0,2.0,48.0,24.2,11797.5,16.0,42.0,52.0,39.0,2.0,1.0,3.0,1.0,14.0,1.0,1.0,1.0,3.0,4.0,2.915,3.0,2.3325,5.0825,4.6675,3.125,2.25
2.0,4810.0,6990.0,1.0,2.0,47.0,57.8,97883.49087,26.0,40.0,40.0,28.0,1.0,2.0,1.0,1.0,15.0,1.0,1.0,2.0,4.0,4.0,5.0,5.33,3.67,5.33,4.67,3.83,4.0
3.0,3050.0,5070.0,1.0,2.0,66.0,92.0,58080.0,25.0,40.0,48.0,33.0,2.0,3.0,1.0,1.0,20.0,4.0,5.0,0.0,4.0,4.0,4.67,4.67,5.67,5.0,5.33,4.67,5.0
2.0,430.0,8180.0,1.0,2.0,39.0,67.7,29947.5,21.0,40.0,52.0,27.0,2.0,2.0,1.0,1.0,20.0,4.0,5.0,0.0,3.0,,5.5,5.29125,4.875,4.8325,4.375,5.04125,4.0
1.0,1020.0,7380.0,1.0,2.0,60.0,87.9,50820.0,24.0,40.0,52.0,36.0,1.0,1.0,5.0,2.0,16.0,3.0,1.0,1.0,1.0,4.0,5.0,5.0,4.67,4.33,5.0,5.0,4.0
2.0,5510.0,6380.0,1.0,1.0,29.0,39.9,16335.0,18.0,50.0,32.0,51.0,1.0,1.0,5.0,2.0,14.0,1.0,3.0,2.0,3.0,4.0,2.0,2.67,2.0,4.0,4.0,2.67,2.0
2.0,4400.0,8590.0,4.0,1.0,23.0,37.1,,,,22.0,34.0,1.0,2.0,1.0,1.0,16.0,2.0,5.0,0.0,3.0,4.0,2.165,3.0,2.165,5.0,5.165,2.585,2.0
1.0,2540.0,7860.0,1.0,2.0,48.0,26.1,16335.0,18.0,40.0,52.0,43.0,2.0,2.0,1.0,1.0,16.0,2.0,1.0,3.0,3.0,1.0,,,,,,,3.0
1.0,4810.0,6990.0,7.0,2.0,47.0,57.8,181.5,1.0,,0.0,57.0,2.0,,2.0,1.0,14.0,1.0,3.0,0.0,4.0,4.0,5.0,5.33,3.67,5.33,4.67,3.83,4.0
2.0,2540.0,7860.0,1.0,2.0,48.0,26.1,11797.5,16.0,40.0,50.0,55.0,2.0,2.0,1.0,1.0,12.0,1.0,3.0,0.0,3.0,4.0,,,,,,,3.0
2.0,5820.0,6180.0,1.0,2.0,37.0,35.1,29947.5,21.0,40.0,52.0,54.0,2.0,,1.0,1.0,14.0,1.0,1.0,2.0,1.0,3.0,2.0,3.67,2.0,5.0,4.0,2.5,2.0
2.0,9600.0,6290.0,1.0,2.0,35.0,20.9,19965.0,19.0,40.0,48.0,49.0,1.0,1.0,2.0,1.0,12.0,1.0,1.0,,4.0,,2.33,3.0,2.33,4.33,4.33,2.5,2.0
3.0,,7870.0,1.0,2.0,,,,,40.0,52.0,39.0,2.0,2.0,1.0,1.0,12.0,1.0,5.0,0.0,3.0,,,,,,,,
2.0,4600.0,9290.0,2.0,1.0,35.0,21.8,,,10.0,0.0,28.0,2.0,1.0,1.0,1.0,10.0,0.0,5.0,2.0,3.0,4.0,4.0,4.5,2.5,6.0,3.0,3.33,2.0
4.0,5800.0,6695.0,2.0,2.0,47.0,47.9,6806.25,12.0,20.0,52.0,22.0,1.0,1.0,5.0,1.0,16.0,3.0,1.0,5.0,3.0,,,,,,,,
1.0,9130.0,6380.0,2.0,1.0,35.0,32.0,8621.25,14.0,20.0,16.0,46.0,1.0,2.0,1.0,1.0,15.0,1.0,5.0,0.0,3.0,4.0,2.223333333333333,3.6666666666666665,2.11,2.8866666666666667,4.556666666666667,3.056666666666666,2.0
1.0,3800.0,9470.0,1.0,2.0,40.0,45.1,36300.0,22.0,89.0,26.0,44.0,1.0,1.0,4.0,1.0,8.0,0.0,1.0,4.0,3.0,4.0,3.665,4.17,3.165,5.165,5.335,3.415,2.5
,9620.0,4970.0,6.0,2.0,25.0,23.3,1633.5,4.0,,30.0,19.0,1.0,2.0,1.0,1.0,13.0,1.0,5.0,0.0,3.0,4.0,2.0,2.0,2.0,4.33,4.33,2.17,2.0
1.0,3255.0,8190.0,1.0,1.0,64.0,84.2,2359.5,6.0,89.0,30.0,33.0,2.0,2.0,1.0,1.0,20.0,1.0,5.0,5.0,2.0,,5.3340000000000005,4.934,4.8,6.066,5.734,5.1,4.4
1.0,3245.0,8080.0,1.0,2.0,62.0,71.4,36300.0,22.0,60.0,52.0,41.0,2.0,2.0,1.0,1.0,18.0,4.0,5.0,1.0,1.0,4.0,,,,,,,
3.0,5240.0,6970.0,1.0,2.0,31.0,37.6,29947.5,21.0,40.0,52.0,28.0,1.0,1.0,2.0,1.0,16.0,3.0,5.0,0.0,3.0,4.0,3.835,4.0,3.335,6.165,4.5,3.58,2.5
,,,4.0,,,,,,,0.0,21.0,1.0,2.0,1.0,1.0,12.0,1.0,5.0,1.0,2.0,,,,,,,,
,4700.0,5180.0,5.0,2.0,38.0,43.0,,,,0.0,56.0,1.0,2.0,1.0,2.0,18.0,4.0,1.0,0.0,4.0,4.0,3.67,4.67,3.67,4.33,4.0,4.0,2.0
2.0,1105.0,7380.0,1.0,2.0,61.0,74.8,36300.0,22.0,40.0,52.0,53.0,1.0,3.0,1.0,2.0,16.0,3.0,1.0,2.0,4.0,,4.67,4.33,4.67,4.0,5.33,5.5,4.0
2.0,7340.0,9370.0,1.0,2.0,44.0,36.4,19965.0,19.0,40.0,,,2.0,3.0,1.0,1.0,11.0,1.0,1.0,0.0,2.0,1.0,3.33,4.0,2.67,4.0,5.0,3.67,3.0
3.0,1107.0,7460.0,1.0,2.0,48.0,70.5,58080.0,25.0,40.0,52.0,51.0,1.0,1.0,5.0,1.0,16.0,3.0,1.0,3.0,1.0,4.0,5.576363636363637,4.969090909090909,4.4390909090909085,3.4545454545454546,4.181818181818182,5.038181818181818,3.8461538461538463
1.0,1600.0,8090.0,2.0,2.0,59.0,77.7,2722.5,7.0,12.0,50.0,58.0,1.0,1.0,1.0,1.0,15.0,1.0,5.0,1.0,3.0,4.0,5.4433333333333325,5.11,5.11,3.8866666666666663,3.776666666666667,4.666666666666667,4.666666666666667
2.0,4010.0,8680.0,2.0,2.0,38.0,27.0,,,40.0,48.0,44.0,1.0,1.0,1.0,1.0,14.0,1.0,5.0,2.0,2.0,,3.67,4.67,3.67,5.67,4.67,3.17,2.0
2.0,3600.0,,1.0,2.0,48.0,24.2,13612.5,17.0,80.0,,39.0,2.0,3.0,1.0,1.0,12.0,1.0,1.0,3.0,2.0,4.0,2.915,3.0,2.3325,5.0825,4.6675,3.125,2.25
3.0,2540.0,7860.0,2.0,2.0,48.0,26.1,36300.0,22.0,40.0,39.0,26.0,1.0,3.0,4.0,2.0,15.0,1.0,3.0,5.0,4.0,1.0,,,,,,,3.0
1.0,8965.0,6390.0,1.0,2.0,35.0,26.8,19965.0,19.0,40.0,52.0,40.0,1.0,3.0,1.0,1.0,16.0,2.0,5.0,0.0,2.0,,3.0,3.443333333333334,2.776666666666667,3.556666666666666,4.556666666666667,3.276666666666667,2.0
2.0,4020.0,8680.0,4.0,2.0,33.0,13.6,8621.25,14.0,,40.0,52.0,1.0,2.0,1.0,1.0,12.0,1.0,4.0,1.0,2.0,,2.732,3.665999999999999,2.268,4.066,3.6,2.6,2.2
1.0,8320.0,1680.0,7.0,1.0,32.0,13.2,,,,0.0,59.0,2.0,2.0,1.0,1.0,13.0,1.0,3.0,3.0,3.0,4.0,2.0,2.33,1.67,2.67,4.33,2.17,2.0
3.0,2200.0,7870.0,2.0,2.0,74.0,84.5,11797.5,16.0,20.0,52.0,38.0,2.0,3.0,1.0,2.0,20.0,4.0,1.0,2.0,1.0,3.0,5.658888888888889,5.612222222222222,5.184722222222223,5.074166666666667,3.1766666666666667,5.342777777777778,4.944444444444445
1.0,3535.0,8270.0,1.0,2.0,52.0,49.2,24502.5,20.0,54.0,52.0,35.0,2.0,2.0,1.0,1.0,12.0,1.0,5.0,4.0,2.0,4.0,4.696666666666666,4.39,3.9716666666666662,5.5566666666666675,4.803333333333334,4.485,3.4285714285714284
3.0,,,3.0,2.0,,,,,,,27.0,2.0,3.0,,1.0,8.0,0.0,5.0,2.0,1.0,1.0,,,,,,,
2.0,2025.0,9170.0,1.0,2.0,56.0,53.8,29947.5,21.0,50.0,36.0,37.0,1.0,3.0,1.0,2.0,19.0,4.0,3.0,4.0,2.0,1.0,5.5,5.665,4.165,7.0,3.33,4.585,4.0
1.0,800.0,770.0,1.0,2.0,60.0,76.3,19965.0,19.0,40.0,52.0,53.0,2.0,3.0,1.0,2.0,16.0,3.0,1.0,2.0,3.0,,5.0,5.0,4.67,4.67,4.67,4.5,4.0
1.0,2310.0,7860.0,7.0,2.0,61.0,80.9,,,,52.0,73.0,2.0,1.0,1.0,1.0,12.0,1.0,1.0,0.0,4.0,4.0,5.333333333333333,5.33,4.22,6.22,4.22,4.78,4.0
,820.0,9590.0,5.0,2.0,52.0,77.3,50820.0,24.0,,52.0,62.0,1.0,3.0,1.0,1.0,18.0,4.0,1.0,2.0,4.0,4.0,4.0,4.33,4.0,3.67,4.67,5.33,4.0
2.0,4760.0,5170.0,7.0,2.0,31.0,39.7,,,,0.0,,2.0,1.0,2.0,1.0,14.0,1.0,1.0,2.0,3.0,4.0,3.0,3.0,2.67,5.0,4.0,2.33,2.0
,4700.0,5180.0,5.0,2.0,38.0,43.0,,,,0.0,71.0,1.0,3.0,1.0,2.0,12.0,1.0,1.0,2.0,4.0,,3.67,4.67,3.67,4.33,4.0,4.0,2.0
1.0,3600.0,8170.0,2.0,2.0,48.0,24.2,9982.5,15.0,25.0,,61.0,2.0,2.0,1.0,1.0,14.0,1.0,4.0,3.0,3.0,,2.915,3.0,2.3325,5.0825,4.6675,3.125,2.25
2.0,5120.0,8660.0,1.0,2.0,45.0,38.3,29947.5,21.0,55.0,52.0,35.0,2.0,2.0,1.0,1.0,18.0,4.0,5.0,1.0,2.0,4.0,3.67,3.67,3.0,4.67,5.0,3.67,3.0
1.0,5520.0,9470.0,1.0,2.0,32.0,38.2,29947.5,21.0,60.0,52.0,62.0,1.0,2.0,2.0,1.0,12.0,1.0,3.0,3.0,3.0,,3.665,4.335,3.335,4.665,5.335,4.0,2.0
2.0,,,4.0,2.0,,,,,,0.0,30.0,2.0,2.0,1.0,1.0,18.0,3.0,5.0,1.0,2.0,,,,,,,,
2.0,3420.0,5070.0,1.0,2.0,55.0,37.2,2359.5,6.0,40.0,40.0,26.0,2.0,1.0,2.0,1.0,16.0,3.0,1.0,0.0,3.0,4.0,3.556666666666666,3.4450000000000003,3.2216666666666662,5.4433333333333325,5.166666666666667,3.526666666666667,3.0
2.0,9620.0,6390.0,2.0,2.0,25.0,23.3,4083.75,9.0,25.0,3.0,23.0,1.0,2.0,1.0,1.0,5.0,0.0,5.0,4.0,3.0,1.0,2.0,2.0,2.0,4.33,4.33,2.17,2.0
2.0,9600.0,6290.0,1.0,2.0,35.0,20.9,,,40.0,,59.0,1.0,1.0,4.0,2.0,12.0,1.0,1.0,1.0,3.0,4.0,2.33,3.0,2.33,4.33,4.33,2.5,2.0
2.0,5350.0,6380.0,1.0,2.0,33.0,32.0,7713.75,13.0,40.0,35.0,25.0,1.0,2.0,1.0,1.0,13.0,1.0,5.0,0.0,3.0,4.0,2.33,3.67,2.33,3.33,4.33,3.5,2.0
1.0,735.0,7390.0,1.0,1.0,57.0,75.6,16335.0,18.0,50.0,48.0,57.0,1.0,3.0,1.0,2.0,16.0,3.0,1.0,1.0,3.0,4.0,4.67,4.0,3.67,3.33,4.33,4.33,4.0
1.0,2340.0,7890.0,1.0,2.0,38.0,59.1,16335.0,18.0,43.0,50.0,38.0,1.0,2.0,1.0,1.0,16.0,3.0,1.0,4.0,3.0,,5.0,5.446666666666666,4.11,6.0,3.0,4.28,3.5
2.0,2430.0,6770.0,1.0,2.0,55.0,77.2,16335.0,18.0,34.0,52.0,41.0,2.0,2.0,1.0,1.0,16.0,3.0,1.0,0.0,3.0,4.0,4.67,5.17,3.67,5.83,4.17,5.42,5.0
3.0,3930.0,6570.0,2.0,2.0,34.0,34.7,,,40.0,52.0,69.0,2.0,3.0,3.0,2.0,6.0,0.0,3.0,4.0,4.0,3.0,3.665,4.835,3.165,3.835,5.165,3.335,2.0
2.0,5620.0,4970.0,2.0,2.0,25.0,23.8,13612.5,17.0,30.0,52.0,30.0,1.0,3.0,1.0,1.0,16.0,3.0,5.0,0.0,4.0,1.0,2.0,2.83,1.83,4.5,4.25,2.29,2.0
2.0,430.0,,1.0,2.0,39.0,67.7,16335.0,18.0,40.0,52.0,43.0,2.0,2.0,1.0,1.0,17.0,4.0,5.0,2.0,3.0,4.0,5.5,5.29125,4.875,4.8325,4.375,5.04125,4.0
,5700.0,7870.0,1.0,2.0,47.0,38.8,16335.0,18.0,,45.0,,2.0,3.0,1.0,2.0,18.0,2.0,1.0,0.0,3.0,,3.3325,3.0,2.9175,5.0825,4.8325,3.6225,2.5
2.0,6440.0,770.0,1.0,2.0,43.0,36.2,29947.5,21.0,48.0,42.0,52.0,1.0,2.0,1.0,1.0,14.0,1.0,3.0,2.0,3.0,2.0,2.915,4.0,2.665,4.335,4.75,3.455,2.5
3.0,4720.0,8680.0,4.0,2.0,28.0,21.6,,,,0.0,25.0,1.0,3.0,2.0,1.0,12.0,1.0,5.0,0.0,3.0,4.0,2.5,2.835,2.0,4.5,4.0,2.335,2.0
2.0,5400.0,4670.0,1.0,2.0,38.0,25.7,16335.0,18.0,40.0,25.0,45.0,2.0,1.0,3.0,1.0,12.0,1.0,3.0,3.0,3.0,4.0,3.0,3.0,2.33,5.67,4.0,2.67,2.0
3.0,430.0,7280.0,3.0,2.0,39.0,67.7,36300.0,22.0,,36.0,38.0,2.0,2.0,1.0,1.0,18.0,4.0,5.0,0.0,2.0,4.0,5.5,5.29125,4.875,4.8325,4.375,5.04125,4.0
2.0,5165.0,6870.0,1.0,2.0,37.0,50.7,11797.5,16.0,40.0,52.0,40.0,1.0,1.0,3.0,1.0,16.0,3.0,1.0,3.0,2.0,4.0,,,,,,,
1.0,6250.0,770.0,4.0,2.0,38.0,21.4,3267.0,8.0,,40.0,23.0,1.0,2.0,1.0,1.0,12.0,1.0,5.0,4.0,3.0,,3.0,4.0,2.335,3.665,4.0,3.25,2.0
,3645.0,8090.0,6.0,2.0,51.0,28.7,181.5,1.0,,12.0,22.0,2.0,3.0,1.0,2.0,15.0,1.0,5.0,0.0,1.0,4.0,4.67,3.33,3.33,5.67,5.67,4.17,3.0
1.0,5120.0,2380.0,1.0,2.0,45.0,38.3,8621.25,14.0,50.0,52.0,59.0,2.0,2.0,1.0,1.0,16.0,2.0,1.0,2.0,3.0,2.0,3.67,3.67,3.0,4.67,5.0,3.67,3.0
1.0,2010.0,8370.0,1.0,2.0,54.0,62.9,19965.0,19.0,60.0,52.0,63.0,1.0,2.0,1.0,2.0,14.0,2.0,1.0,5.0,2.0,4.0,5.890000000000001,5.4433333333333325,4.0,6.446666666666666,4.67,4.886666666666667,4.666666666666667
3.0,5810.0,6870.0,1.0,2.0,37.0,32.6,19965.0,19.0,40.0,52.0,34.0,2.0,2.0,1.0,1.0,16.0,3.0,5.0,4.0,2.0,,2.0,2.0,1.67,3.67,4.33,2.83,2.0
2.0,2000.0,8090.0,2.0,2.0,51.0,63.7,,,31.0,40.0,34.0,1.0,3.0,1.0,1.0,12.0,1.0,5.0,0.0,4.0,4.0,5.465999999999999,5.0,4.668,6.6,3.601999999999999,4.566,4.8
2.0,,,2.0,2.0,,,,,25.0,30.0,62.0,2.0,3.0,1.0,2.0,0.0,0.0,2.0,3.0,4.0,,,,,,,,
2.0,4230.0,7690.0,2.0,2.0,25.0,12.6,,,10.0,0.0,25.0,2.0,1.0,2.0,2.0,13.0,1.0,1.0,2.0,4.0,4.0,1.67,2.0,1.0,5.33,2.67,1.67,2.0
2.0,5000.0,6880.0,1.0,2.0,46.0,52.0,16335.0,18.0,40.0,52.0,35.0,1.0,1.0,2.0,1.0,17.0,1.0,5.0,0.0,3.0,4.0,4.33,5.33,4.33,5.33,5.67,4.83,3.0
2.0,1360.0,590.0,1.0,2.0,65.0,85.2,36300.0,22.0,40.0,52.0,27.0,1.0,3.0,1.0,1.0,16.0,3.0,5.0,0.0,4.0,,5.33,5.5,5.33,4.0,5.0,5.25,4.0
1.0,8220.0,2670.0,1.0,2.0,44.0,25.1,24502.5,20.0,40.0,52.0,48.0,1.0,1.0,2.0,1.0,12.0,1.0,1.0,3.0,2.0,4.0,,,,,,,
2.0,20.0,1190.0,1.0,2.0,50.0,68.6,29947.5,21.0,47.0,52.0,54.0,2.0,2.0,1.0,1.0,18.0,4.0,3.0,2.0,1.0,,5.33,6.0,5.67,6.33,4.67,6.0,4.0
2.0,4700.0,5790.0,1.0,2.0,38.0,43.0,11797.5,16.0,48.0,48.0,43.0,2.0,3.0,2.0,2.0,10.0,0.0,4.0,2.0,4.0,4.0,3.67,4.67,3.67,4.33,4.0,4.0,2.0
1.0,5600.0,7690.0,1.0,2.0,40.0,49.4,19965.0,19.0,8.0,10.0,21.0,1.0,2.0,1.0,1.0,14.0,1.0,5.0,0.0,3.0,4.0,4.0,5.33,3.0,4.33,4.67,4.5,2.0
2.0,4150.0,9370.0,1.0,1.0,33.0,22.4,4083.75,9.0,15.0,50.0,23.0,1.0,1.0,2.0,1.0,16.0,2.0,5.0,3.0,4.0,,2.67,2.33,2.33,5.0,3.0,2.5,2.0
4.0,,,7.0,,,,,,,0.0,32.0,2.0,1.0,2.0,2.0,15.0,1.0,5.0,2.0,2.0,4.0,,,,,,,
2.0,3110.0,8090.0,1.0,2.0,63.0,75.7,50820.0,24.0,40.0,52.0,42.0,1.0,1.0,2.0,1.0,19.0,4.0,1.0,0.0,4.0,4.0,4.83,4.5,4.335,5.5,5.33,4.835,5.0
2.0,1550.0,3990.0,1.0,2.0,50.0,57.4,19965.0,19.0,40.0,48.0,61.0,1.0,3.0,2.0,2.0,14.0,2.0,1.0,4.0,2.0,,4.528333333333333,4.235,3.9091666666666662,3.7283333333333335,5.1875,4.503333333333333,3.076923076923077
2.0,2320.0,7860.0,1.0,2.0,64.0,82.5,13612.5,17.0,40.0,52.0,36.0,1.0,3.0,1.0,1.0,12.0,1.0,1.0,2.0,2.0,4.0,5.5,5.165,4.165,6.5,4.5,5.08,4.0
3.0,1760.0,3960.0,1.0,2.0,42.0,86.8,19965.0,19.0,40.0,52.0,28.0,2.0,3.0,1.0,2.0,16.0,3.0,1.0,0.0,4.0,4.0,5.67,5.33,5.33,4.0,4.33,5.0,4.0
2.0,7330.0,3570.0,1.0,2.0,38.0,42.8,29947.5,21.0,43.0,52.0,43.0,1.0,2.0,1.0,1.0,12.0,1.0,1.0,2.0,3.0,4.0,3.0,4.5,2.5,3.5,5.67,3.42,2.5
2.0,5240.0,5790.0,2.0,2.0,31.0,37.6,8621.25,14.0,26.0,52.0,27.0,2.0,2.0,1.0,1.0,14.0,1.0,5.0,0.0,3.0,4.0,3.835,4.0,3.335,6.165,4.5,3.58,2.5
2.0,5110.0,8190.0,1.0,2.0,40.0,33.4,19965.0,19.0,40.0,52.0,61.0,2.0,1.0,3.0,1.0,15.0,1.0,1.0,2.0,3.0,4.0,2.67,4.0,2.67,4.5,4.5,3.08,3.0
1.0,3740.0,9470.0,1.0,2.0,59.0,65.1,43560.0,23.0,24.0,50.0,37.0,1.0,1.0,5.0,1.0,14.0,2.0,5.0,1.0,3.0,3.0,5.5,4.67,4.83,5.67,5.83,4.5,3.0
1.0,9620.0,3990.0,7.0,2.0,25.0,23.3,,,,0.0,52.0,1.0,3.0,1.0,2.0,16.0,1.0,1.0,2.0,4.0,4.0,2.0,2.0,2.0,4.33,4.33,2.17,2.0
,3500.0,8270.0,5.0,2.0,69.0,46.6,,,,0.0,56.0,2.0,2.0,1.0,1.0,16.0,3.0,1.0,4.0,1.0,4.0,5.33,5.0,4.0,6.33,5.67,4.33,3.0
4.0,5000.0,8180.0,1.0,2.0,46.0,52.0,13612.5,17.0,40.0,52.0,33.0,2.0,3.0,3.0,1.0,14.0,1.0,5.0,3.0,3.0,4.0,4.33,5.33,4.33,5.33,5.67,4.83,3.0
,7010.0,9590.0,5.0,2.0,49.0,51.8,,,,0.0,61.0,1.0,2.0,1.0,1.0,14.0,2.0,3.0,5.0,4.0,4.0,3.33,4.0,2.67,3.33,4.33,3.83,3.0
1.0,5240.0,4170.0,1.0,2.0,31.0,37.6,13612.5,17.0,40.0,52.0,27.0,1.0,1.0,2.0,1.0,12.0,1.0,5.0,0.0,4.0,4.0,3.835,4.0,3.335,6.165,4.5,3.58,2.5
3.0,,,1.0,2.0,,,58080.0,25.0,40.0,51.0,,1.0,3.0,1.0,2.0,16.0,3.0,1.0,0.0,1.0,4.0,,,,,,,
3.0,4610.0,8180.0,1.0,2.0,48.0,20.1,,,40.0,24.0,24.0,1.0,2.0,1.0,2.0,16.0,3.0,1.0,0.0,2.0,,4.0,3.33,2.67,5.67,4.0,3.0,2.0
,,,6.0,,,,,,,0.0,19.0,1.0,3.0,2.0,1.0,12.0,,5.0,0.0,4.0,4.0,,,,,,,
,9620.0,4470.0,8.0,2.0,25.0,23.3,24502.5,20.0,,52.0,38.0,1.0,1.0,2.0,1.0,12.0,1.0,5.0,0.0,2.0,4.0,2.0,2.0,2.0,4.33,4.33,2.17,2.0
2.0,5560.0,6370.0,1.0,2.0,38.0,58.2,24502.5,20.0,48.0,52.0,57.0,1.0,2.0,1.0,1.0,16.0,1.0,1.0,4.0,3.0,1.0,2.33,2.33,2.0,4.33,4.67,2.83,2.0
,,,6.0,,,,,,,8.0,20.0,2.0,3.0,1.0,1.0,14.0,1.0,5.0,0.0,4.0,4.0,,,,,,,
1.0,,,7.0,,,,,,,0.0,35.0,1.0,1.0,2.0,1.0,14.0,1.0,1.0,1.0,3.0,4.0,,,,,,,
4.0,2310.0,7860.0,1.0,2.0,61.0,80.9,24502.5,20.0,50.0,46.0,44.0,1.0,2.0,1.0,1.0,14.0,2.0,3.0,3.0,4.0,4.0,5.333333333333333,5.33,4.22,6.22,4.22,4.78,4.0
1.0,4250.0,7870.0,1.0,2.0,37.0,18.6,9982.5,15.0,48.0,45.0,36.0,2.0,2.0,1.0,1.0,15.0,1.0,5.0,1.0,2.0,4.0,2.4466666666666668,3.3333333333333335,2.223333333333333,3.6633333333333336,4.333333333333333,3.11,2.0
2.0,4040.0,8690.0,2.0,2.0,32.0,26.9,4991.25,10.0,10.0,26.0,31.0,2.0,1.0,4.0,1.0,12.0,1.0,5.0,0.0,2.0,4.0,2.33,4.0,2.67,5.33,3.33,2.33,2.0
,5860.0,9590.0,5.0,2.0,32.0,35.8,,,,0.0,68.0,2.0,1.0,2.0,1.0,13.0,1.0,3.0,3.0,3.0,,2.33,2.67,2.33,5.67,4.33,2.5,2.0
2.0,5240.0,7490.0,2.0,2.0,31.0,37.6,726.0,2.0,20.0,6.0,24.0,2.0,2.0,1.0,1.0,12.0,1.0,5.0,3.0,3.0,4.0,3.835,4.0,3.335,6.165,4.5,3.58,2.5
1.0,4610.0,8370.0,1.0,2.0,48.0,20.1,29947.5,21.0,45.0,48.0,56.0,2.0,1.0,2.0,1.0,15.0,2.0,3.0,2.0,4.0,,4.0,3.33,2.67,5.67,4.0,3.0,2.0
2.0,5400.0,8090.0,1.0,2.0,38.0,25.7,24502.5,20.0,42.0,50.0,24.0,2.0,3.0,5.0,2.0,16.0,3.0,5.0,0.0,1.0,4.0,3.0,3.0,2.33,5.67,4.0,2.67,2.0
3.0,9140.0,9480.0,1.0,2.0,26.0,28.5,16335.0,18.0,40.0,52.0,55.0,1.0,2.0,1.0,1.0,12.0,1.0,3.0,3.0,3.0,,,,,,,,2.0
,4600.0,7860.0,7.0,2.0,35.0,21.8,,,,0.0,38.0,2.0,1.0,1.0,2.0,14.0,1.0,1.0,1.0,2.0,,4.0,4.5,2.5,6.0,3.0,3.33,2.0
4.0,840.0,6870.0,1.0,2.0,58.0,81.9,9982.5,15.0,43.0,48.0,37.0,1.0,1.0,2.0,1.0,12.0,1.0,1.0,0.0,3.0,,,,,,,,4.0
1.0,2825.0,7870.0,1.0,2.0,46.0,74.6,36300.0,22.0,40.0,52.0,32.0,2.0,1.0,2.0,1.0,16.0,4.0,1.0,0.0,4.0,4.0,5.67,5.67,4.67,5.33,4.67,5.33,4.0
,630.0,,6.0,1.0,47.0,65.3,,,,52.0,,2.0,1.0,2.0,1.0,16.0,3.0,1.0,1.0,2.0,4.0,4.556666666666667,4.333333333333333,4.0,5.446666666666666,4.333333333333333,4.163333333333333,3.3333333333333335
2.0,520.0,4390.0,1.0,2.0,45.0,50.0,36300.0,22.0,45.0,52.0,63.0,1.0,3.0,1.0,1.0,12.0,1.0,1.0,3.0,4.0,,4.0,4.0,3.67,4.0,4.0,3.5,3.0
1.0,1107.0,7380.0,1.0,1.0,48.0,70.5,29947.5,21.0,44.0,48.0,66.0,1.0,3.0,1.0,2.0,18.0,4.0,3.0,1.0,3.0,,5.576363636363637,4.969090909090909,4.4390909090909085,3.4545454545454546,4.181818181818182,5.038181818181818,3.8461538461538463
2.0,,,1.0,1.0,,,,,3.0,3.0,31.0,1.0,3.0,2.0,2.0,8.0,0.0,2.0,3.0,4.0,2.0,,,,,,,
1.0,5620.0,4970.0,1.0,2.0,25.0,23.8,11797.5,16.0,38.0,52.0,67.0,1.0,3.0,1.0,1.0,20.0,3.0,5.0,0.0,4.0,4.0,2.0,2.83,1.83,4.5,4.25,2.29,2.0
2.0,4760.0,5270.0,3.0,1.0,31.0,39.7,,,,1.0,35.0,2.0,1.0,1.0,1.0,0.0,0.0,4.0,0.0,4.0,4.0,3.0,3.0,2.67,5.0,4.0,2.33,2.0
,5160.0,6870.0,5.0,2.0,39.0,20.8,,,,0.0,81.0,2.0,2.0,1.0,1.0,13.0,0.0,1.0,3.0,3.0,4.0,3.0,3.67,2.33,6.0,5.0,3.33,2.0
2.0,3060.0,8190.0,1.0,2.0,80.0,92.8,97883.49087,26.0,60.0,52.0,37.0,2.0,3.0,1.0,2.0,12.0,1.0,1.0,1.0,1.0,1.0,6.155882352941177,5.96,6.077058823529412,5.587647058823529,5.0194117647058825,5.676470588235294,5.0
,4720.0,4970.0,8.0,2.0,28.0,21.6,,,,0.0,28.0,1.0,1.0,5.0,1.0,16.0,2.0,5.0,0.0,2.0,4.0,2.5,2.835,2.0,4.5,4.0,2.335,2.0
1.0,3255.0,6990.0,1.0,2.0,64.0,84.2,24502.5,20.0,40.0,52.0,29.0,2.0,1.0,4.0,2.0,16.0,3.0,1.0,0.0,3.0,,5.3340000000000005,4.934,4.8,6.066,5.734,5.1,4.4
4.0,5240.0,670.0,2.0,2.0,31.0,37.6,,,29.0,40.0,57.0,2.0,1.0,4.0,2.0,14.0,1.0,1.0,2.0,3.0,4.0,3.835,4.0,3.335,6.165,4.5,3.58,2.5
,3420.0,5390.0,8.0,2.0,55.0,37.2,,,,4.0,51.0,2.0,1.0,,2.0,15.0,2.0,1.0,2.0,3.0,4.0,3.556666666666666,3.4450000000000003,3.2216666666666662,5.4433333333333325,5.166666666666667,3.526666666666667,3.0
2.0,4110.0,8680.0,1.0,2.0,31.0,19.6,5898.75,11.0,35.0,20.0,39.0,1.0,3.0,2.0,2.0,12.0,1.0,5.0,1.0,2.0,4.0,2.33,2.33,2.0,6.0,3.33,2.0,2.0
2.0,4020.0,9160.0,1.0,2.0,33.0,13.6,7713.75,13.0,40.0,48.0,52.0,2.0,1.0,2.0,2.0,8.0,0.0,1.0,3.0,4.0,,2.732,3.665999999999999,2.268,4.066,3.6,2.6,2.2
2.0,5300.0,8660.0,1.0,2.0,30.0,24.1,9982.5,15.0,35.0,51.0,41.0,2.0,1.0,5.0,2.0,15.0,1.0,1.0,2.0,3.0,4.0,2.33,3.0,2.33,6.0,3.67,2.17,2.0
2.0,2300.0,8470.0,2.0,2.0,53.0,41.1,4991.25,10.0,40.0,40.0,36.0,2.0,3.0,1.0,2.0,17.0,4.0,1.0,2.0,4.0,4.0,5.0,4.665,3.665,6.5,3.67,4.335,3.5
,,,8.0,2.0,,,,,,,22.0,2.0,1.0,2.0,1.0,,0.0,5.0,,3.0,4.0,,,,,,,
3.0,2100.0,9370.0,1.0,2.0,69.0,91.1,97883.49087,26.0,40.0,52.0,43.0,2.0,2.0,1.0,1.0,16.0,4.0,5.0,0.0,3.0,,6.0,6.0,6.33,4.0,4.33,6.0,5.0
2.0,5300.0,8660.0,1.0,2.0,30.0,24.1,181.5,1.0,8.0,20.0,41.0,2.0,1.0,2.0,1.0,10.0,1.0,3.0,4.0,4.0,4.0,2.33,3.0,2.33,6.0,3.67,2.17,2.0
2.0,420.0,9480.0,1.0,2.0,52.0,67.8,29947.5,21.0,40.0,52.0,58.0,2.0,3.0,1.0,1.0,19.0,4.0,1.0,1.0,2.0,4.0,5.33,5.67,5.0,6.33,4.33,5.5,4.0
1.0,5000.0,8190.0,2.0,2.0,46.0,52.0,16335.0,18.0,38.0,45.0,39.0,2.0,1.0,2.0,1.0,13.0,1.0,5.0,3.0,2.0,4.0,4.33,5.33,4.33,5.33,5.67,4.83,3.0
2.0,,,2.0,2.0,,,,,,,,2.0,1.0,,1.0,11.0,1.0,5.0,,1.0,,,,,,,,
2.0,9130.0,6170.0,1.0,2.0,35.0,32.0,29947.5,21.0,40.0,52.0,71.0,1.0,1.0,2.0,1.0,14.0,1.0,1.0,4.0,3.0,4.0,2.223333333333333,3.6666666666666665,2.11,2.8866666666666667,4.556666666666667,3.056666666666666,2.0
1.0,5700.0,8570.0,1.0,2.0,47.0,38.8,16335.0,18.0,56.0,52.0,56.0,2.0,2.0,1.0,1.0,14.0,2.0,5.0,1.0,2.0,,3.3325,3.0,2.9175,5.0825,4.8325,3.6225,2.5
2.0,3655.0,8180.0,1.0,2.0,49.0,28.6,8621.25,14.0,40.0,52.0,21.0,2.0,2.0,3.0,1.0,12.0,0.0,1.0,0.0,3.0,4.0,3.556666666666666,3.1133333333333333,3.3366666666666664,4.78,5.223333333333334,3.556666666666666,2.3333333333333335
1.0,3850.0,9470.0,1.0,2.0,60.0,65.3,,,40.0,52.0,,2.0,2.0,1.0,1.0,13.0,2.0,2.0,1.0,1.0,1.0,5.67,5.67,5.17,5.67,5.67,4.75,3.0
,,,6.0,,,,,,,0.0,24.0,2.0,3.0,1.0,1.0,16.0,3.0,5.0,0.0,3.0,,,,,,,,
1.0,3640.0,7970.0,1.0,2.0,48.0,28.6,11797.5,16.0,40.0,52.0,49.0,2.0,3.0,2.0,1.0,12.0,1.0,1.0,5.0,2.0,,3.33,3.67,3.0,6.0,5.67,4.17,3.0
1.0,4720.0,7860.0,2.0,2.0,28.0,21.6,16335.0,18.0,36.0,0.0,37.0,2.0,3.0,,2.0,5.0,0.0,1.0,3.0,3.0,3.0,2.5,2.835,2.0,4.5,4.0,2.335,2.0
,4220.0,8590.0,5.0,2.0,24.0,20.7,181.5,1.0,,0.0,67.0,1.0,2.0,1.0,1.0,13.0,1.0,4.0,0.0,1.0,,1.67,2.0,1.33,4.33,3.0,2.0,3.0
2.0,7200.0,4670.0,1.0,2.0,45.0,31.2,29947.5,21.0,70.0,50.0,30.0,1.0,3.0,5.0,1.0,11.0,1.0,5.0,2.0,1.0,4.0,3.67,4.33,3.0,3.83,4.33,3.58,3.0
1.0,410.0,7070.0,1.0,1.0,41.0,54.6,97883.49087,26.0,20.0,40.0,48.0,2.0,3.0,1.0,2.0,14.0,1.0,1.0,2.0,3.0,4.0,5.0,5.67,4.33,4.33,3.67,4.83,4.0
2.0,5400.0,7980.0,2.0,2.0,38.0,25.7,11797.5,16.0,16.0,46.0,34.0,2.0,1.0,5.0,1.0,12.0,1.0,1.0,2.0,3.0,4.0,3.0,3.0,2.33,5.67,4.0,2.67,2.0
2.0,2830.0,7380.0,1.0,1.0,51.0,73.4,7713.75,13.0,40.0,40.0,30.0,2.0,3.0,3.0,1.0,16.0,4.0,1.0,1.0,3.0,,5.33,6.0,5.0,4.33,4.0,4.33,4.0
,5240.0,7590.0,6.0,1.0,31.0,37.6,24502.5,20.0,,52.0,39.0,1.0,3.0,,1.0,12.0,1.0,1.0,3.0,3.0,4.0,3.835,4.0,3.335,6.165,4.5,3.58,2.5
,5540.0,6370.0,5.0,2.0,45.0,59.8,,,,0.0,72.0,1.0,2.0,1.0,1.0,15.0,2.0,1.0,3.0,4.0,1.0,2.33,3.0,2.67,4.33,4.33,3.83,2.0
,3255.0,8190.0,8.0,2.0,64.0,84.2,,,,0.0,61.0,1.0,1.0,5.0,2.0,14.0,2.0,1.0,1.0,3.0,4.0,5.3340000000000005,4.934,4.8,6.066,5.734,5.1,4.4
2.0,700.0,6290.0,4.0,2.0,51.0,61.9,13612.5,17.0,,52.0,33.0,2.0,3.0,1.0,1.0,12.0,1.0,5.0,2.0,4.0,4.0,5.333333333333333,5.446666666666666,5.113333333333333,4.223333333333334,4.223333333333334,4.943333333333333,4.0
1.0,8965.0,2290.0,1.0,2.0,35.0,26.8,36300.0,22.0,48.0,52.0,32.0,1.0,3.0,5.0,1.0,12.0,1.0,1.0,1.0,3.0,,3.0,3.443333333333334,2.776666666666667,3.556666666666666,4.556666666666667,3.276666666666667,2.0
2.0,160.0,6390.0,4.0,2.0,44.0,52.5,4083.75,9.0,,40.0,29.0,1.0,1.0,2.0,1.0,12.0,1.0,5.0,2.0,4.0,4.0,4.44,5.22,4.22,5.33,4.78,5.17,4.0
2.0,4150.0,8680.0,7.0,2.0,33.0,22.4,,,,0.0,24.0,1.0,3.0,1.0,2.0,16.0,3.0,5.0,0.0,3.0,4.0,2.67,2.33,2.33,5.0,3.0,2.5,2.0
2.0,2310.0,7860.0,1.0,2.0,61.0,80.9,29947.5,21.0,40.0,50.0,45.0,2.0,2.0,1.0,1.0,20.0,4.0,1.0,0.0,3.0,4.0,5.333333333333333,5.33,4.22,6.22,4.22,4.78,4.0
2.0,800.0,7070.0,1.0,2.0,60.0,76.3,50820.0,24.0,40.0,52.0,32.0,1.0,3.0,1.0,1.0,17.0,4.0,5.0,0.0,2.0,4.0,5.0,5.0,4.67,4.67,4.67,4.5,4.0
2.0,2910.0,8680.0,4.0,2.0,48.0,51.5,,,,0.0,31.0,1.0,2.0,1.0,1.0,16.0,3.0,5.0,0.0,1.0,,4.33,5.0,3.67,4.67,2.67,3.5,3.0
1.0,5510.0,6380.0,1.0,2.0,29.0,39.9,29947.5,21.0,50.0,45.0,37.0,1.0,1.0,2.0,1.0,12.0,1.0,1.0,4.0,3.0,,2.0,2.67,2.0,4.0,4.0,2.67,2.0
2.0,2010.0,8170.0,2.0,2.0,54.0,62.9,13612.5,17.0,24.0,40.0,46.0,2.0,3.0,1.0,2.0,19.0,4.0,1.0,2.0,4.0,,5.890000000000001,5.4433333333333325,4.0,6.446666666666666,4.67,4.886666666666667,4.666666666666667
4.0,2825.0,6690.0,4.0,2.0,46.0,74.6,97883.49087,26.0,,52.0,40.0,1.0,3.0,1.0,1.0,16.0,4.0,1.0,3.0,4.0,4.0,5.67,5.67,4.67,5.33,4.67,5.33,4.0
2.0,4820.0,6970.0,2.0,1.0,58.0,71.0,16335.0,18.0,20.0,47.0,57.0,1.0,1.0,5.0,2.0,18.0,4.0,1.0,2.0,3.0,4.0,5.17,5.08,4.42,4.75,4.42,5.17,4.0
,1050.0,3190.0,5.0,2.0,48.0,64.5,,,,0.0,62.0,1.0,1.0,5.0,2.0,14.0,2.0,1.0,1.0,2.0,,5.165,4.5,4.165,4.165,5.0,4.92,3.5
,9830.0,9870.0,5.0,2.0,62.0,50.4,,,,0.0,61.0,1.0,1.0,5.0,1.0,15.0,1.0,1.0,3.0,3.0,4.0,,,,,,,
2.0,1030.0,7380.0,2.0,1.0,55.0,71.8,24502.5,20.0,6.0,50.0,54.0,1.0,1.0,5.0,1.0,20.0,3.0,1.0,1.0,1.0,4.0,5.0,5.67,5.0,4.0,4.33,5.33,3.5
3.0,2200.0,7870.0,1.0,1.0,74.0,84.5,24502.5,20.0,35.0,48.0,28.0,2.0,3.0,1.0,2.0,12.0,1.0,5.0,0.0,2.0,4.0,5.658888888888889,5.612222222222222,5.184722222222223,5.074166666666667,3.1766666666666667,5.342777777777778,4.944444444444445
2.0,1020.0,6695.0,1.0,2.0,60.0,87.9,43560.0,23.0,40.0,52.0,54.0,1.0,1.0,3.0,1.0,20.0,3.0,1.0,2.0,3.0,4.0,5.0,5.0,4.67,4.33,5.0,5.0,4.0
2.0,3600.0,8270.0,1.0,2.0,48.0,24.2,16335.0,18.0,45.0,30.0,33.0,2.0,2.0,1.0,1.0,13.0,1.0,5.0,2.0,2.0,4.0,2.915,3.0,2.3325,5.0825,4.6675,3.125,2.25
2.0,4020.0,8680.0,1.0,2.0,33.0,13.6,9982.5,15.0,30.0,1.0,56.0,1.0,2.0,1.0,1.0,12.0,1.0,1.0,0.0,3.0,,2.732,3.665999999999999,2.268,4.066,3.6,2.6,2.2
3.0,2630.0,4170.0,4.0,2.0,46.0,61.4,,,,0.0,47.0,2.0,1.0,2.0,1.0,14.0,2.0,5.0,1.0,2.0,,5.24,5.048571428571429,3.954285714285714,4.428571428571429,3.238571428571429,4.3342857142857145,3.5714285714285716
1.0,5140.0,6690.0,1.0,2.0,40.0,41.8,24502.5,20.0,50.0,52.0,67.0,2.0,3.0,1.0,2.0,17.0,1.0,1.0,3.0,4.0,4.0,3.33,3.33,3.0,5.0,4.33,3.33,3.0
1.0,,,7.0,,,,,,,0.0,31.0,2.0,1.0,2.0,2.0,15.0,1.0,1.0,2.0,4.0,4.0,,,,,,,
1.0,710.0,9370.0,1.0,2.0,51.0,78.3,29947.5,21.0,40.0,26.0,39.0,1.0,1.0,3.0,1.0,12.0,1.0,1.0,3.0,1.0,1.0,5.33,5.33,5.0,6.0,3.67,5.17,4.0
4.0,430.0,770.0,1.0,2.0,39.0,67.7,29947.5,21.0,40.0,52.0,47.0,1.0,1.0,3.0,1.0,12.0,4.0,3.0,4.0,3.0,4.0,5.5,5.29125,4.875,4.8325,4.375,5.04125,4.0
2.0,1760.0,3990.0,1.0,2.0,42.0,86.8,29947.5,21.0,40.0,51.0,31.0,2.0,3.0,1.0,1.0,16.0,3.0,5.0,0.0,2.0,4.0,5.67,5.33,5.33,4.0,4.33,5.0,4.0
3.0,6540.0,770.0,1.0,2.0,42.0,31.4,24502.5,20.0,40.0,52.0,31.0,1.0,3.0,2.0,2.0,7.0,0.0,5.0,2.0,1.0,4.0,4.0,3.33,3.0,3.0,4.0,3.5,2.0
1.0,3500.0,8190.0,1.0,2.0,69.0,46.6,24502.5,20.0,48.0,52.0,35.0,2.0,2.0,1.0,1.0,13.0,1.0,5.0,1.0,3.0,4.0,5.33,5.0,4.0,6.33,5.67,4.33,3.0
2.0,4220.0,8190.0,1.0,2.0,24.0,20.7,19965.0,19.0,40.0,52.0,32.0,1.0,1.0,5.0,1.0,16.0,2.0,5.0,0.0,4.0,,1.67,2.0,1.33,4.33,3.0,2.0,3.0
1.0,1020.0,7380.0,1.0,2.0,60.0,87.9,43560.0,23.0,40.0,30.0,58.0,1.0,3.0,1.0,2.0,16.0,3.0,1.0,1.0,4.0,4.0,5.0,5.0,4.67,4.33,5.0,5.0,4.0
1.0,4220.0,7690.0,2.0,1.0,24.0,20.7,181.5,1.0,25.0,50.0,33.0,2.0,1.0,2.0,2.0,12.0,1.0,1.0,4.0,4.0,,1.67,2.0,1.33,4.33,3.0,2.0,3.0
,9040.0,6290.0,5.0,2.0,66.0,66.4,,,,0.0,69.0,2.0,3.0,1.0,1.0,16.0,3.0,1.0,1.0,4.0,,4.5,4.83,4.5,3.5,6.0,4.75,3.0
,2145.0,7270.0,5.0,2.0,52.0,60.3,19965.0,19.0,,52.0,65.0,2.0,2.0,1.0,1.0,14.0,2.0,1.0,0.0,3.0,4.0,4.0,3.0,3.67,5.0,4.33,4.33,3.0
2.0,6040.0,1180.0,1.0,2.0,33.0,14.0,13612.5,17.0,60.0,48.0,18.0,2.0,2.0,1.0,1.0,16.0,2.0,5.0,3.0,3.0,,1.0,2.0,1.0,2.0,3.67,2.0,2.0
4.0,4820.0,6970.0,1.0,2.0,58.0,71.0,19965.0,19.0,40.0,52.0,42.0,2.0,2.0,1.0,1.0,16.0,1.0,1.0,1.0,2.0,4.0,5.17,5.08,4.42,4.75,4.42,5.17,4.0
2.0,5860.0,8370.0,1.0,2.0,32.0,35.8,16335.0,18.0,40.0,52.0,62.0,2.0,2.0,1.0,1.0,18.0,4.0,4.0,1.0,1.0,4.0,2.33,2.67,2.33,5.67,4.33,2.5,2.0
1.0,1107.0,9370.0,1.0,2.0,48.0,70.5,24502.5,20.0,40.0,48.0,40.0,1.0,3.0,1.0,1.0,16.0,3.0,1.0,3.0,4.0,,5.576363636363637,4.969090909090909,4.4390909090909085,3.4545454545454546,4.181818181818182,5.038181818181818,3.8461538461538463
,2010.0,9170.0,5.0,2.0,54.0,62.9,,,,0.0,71.0,2.0,2.0,1.0,1.0,14.0,2.0,2.0,0.0,3.0,4.0,5.890000000000001,5.4433333333333325,4.0,6.446666666666666,4.67,4.886666666666667,4.666666666666667
,4030.0,8680.0,6.0,2.0,21.0,13.6,2359.5,6.0,,40.0,20.0,2.0,3.0,1.0,1.0,15.0,1.0,5.0,0.0,4.0,,1.67,1.67,1.67,4.67,4.67,2.0,2.0
1.0,1007.0,7380.0,1.0,2.0,63.0,77.2,97883.49087,26.0,45.0,52.0,30.0,2.0,3.0,1.0,1.0,16.0,4.0,1.0,1.0,1.0,4.0,4.67,5.33,4.33,4.33,5.33,5.67,4.0
1.0,5700.0,9160.0,1.0,2.0,47.0,38.8,4991.25,10.0,32.0,48.0,22.0,2.0,1.0,1.0,1.0,15.0,1.0,5.0,0.0,3.0,4.0,3.3325,3.0,2.9175,5.0825,4.8325,3.6225,2.5
1.0,4510.0,8980.0,2.0,2.0,36.0,24.6,,,20.0,0.0,23.0,2.0,2.0,1.0,1.0,13.0,1.0,5.0,1.0,1.0,4.0,4.0,5.0,2.67,6.33,2.0,3.17,3.0
2.0,850.0,6970.0,1.0,2.0,63.0,79.3,19965.0,19.0,32.0,52.0,43.0,1.0,1.0,2.0,1.0,14.0,2.0,1.0,1.0,4.0,4.0,5.0,5.33,4.67,4.33,3.67,4.67,4.0
3.0,7340.0,7070.0,1.0,2.0,44.0,36.4,7713.75,13.0,40.0,20.0,32.0,1.0,1.0,2.0,2.0,,0.0,1.0,1.0,4.0,4.0,3.33,4.0,2.67,4.0,5.0,3.67,3.0
1.0,20.0,7070.0,1.0,2.0,50.0,68.6,19965.0,19.0,40.0,50.0,62.0,1.0,1.0,2.0,2.0,15.0,1.0,3.0,4.0,4.0,4.0,5.33,6.0,5.67,6.33,4.67,6.0,4.0
,5860.0,6070.0,5.0,2.0,32.0,35.8,,,,4.0,76.0,2.0,2.0,1.0,1.0,13.0,1.0,1.0,1.0,3.0,,2.33,2.67,2.33,5.67,4.33,2.5,2.0
,9120.0,6180.0,5.0,2.0,35.0,31.6,,,,0.0,77.0,1.0,2.0,1.0,1.0,16.0,3.0,1.0,4.0,3.0,4.0,3.0,4.33,2.0,5.0,5.0,3.0,2.0
1.0,3655.0,8190.0,1.0,2.0,49.0,28.6,43560.0,23.0,50.0,52.0,41.0,1.0,1.0,5.0,2.0,15.0,4.0,1.0,2.0,3.0,,3.556666666666666,3.1133333333333333,3.3366666666666664,4.78,5.223333333333334,3.556666666666666,2.3333333333333335
2.0,5610.0,4590.0,7.0,2.0,35.0,23.7,,,,0.0,38.0,2.0,1.0,2.0,1.0,12.0,1.0,1.0,3.0,2.0,,2.67,3.0,2.67,5.33,4.33,2.83,2.0
2.0,,,1.0,,,,8621.25,14.0,,,31.0,1.0,1.0,2.0,1.0,20.0,4.0,1.0,2.0,2.0,,,,,,,,
1.0,8140.0,3680.0,7.0,2.0,38.0,28.4,19965.0,19.0,,3.0,31.0,1.0,2.0,1.0,1.0,12.0,1.0,4.0,1.0,3.0,4.0,2.415,3.25,2.25,3.75,5.25,3.0,2.0
1.0,4230.0,8190.0,1.0,2.0,25.0,12.6,16335.0,18.0,42.0,52.0,29.0,2.0,2.0,1.0,1.0,13.0,1.0,5.0,2.0,3.0,,1.67,2.0,1.0,5.33,2.67,1.67,2.0
1.0,8255.0,1990.0,1.0,1.0,36.0,31.1,36300.0,22.0,60.0,52.0,58.0,1.0,2.0,1.0,1.0,16.0,3.0,1.0,2.0,2.0,4.0,3.33,3.0,3.0,2.33,4.0,3.0,2.0
2.0,1020.0,6670.0,1.0,2.0,60.0,87.9,43560.0,23.0,40.0,52.0,42.0,2.0,1.0,5.0,2.0,18.0,4.0,1.0,2.0,4.0,4.0,5.0,5.0,4.67,4.33,5.0,5.0,4.0
1.0,4230.0,8660.0,7.0,2.0,25.0,12.6,,,,30.0,24.0,2.0,3.0,5.0,2.0,12.0,1.0,1.0,2.0,3.0,4.0,1.67,2.0,1.0,5.33,2.67,1.67,2.0
3.0,2330.0,7860.0,1.0,2.0,61.0,71.7,36300.0,22.0,45.0,52.0,34.0,2.0,3.0,4.0,1.0,16.0,4.0,1.0,0.0,3.0,,5.585,4.9175,4.0825,6.8325,4.1675,4.54,4.333333333333333
2.0,9620.0,6390.0,1.0,2.0,25.0,23.3,,,40.0,45.0,37.0,1.0,2.0,1.0,1.0,10.0,1.0,5.0,0.0,3.0,4.0,2.0,2.0,2.0,4.33,4.33,2.17,2.0
,4200.0,9470.0,8.0,2.0,37.0,33.2,,,,0.0,46.0,1.0,1.0,5.0,1.0,14.0,1.0,1.0,3.0,3.0,4.0,3.67,5.67,3.33,3.67,5.0,3.83,2.0
,,,2.0,2.0,,,5898.75,11.0,40.0,,47.0,1.0,2.0,1.0,1.0,0.0,0.0,5.0,0.0,2.0,,,,,,,,
2.0,,,1.0,2.0,,,29947.5,21.0,40.0,52.0,28.0,,,1.0,1.0,12.0,1.0,1.0,0.0,4.0,,,,,,,,
3.0,430.0,9090.0,1.0,2.0,39.0,67.7,43560.0,23.0,40.0,52.0,34.0,2.0,3.0,1.0,1.0,16.0,3.0,5.0,0.0,1.0,,5.5,5.29125,4.875,4.8325,4.375,5.04125,4.0
2.0,310.0,8680.0,1.0,2.0,39.0,41.0,19965.0,19.0,50.0,4.0,56.0,1.0,2.0,3.0,1.0,12.0,1.0,1.0,1.0,1.0,,4.33,5.67,4.33,4.67,4.67,4.5,2.0
4.0,4760.0,5790.0,4.0,2.0,31.0,39.7,1270.5,3.0,,4.0,22.0,1.0,2.0,1.0,1.0,13.0,1.0,5.0,0.0,3.0,4.0,3.0,3.0,2.67,5.0,4.0,2.33,2.0
,9120.0,6180.0,8.0,2.0,35.0,31.6,,,,0.0,61.0,1.0,3.0,5.0,2.0,12.0,1.0,1.0,4.0,4.0,2.0,3.0,4.33,2.0,5.0,5.0,3.0,2.0
2.0,7700.0,2190.0,1.0,2.0,50.0,46.5,36300.0,22.0,41.0,52.0,31.0,2.0,2.0,1.0,1.0,20.0,4.0,5.0,0.0,3.0,,5.0,5.67,4.67,5.0,5.33,4.67,3.0
2.0,3800.0,9470.0,1.0,2.0,40.0,45.1,36300.0,22.0,40.0,52.0,45.0,1.0,1.0,2.0,1.0,16.0,3.0,1.0,1.0,4.0,3.0,3.665,4.17,3.165,5.165,5.335,3.415,2.5
2.0,4120.0,8180.0,1.0,2.0,34.0,17.0,,,50.0,49.0,32.0,2.0,2.0,1.0,1.0,13.0,1.0,5.0,0.0,1.0,1.0,1.67,2.33,1.67,3.67,3.67,2.33,2.0
1.0,2310.0,7860.0,1.0,2.0,61.0,80.9,19965.0,19.0,52.0,42.0,34.0,2.0,2.0,1.0,1.0,18.0,4.0,1.0,0.0,3.0,1.0,5.333333333333333,5.33,4.22,6.22,4.22,4.78,4.0
,4720.0,4970.0,5.0,2.0,28.0,21.6,,,,0.0,66.0,2.0,3.0,1.0,2.0,12.0,1.0,1.0,1.0,4.0,4.0,2.5,2.835,2.0,4.5,4.0,2.335,2.0
2.0,4510.0,8980.0,1.0,2.0,36.0,24.6,16335.0,18.0,32.0,49.0,57.0,2.0,3.0,1.0,1.0,12.0,1.0,2.0,3.0,3.0,4.0,4.0,5.0,2.67,6.33,2.0,3.17,3.0
1.0,500.0,8560.0,1.0,2.0,46.0,60.2,36300.0,22.0,40.0,52.0,45.0,1.0,3.0,1.0,2.0,16.0,4.0,5.0,0.0,2.0,4.0,6.33,6.33,5.33,5.33,3.67,5.33,4.0
2.0,4230.0,7070.0,7.0,2.0,25.0,12.6,,,,0.0,48.0,2.0,2.0,1.0,1.0,13.0,1.0,5.0,3.0,4.0,,1.67,2.0,1.0,5.33,2.67,1.67,2.0
2.0,420.0,9170.0,1.0,2.0,52.0,67.8,58080.0,25.0,50.0,52.0,37.0,2.0,3.0,1.0,1.0,16.0,4.0,1.0,2.0,4.0,,5.33,5.67,5.0,6.33,4.33,5.5,4.0
2.0,840.0,7080.0,1.0,2.0,58.0,81.9,29947.5,21.0,40.0,52.0,29.0,1.0,2.0,5.0,1.0,16.0,3.0,5.0,0.0,1.0,4.0,,,,,,,4.0
1.0,4610.0,9480.0,1.0,2.0,48.0,20.1,29947.5,21.0,60.0,52.0,44.0,2.0,3.0,5.0,1.0,14.0,2.0,5.0,1.0,4.0,4.0,4.0,3.33,2.67,5.67,4.0,3.0,2.0
1.0,1020.0,,1.0,2.0,60.0,87.9,97883.49087,26.0,40.0,52.0,59.0,1.0,3.0,1.0,1.0,16.0,3.0,1.0,2.0,4.0,,5.0,5.0,4.67,4.33,5.0,5.0,4.0
2.0,5110.0,9470.0,1.0,2.0,40.0,33.4,24502.5,20.0,36.0,50.0,52.0,2.0,1.0,2.0,1.0,14.0,1.0,4.0,2.0,4.0,4.0,2.67,4.0,2.67,4.5,4.5,3.08,3.0
1.0,6220.0,770.0,1.0,2.0,39.0,24.6,36300.0,22.0,40.0,50.0,36.0,1.0,3.0,2.0,1.0,10.0,1.0,1.0,5.0,4.0,1.0,3.335,4.0,2.5,3.17,4.67,3.835,2.0
,2310.0,7860.0,5.0,2.0,61.0,80.9,,,,0.0,63.0,2.0,2.0,1.0,1.0,19.0,4.0,1.0,1.0,1.0,,5.333333333333333,5.33,4.22,6.22,4.22,4.78,4.0
1.0,,4270.0,1.0,2.0,,,,,40.0,52.0,64.0,1.0,1.0,4.0,2.0,13.0,1.0,1.0,3.0,3.0,4.0,,,,,,,
1.0,3600.0,8190.0,1.0,2.0,48.0,24.2,24502.5,20.0,50.0,12.0,46.0,1.0,2.0,1.0,2.0,16.0,3.0,1.0,3.0,4.0,1.0,2.915,3.0,2.3325,5.0825,4.6675,3.125,2.25
3.0,1005.0,7870.0,1.0,2.0,69.0,84.3,24502.5,20.0,60.0,52.0,31.0,1.0,3.0,1.0,2.0,17.0,4.0,1.0,1.0,3.0,4.0,5.67,5.33,5.33,3.67,4.67,5.67,5.0
3.0,,,4.0,2.0,,,,,,0.0,35.0,2.0,3.0,1.0,2.0,16.0,3.0,1.0,1.0,4.0,4.0,,,,,,,
1.0,5510.0,6380.0,1.0,1.0,29.0,39.9,16335.0,18.0,40.0,20.0,44.0,2.0,2.0,1.0,2.0,18.0,3.0,1.0,2.0,3.0,1.0,2.0,2.67,2.0,4.0,4.0,2.67,2.0
2.0,3060.0,8180.0,1.0,2.0,80.0,92.8,97883.49087,26.0,40.0,52.0,44.0,2.0,2.0,1.0,2.0,16.0,4.0,5.0,1.0,4.0,,6.155882352941177,5.96,6.077058823529412,5.587647058823529,5.0194117647058825,5.676470588235294,5.0
2.0,9120.0,6180.0,4.0,2.0,35.0,31.6,,,,0.0,41.0,2.0,2.0,1.0,1.0,14.0,1.0,5.0,2.0,4.0,4.0,3.0,4.33,2.0,5.0,5.0,3.0,2.0
2.0,,,4.0,1.0,,,,,,0.0,62.0,2.0,2.0,1.0,1.0,6.0,0.0,5.0,3.0,4.0,4.0,,,,,,,
2.0,3655.0,8270.0,1.0,2.0,49.0,28.6,726.0,2.0,20.0,10.0,25.0,2.0,2.0,1.0,1.0,14.0,1.0,5.0,0.0,3.0,4.0,3.556666666666666,3.1133333333333333,3.3366666666666664,4.78,5.223333333333334,3.556666666666666,2.3333333333333335
1.0,1530.0,570.0,1.0,2.0,70.0,86.1,97883.49087,26.0,40.0,52.0,57.0,1.0,3.0,1.0,1.0,16.0,3.0,3.0,1.0,4.0,,5.636363636363637,5.484545454545454,5.211818181818182,3.4545454545454546,4.271818181818182,5.531818181818182,4.181818181818182
,2320.0,7860.0,5.0,2.0,64.0,82.5,,,,0.0,64.0,2.0,1.0,2.0,1.0,20.0,4.0,1.0,2.0,4.0,4.0,5.5,5.165,4.165,6.5,4.5,5.08,4.0
2.0,2550.0,7860.0,1.0,2.0,50.0,70.3,29947.5,21.0,40.0,52.0,44.0,1.0,3.0,1.0,1.0,18.0,4.0,5.0,0.0,4.0,4.0,5.113333333333333,5.5,4.223333333333334,5.9433333333333325,3.28,4.806666666666667,5.0
2.0,4220.0,7070.0,1.0,2.0,24.0,20.7,8621.25,14.0,36.0,52.0,35.0,2.0,1.0,3.0,1.0,10.0,0.0,3.0,5.0,3.0,,1.67,2.0,1.33,4.33,3.0,2.0,3.0
,,,8.0,,,,,,,0.0,55.0,2.0,3.0,5.0,1.0,12.0,1.0,5.0,0.0,1.0,4.0,,,,,,,
1.0,5540.0,6370.0,1.0,2.0,45.0,59.8,,,40.0,52.0,45.0,2.0,2.0,1.0,1.0,13.0,0.0,5.0,1.0,1.0,4.0,2.33,3.0,2.67,4.33,4.33,3.83,2.0
,1650.0,8180.0,6.0,2.0,63.0,88.0,,,,0.0,38.0,2.0,1.0,2.0,2.0,16.0,4.0,5.0,0.0,3.0,4.0,5.67,5.5,5.5,4.665,3.83,5.0,5.0
2.0,,,1.0,2.0,,,,,40.0,,,2.0,3.0,1.0,2.0,17.0,4.0,5.0,0.0,4.0,4.0,,,,,,,
,4850.0,4190.0,5.0,2.0,45.0,62.0,,,,0.0,72.0,1.0,3.0,1.0,1.0,14.0,1.0,3.0,1.0,4.0,4.0,4.89,4.89,3.78,4.553333333333334,3.78,4.613333333333333,3.6666666666666665
3.0,,,7.0,,,,,,,0.0,28.0,1.0,1.0,2.0,1.0,12.0,0.0,5.0,0.0,4.0,4.0,,,,,,,
,9130.0,770.0,5.0,2.0,35.0,32.0,,,,0.0,68.0,1.0,3.0,1.0,2.0,8.0,0.0,1.0,2.0,4.0,4.0,2.223333333333333,3.6666666666666665,2.11,2.8866666666666667,4.556666666666667,3.056666666666666,2.0
3.0,,,1.0,2.0,,,1633.5,4.0,,5.0,,1.0,3.0,3.0,1.0,3.0,0.0,1.0,7.0,4.0,,,,,,,,
2.0,7700.0,5790.0,2.0,2.0,50.0,46.5,,,32.0,20.0,20.0,2.0,2.0,1.0,1.0,14.0,1.0,5.0,0.0,3.0,4.0,5.0,5.67,4.67,5.0,5.33,4.67,3.0
2.0,6355.0,770.0,1.0,2.0,49.0,45.4,11797.5,16.0,50.0,30.0,31.0,1.0,1.0,5.0,2.0,18.0,3.0,1.0,3.0,3.0,,4.33,5.33,3.33,3.67,5.0,4.17,3.0
3.0,4720.0,5790.0,3.0,,28.0,21.6,,,,,28.0,,3.0,,,,0.0,3.0,,4.0,,2.5,2.835,2.0,4.5,4.0,2.335,2.0
1.0,2310.0,7860.0,1.0,2.0,61.0,80.9,16335.0,18.0,40.0,48.0,30.0,2.0,1.0,2.0,1.0,16.0,3.0,1.0,3.0,3.0,3.0,5.333333333333333,5.33,4.22,6.22,4.22,4.78,4.0
2.0,8255.0,1490.0,4.0,2.0,36.0,31.1,,,,0.0,60.0,2.0,1.0,2.0,1.0,10.0,0.0,4.0,3.0,3.0,,3.33,3.0,3.0,2.33,4.0,3.0,2.0
3.0,6260.0,770.0,1.0,1.0,28.0,25.2,19965.0,19.0,60.0,40.0,52.0,1.0,1.0,1.0,1.0,14.0,1.0,1.0,3.0,3.0,3.0,2.33,2.67,1.67,4.0,4.33,3.17,2.0
2.0,710.0,7390.0,1.0,2.0,51.0,78.3,97883.49087,26.0,60.0,52.0,30.0,1.0,3.0,1.0,2.0,18.0,4.0,1.0,0.0,3.0,4.0,5.33,5.33,5.0,6.0,3.67,5.17,4.0
2.0,4850.0,4260.0,1.0,2.0,45.0,62.0,,,40.0,52.0,40.0,1.0,3.0,1.0,2.0,12.0,1.0,1.0,2.0,4.0,,4.89,4.89,3.78,4.553333333333334,3.78,4.613333333333333,3.6666666666666665
2.0,2100.0,9370.0,1.0,2.0,69.0,91.1,36300.0,22.0,40.0,52.0,50.0,1.0,3.0,1.0,1.0,19.0,4.0,1.0,0.0,4.0,4.0,6.0,6.0,6.33,4.0,4.33,6.0,5.0
4.0,4920.0,7070.0,1.0,1.0,49.0,56.9,24502.5,20.0,8.0,48.0,47.0,1.0,3.0,1.0,2.0,14.0,1.0,5.0,0.0,4.0,4.0,5.0,5.165,4.33,5.0,3.5,4.5,3.5
4.0,6260.0,770.0,2.0,2.0,28.0,25.2,,,8.0,2.0,23.0,1.0,2.0,1.0,1.0,12.0,1.0,5.0,0.0,2.0,4.0,2.33,2.67,1.67,4.0,4.33,3.17,2.0
1.0,2850.0,8560.0,1.0,1.0,67.0,73.6,36300.0,22.0,40.0,45.0,53.0,1.0,3.0,1.0,1.0,16.0,3.0,5.0,0.0,4.0,1.0,5.5,4.67,4.335,3.335,3.165,4.5,4.0
1.0,5860.0,9170.0,2.0,2.0,32.0,35.8,,,20.0,0.0,52.0,1.0,1.0,4.0,1.0,13.0,1.0,5.0,0.0,4.0,4.0,2.33,2.67,2.33,5.67,4.33,2.5,2.0
2.0,3420.0,5070.0,1.0,2.0,55.0,37.2,11797.5,16.0,35.0,52.0,22.0,2.0,2.0,1.0,1.0,12.0,1.0,5.0,0.0,2.0,,3.556666666666666,3.4450000000000003,3.2216666666666662,5.4433333333333325,5.166666666666667,3.526666666666667,3.0
,2100.0,7270.0,3.0,1.0,69.0,91.1,97883.49087,26.0,,52.0,50.0,1.0,3.0,1.0,1.0,19.0,4.0,1.0,1.0,4.0,4.0,6.0,6.0,6.33,4.0,4.33,6.0,5.0
2.0,4050.0,8680.0,2.0,2.0,21.0,14.0,1270.5,3.0,20.0,20.0,24.0,1.0,3.0,1.0,1.0,16.0,3.0,5.0,0.0,4.0,4.0,1.67,1.83,1.67,4.5,4.0,1.92,2.0
3.0,4220.0,5790.0,4.0,2.0,24.0,20.7,181.5,1.0,,7.0,32.0,,2.0,3.0,,12.0,,5.0,2.0,3.0,3.0,1.67,2.0,1.33,4.33,3.0,2.0,3.0
2.0,4810.0,6990.0,1.0,2.0,47.0,57.8,24502.5,20.0,40.0,52.0,51.0,1.0,3.0,1.0,2.0,14.0,2.0,5.0,0.0,4.0,,5.0,5.33,3.67,5.33,4.67,3.83,4.0
,2100.0,9470.0,5.0,2.0,69.0,91.1,97883.49087,26.0,,52.0,55.0,2.0,3.0,1.0,1.0,19.0,4.0,3.0,1.0,4.0,4.0,6.0,6.0,6.33,4.0,4.33,6.0,5.0
1.0,4700.0,5080.0,1.0,2.0,38.0,43.0,9982.5,15.0,43.0,52.0,29.0,1.0,2.0,1.0,1.0,14.0,1.0,5.0,1.0,2.0,4.0,3.67,4.67,3.67,4.33,4.0,4.0,2.0
,4010.0,8680.0,6.0,2.0,38.0,27.0,1270.5,3.0,,12.0,26.0,2.0,3.0,2.0,1.0,12.0,1.0,1.0,4.0,2.0,4.0,3.67,4.67,3.67,5.67,4.67,3.17,2.0
,800.0,6370.0,5.0,2.0,60.0,76.3,43560.0,23.0,,0.0,63.0,2.0,3.0,1.0,2.0,14.0,0.0,1.0,2.0,4.0,3.0,5.0,5.0,4.67,4.67,4.67,4.5,4.0
,1530.0,570.0,5.0,2.0,70.0,86.1,,,,0.0,70.0,1.0,1.0,5.0,2.0,17.0,4.0,2.0,2.0,2.0,,5.636363636363637,5.484545454545454,5.211818181818182,3.4545454545454546,4.271818181818182,5.531818181818182,4.181818181818182
2.0,4520.0,8980.0,2.0,1.0,30.0,20.1,9982.5,15.0,18.0,39.0,34.0,2.0,2.0,1.0,1.0,18.0,3.0,1.0,0.0,4.0,4.0,3.085,3.2525,2.75,5.085,2.915,2.835,2.5
1.0,150.0,6570.0,1.0,2.0,52.0,71.6,29947.5,21.0,60.0,52.0,54.0,2.0,2.0,1.0,1.0,13.0,1.0,5.0,1.0,4.0,4.0,4.0,4.67,4.33,4.0,5.0,5.33,4.0
,,,6.0,,,,,,,0.0,20.0,2.0,3.0,1.0,1.0,14.0,1.0,5.0,0.0,4.0,4.0,,,,,,,
2.0,1007.0,9370.0,1.0,1.0,63.0,77.2,97883.49087,26.0,40.0,50.0,53.0,1.0,3.0,1.0,2.0,16.0,3.0,1.0,3.0,3.0,4.0,4.67,5.33,4.33,4.33,5.33,5.67,4.0
2.0,1030.0,7380.0,1.0,2.0,55.0,71.8,36300.0,22.0,40.0,49.0,48.0,1.0,3.0,1.0,2.0,17.0,3.0,5.0,0.0,4.0,,5.0,5.67,5.0,4.0,4.33,5.33,3.5
2.0,1020.0,7380.0,1.0,2.0,60.0,87.9,36300.0,22.0,60.0,52.0,30.0,1.0,2.0,1.0,1.0,16.0,3.0,5.0,0.0,4.0,4.0,5.0,5.0,4.67,4.33,5.0,5.0,4.0
2.0,4700.0,5790.0,7.0,2.0,38.0,43.0,29947.5,21.0,,20.0,62.0,1.0,3.0,1.0,1.0,12.0,1.0,5.0,0.0,4.0,,3.67,4.67,3.67,4.33,4.0,4.0,2.0
2.0,2145.0,7270.0,1.0,2.0,52.0,60.3,43560.0,23.0,40.0,40.0,40.0,2.0,3.0,1.0,2.0,16.0,3.0,1.0,2.0,4.0,,4.0,3.0,3.67,5.0,4.33,4.33,3.0
,8740.0,9570.0,5.0,2.0,39.0,38.1,,,,0.0,67.0,1.0,3.0,1.0,1.0,14.0,2.0,1.0,1.0,4.0,3.0,2.33,2.33,1.67,3.0,4.33,2.83,2.0
1.0,5400.0,8190.0,1.0,2.0,38.0,25.7,19965.0,19.0,49.0,52.0,49.0,2.0,2.0,1.0,1.0,14.0,1.0,5.0,3.0,4.0,4.0,3.0,3.0,2.33,5.67,4.0,2.67,2.0
,4760.0,4970.0,5.0,2.0,31.0,39.7,,,,0.0,68.0,1.0,3.0,1.0,2.0,15.0,1.0,1.0,1.0,4.0,4.0,3.0,3.0,2.67,5.0,4.0,2.33,2.0
4.0,1530.0,3390.0,1.0,2.0,70.0,86.1,97883.49087,26.0,40.0,44.0,48.0,1.0,3.0,1.0,2.0,16.0,4.0,1.0,2.0,4.0,4.0,5.636363636363637,5.484545454545454,5.211818181818182,3.4545454545454546,4.271818181818182,5.531818181818182,4.181818181818182
,,,6.0,,,,,,,0.0,22.0,2.0,2.0,1.0,1.0,12.0,1.0,5.0,0.0,4.0,4.0,,,,,,,
,4230.0,9290.0,5.0,1.0,25.0,12.6,,,,0.0,36.0,1.0,1.0,2.0,1.0,15.0,2.0,3.0,0.0,4.0,4.0,1.67,2.0,1.0,5.33,2.67,1.67,2.0
,310.0,8680.0,5.0,2.0,39.0,41.0,,,,0.0,75.0,2.0,2.0,1.0,1.0,14.0,1.0,2.0,2.0,4.0,4.0,4.33,5.67,4.33,4.67,4.67,4.5,2.0
2.0,5610.0,6290.0,2.0,2.0,35.0,23.7,,,30.0,47.0,24.0,1.0,3.0,1.0,1.0,16.0,3.0,1.0,0.0,3.0,,2.67,3.0,2.67,5.33,4.33,2.83,2.0
2.0,630.0,7580.0,1.0,2.0,47.0,65.3,29947.5,21.0,55.0,52.0,25.0,1.0,2.0,1.0,2.0,16.0,3.0,5.0,0.0,3.0,,4.556666666666667,4.333333333333333,4.0,5.446666666666666,4.333333333333333,4.163333333333333,3.3333333333333335
2.0,1650.0,7460.0,1.0,2.0,63.0,88.0,19965.0,19.0,40.0,47.0,25.0,2.0,3.0,1.0,1.0,16.0,3.0,5.0,0.0,4.0,,5.67,5.5,5.5,4.665,3.83,5.0,5.0
2.0,3060.0,8190.0,1.0,2.0,80.0,92.8,24502.5,20.0,70.0,50.0,,1.0,3.0,1.0,1.0,16.0,4.0,5.0,0.0,1.0,4.0,6.155882352941177,5.96,6.077058823529412,5.587647058823529,5.0194117647058825,5.676470588235294,5.0
2.0,1020.0,7380.0,1.0,2.0,60.0,87.9,97883.49087,26.0,40.0,52.0,65.0,1.0,3.0,1.0,2.0,18.0,4.0,1.0,2.0,4.0,,5.0,5.0,4.67,4.33,5.0,5.0,4.0
,2540.0,7890.0,8.0,2.0,48.0,26.1,,,,0.0,62.0,1.0,2.0,1.0,1.0,16.0,3.0,5.0,1.0,3.0,,,,,,,,3.0
1.0,5240.0,,1.0,2.0,31.0,37.6,7713.75,13.0,40.0,47.0,26.0,1.0,3.0,1.0,1.0,16.0,3.0,5.0,0.0,4.0,1.0,3.835,4.0,3.335,6.165,4.5,3.58,2.5
2.0,4720.0,4970.0,3.0,2.0,28.0,21.6,2722.5,7.0,,41.0,40.0,2.0,3.0,1.0,1.0,12.0,1.0,5.0,1.0,4.0,4.0,2.5,2.835,2.0,4.5,4.0,2.335,2.0
,540.0,6990.0,5.0,2.0,46.0,59.8,,,,0.0,62.0,1.0,3.0,1.0,1.0,16.0,3.0,5.0,0.0,4.0,4.0,4.085,4.835,3.75,4.415,4.915,4.625,3.5
3.0,740.0,7290.0,1.0,2.0,33.0,63.7,36300.0,22.0,45.0,52.0,33.0,1.0,3.0,1.0,1.0,17.0,4.0,5.0,0.0,4.0,4.0,5.066,5.134,4.268,4.134,3.868,4.568,3.7142857142857144
3.0,4720.0,4970.0,1.0,2.0,28.0,21.6,8621.25,14.0,40.0,40.0,42.0,2.0,1.0,5.0,2.0,12.0,1.0,4.0,4.0,4.0,,2.5,2.835,2.0,4.5,4.0,2.335,2.0
2.0,3800.0,9470.0,1.0,2.0,40.0,45.1,50820.0,24.0,40.0,52.0,50.0,1.0,3.0,1.0,2.0,15.0,1.0,3.0,1.0,2.0,,3.665,4.17,3.165,5.165,5.335,3.415,2.5
1.0,1010.0,2190.0,1.0,2.0,63.0,81.0,97883.49087,26.0,40.0,52.0,43.0,1.0,3.0,1.0,1.0,12.0,1.0,1.0,2.0,4.0,4.0,5.67,5.0,4.33,2.33,5.0,5.5,4.0
1.0,710.0,7390.0,1.0,2.0,51.0,78.3,97883.49087,26.0,43.0,40.0,44.0,1.0,2.0,1.0,2.0,16.0,3.0,1.0,4.0,4.0,,5.33,5.33,5.0,6.0,3.67,5.17,4.0
3.0,800.0,9370.0,1.0,2.0,60.0,76.3,43560.0,23.0,40.0,52.0,39.0,2.0,3.0,1.0,1.0,12.0,1.0,1.0,3.0,4.0,,5.0,5.0,4.67,4.67,4.67,4.5,4.0
2.0,2000.0,7860.0,1.0,2.0,51.0,63.7,29947.5,21.0,35.0,40.0,35.0,1.0,3.0,2.0,1.0,18.0,4.0,1.0,2.0,4.0,,5.465999999999999,5.0,4.668,6.6,3.601999999999999,4.566,4.8
2.0,,,3.0,2.0,,,2359.5,6.0,,1.0,34.0,1.0,3.0,4.0,1.0,12.0,1.0,3.0,3.0,4.0,,,,,,,,
1.0,430.0,7970.0,1.0,2.0,39.0,67.7,36300.0,22.0,50.0,48.0,32.0,2.0,3.0,1.0,2.0,18.0,4.0,5.0,0.0,4.0,4.0,5.5,5.29125,4.875,4.8325,4.375,5.04125,4.0
2.0,800.0,4680.0,4.0,2.0,60.0,76.3,1996.5,5.0,,52.0,53.0,2.0,3.0,1.0,2.0,14.0,2.0,1.0,3.0,4.0,1.0,5.0,5.0,4.67,4.67,4.67,4.5,4.0
4.0,1020.0,6870.0,1.0,2.0,60.0,87.9,58080.0,25.0,38.0,40.0,32.0,2.0,3.0,1.0,1.0,17.0,3.0,5.0,0.0,4.0,4.0,5.0,5.0,4.67,4.33,5.0,5.0,4.0
3.0,3040.0,8070.0,1.0,2.0,70.0,91.6,36300.0,22.0,38.0,50.0,37.0,2.0,3.0,1.0,1.0,16.0,3.0,1.0,0.0,4.0,4.0,6.0,5.67,6.0,6.0,4.67,6.17,5.0
1.0,,,1.0,2.0,,,50820.0,24.0,40.0,50.0,,1.0,3.0,1.0,1.0,18.0,4.0,1.0,0.0,4.0,,,,,,,,
,3230.0,7860.0,5.0,2.0,59.0,88.3,,,,0.0,72.0,2.0,3.0,1.0,1.0,18.0,4.0,3.0,3.0,4.0,4.0,5.67,5.33,4.67,6.67,4.0,5.17,5.0
2.0,940.0,7870.0,2.0,2.0,52.0,57.0,11797.5,16.0,32.0,20.0,,1.0,3.0,1.0,2.0,16.0,4.0,1.0,1.0,4.0,,3.33,3.67,3.33,4.67,3.67,3.33,3.0
3.0,9620.0,6290.0,1.0,2.0,25.0,23.3,13612.5,17.0,40.0,52.0,59.0,1.0,3.0,2.0,2.0,5.0,0.0,3.0,0.0,4.0,,2.0,2.0,2.0,4.33,4.33,2.17,2.0
2.0,910.0,6870.0,4.0,2.0,45.0,62.1,,,,8.0,53.0,2.0,3.0,1.0,2.0,16.0,3.0,1.0,2.0,4.0,4.0,5.0,5.33,4.335,5.835,4.335,4.5,4.0
4.0,2320.0,7860.0,1.0,2.0,64.0,82.5,43560.0,23.0,40.0,42.0,54.0,1.0,3.0,1.0,2.0,17.0,4.0,1.0,2.0,4.0,3.0,5.5,5.165,4.165,6.5,4.5,5.08,4.0
1.0,6260.0,770.0,1.0,2.0,28.0,25.2,19965.0,19.0,40.0,50.0,42.0,1.0,3.0,1.0,2.0,13.0,1.0,1.0,1.0,4.0,,2.33,2.67,1.67,4.0,4.33,3.17,2.0
3.0,3150.0,8190.0,2.0,2.0,61.0,89.4,29947.5,21.0,25.0,32.0,34.0,2.0,3.0,1.0,1.0,18.0,4.0,1.0,0.0,4.0,4.0,5.5,5.335,4.5,6.5,4.665,5.08,5.0
2.0,2310.0,7860.0,7.0,2.0,61.0,80.9,9982.5,15.0,,0.0,40.0,2.0,3.0,1.0,2.0,17.0,4.0,1.0,2.0,3.0,4.0,5.333333333333333,5.33,4.22,6.22,4.22,4.78,4.0
2.0,9050.0,6070.0,1.0,2.0,44.0,52.6,1270.5,3.0,40.0,10.0,27.0,1.0,3.0,1.0,2.0,16.0,3.0,1.0,0.0,2.0,1.0,3.67,4.67,3.0,6.33,6.0,4.83,2.0
1.0,5240.0,6970.0,2.0,2.0,31.0,37.6,13612.5,17.0,25.0,52.0,56.0,,3.0,1.0,2.0,16.0,3.0,1.0,0.0,4.0,4.0,3.835,4.0,3.335,6.165,4.5,3.58,2.5
1.0,1610.0,7460.0,1.0,2.0,73.0,85.8,58080.0,25.0,40.0,52.0,,1.0,3.0,1.0,1.0,18.0,4.0,1.0,0.0,4.0,4.0,5.43,5.048571428571429,5.475714285714285,3.618571428571428,3.62,5.0,4.714285714285714
2.0,3050.0,5070.0,1.0,2.0,66.0,92.0,97883.49087,26.0,36.0,52.0,36.0,2.0,3.0,1.0,1.0,16.0,4.0,1.0,2.0,4.0,4.0,4.67,4.67,5.67,5.0,5.33,4.67,5.0
2.0,2850.0,7380.0,7.0,2.0,67.0,73.6,7713.75,13.0,,30.0,33.0,2.0,2.0,1.0,1.0,16.0,3.0,1.0,0.0,4.0,4.0,5.5,4.67,4.335,3.335,3.165,4.5,4.0
4.0,2310.0,7860.0,1.0,2.0,61.0,80.9,29947.5,21.0,40.0,52.0,33.0,2.0,1.0,2.0,1.0,20.0,4.0,5.0,0.0,3.0,4.0,5.333333333333333,5.33,4.22,6.22,4.22,4.78,4.0
2.0,5000.0,7390.0,1.0,2.0,46.0,52.0,,,40.0,52.0,25.0,,3.0,4.0,,,0.0,5.0,0.0,3.0,,4.33,5.33,4.33,5.33,5.67,4.83,3.0
1.0,2400.0,7460.0,2.0,2.0,55.0,70.4,5898.75,11.0,15.0,40.0,36.0,2.0,3.0,1.0,1.0,19.0,4.0,5.0,0.0,4.0,4.0,5.003333333333333,5.11,4.333333333333333,4.333333333333333,3.5533333333333332,4.386666666666667,4.666666666666667
2.0,4600.0,8470.0,4.0,2.0,35.0,21.8,,,,5.0,31.0,2.0,2.0,1.0,1.0,12.0,1.0,1.0,4.0,3.0,,4.0,4.5,2.5,6.0,3.0,3.33,2.0
,9130.0,6380.0,5.0,2.0,35.0,32.0,24502.5,20.0,,0.0,61.0,1.0,3.0,1.0,1.0,16.0,1.0,1.0,1.0,4.0,1.0,2.223333333333333,3.6666666666666665,2.11,2.8866666666666667,4.556666666666667,3.056666666666666,2.0
,1550.0,3190.0,5.0,2.0,50.0,57.4,,,,0.0,73.0,1.0,3.0,1.0,2.0,0.0,0.0,1.0,4.0,4.0,,4.528333333333333,4.235,3.9091666666666662,3.7283333333333335,5.1875,4.503333333333333,3.076923076923077
,5120.0,590.0,5.0,2.0,45.0,38.3,,,,0.0,59.0,2.0,2.0,1.0,1.0,18.0,4.0,1.0,1.0,4.0,3.0,3.67,3.67,3.0,4.67,5.0,3.67,3.0
,540.0,6990.0,5.0,2.0,46.0,59.8,43560.0,23.0,,52.0,63.0,2.0,3.0,1.0,1.0,17.0,3.0,1.0,0.0,4.0,4.0,4.085,4.835,3.75,4.415,4.915,4.625,3.5
1.0,4230.0,8270.0,1.0,2.0,25.0,12.6,16335.0,18.0,40.0,42.0,43.0,2.0,2.0,1.0,1.0,14.0,1.0,4.0,2.0,3.0,4.0,1.67,2.0,1.0,5.33,2.67,1.67,2.0
2.0,10.0,7270.0,1.0,2.0,72.0,77.4,97883.49087,26.0,35.0,52.0,50.0,2.0,3.0,1.0,2.0,16.0,4.0,5.0,0.0,4.0,,6.5,6.835,6.5,5.0,4.33,6.33,5.0
4.0,7800.0,8680.0,4.0,2.0,45.0,19.7,,,,0.0,42.0,1.0,1.0,2.0,1.0,12.0,1.0,5.0,0.0,3.0,4.0,5.0,3.67,3.0,3.0,3.33,2.5,2.0
1.0,3630.0,8990.0,2.0,1.0,36.0,37.8,9982.5,15.0,5.0,52.0,33.0,2.0,2.0,5.0,1.0,12.0,1.0,5.0,2.0,4.0,,3.67,4.67,3.33,5.33,3.0,3.5,3.0
3.0,3640.0,7980.0,2.0,2.0,48.0,28.6,9982.5,15.0,24.0,52.0,64.0,2.0,2.0,1.0,1.0,14.0,2.0,2.0,1.0,4.0,,3.33,3.67,3.0,6.0,5.67,4.17,3.0
3.0,430.0,8370.0,1.0,2.0,39.0,67.7,58080.0,25.0,38.0,52.0,45.0,1.0,3.0,1.0,1.0,18.0,4.0,5.0,0.0,4.0,4.0,5.5,5.29125,4.875,4.8325,4.375,5.04125,4.0
1.0,20.0,9380.0,1.0,2.0,50.0,68.6,36300.0,22.0,40.0,52.0,43.0,1.0,1.0,5.0,1.0,14.0,1.0,1.0,2.0,3.0,4.0,5.33,6.0,5.67,6.33,4.67,6.0,4.0
,5550.0,6370.0,5.0,2.0,45.0,58.4,,,,0.0,71.0,2.0,2.0,1.0,1.0,14.0,2.0,1.0,2.0,4.0,3.0,2.33,3.0,2.67,3.67,4.0,3.5,2.0
,230.0,7860.0,5.0,2.0,59.0,75.5,,,,0.0,70.0,2.0,2.0,1.0,1.0,14.0,1.0,3.0,6.0,3.0,4.0,5.7524999999999995,6.0825,5.25,6.25,3.915,5.3325,4.5
3.0,9130.0,6170.0,4.0,2.0,35.0,32.0,19965.0,19.0,,38.0,32.0,1.0,2.0,1.0,1.0,12.0,1.0,1.0,3.0,3.0,,2.223333333333333,3.6666666666666665,2.11,2.8866666666666667,4.556666666666667,3.056666666666666,2.0
2.0,4610.0,8170.0,1.0,2.0,48.0,20.1,16335.0,18.0,66.0,48.0,62.0,2.0,2.0,1.0,1.0,13.0,1.0,5.0,1.0,4.0,,4.0,3.33,2.67,5.67,4.0,3.0,2.0
1.0,3060.0,8190.0,1.0,1.0,80.0,92.8,97883.49087,26.0,40.0,50.0,59.0,1.0,3.0,1.0,1.0,20.0,4.0,1.0,4.0,4.0,4.0,6.155882352941177,5.96,6.077058823529412,5.587647058823529,5.0194117647058825,5.676470588235294,5.0
2.0,5620.0,4970.0,1.0,2.0,25.0,23.8,19965.0,19.0,40.0,52.0,54.0,1.0,3.0,1.0,1.0,16.0,3.0,1.0,2.0,4.0,3.0,2.0,2.83,1.83,4.5,4.25,2.29,2.0
,3600.0,8370.0,5.0,2.0,48.0,24.2,,,,0.0,60.0,2.0,2.0,1.0,1.0,14.0,1.0,3.0,2.0,4.0,1.0,2.915,3.0,2.3325,5.0825,4.6675,3.125,2.25
3.0,5510.0,6380.0,3.0,2.0,29.0,39.9,11797.5,16.0,,48.0,38.0,1.0,3.0,1.0,1.0,14.0,1.0,5.0,2.0,4.0,4.0,2.0,2.67,2.0,4.0,4.0,2.67,2.0
2.0,2850.0,6570.0,2.0,1.0,67.0,73.6,16335.0,18.0,20.0,40.0,35.0,2.0,2.0,1.0,2.0,17.0,4.0,5.0,0.0,4.0,1.0,5.5,4.67,4.335,3.335,3.165,4.5,4.0
,4920.0,7070.0,8.0,1.0,49.0,56.9,7713.75,13.0,,40.0,43.0,2.0,3.0,5.0,1.0,16.0,3.0,1.0,0.0,4.0,4.0,5.0,5.165,4.33,5.0,3.5,4.5,3.5
2.0,5700.0,7860.0,1.0,2.0,47.0,38.8,36300.0,22.0,40.0,52.0,41.0,2.0,3.0,1.0,2.0,15.0,1.0,1.0,2.0,4.0,,3.3325,3.0,2.9175,5.0825,4.8325,3.6225,2.5
,,,6.0,,,,,,,20.0,25.0,2.0,3.0,1.0,1.0,16.0,3.0,5.0,0.0,4.0,4.0,,,,,,,
2.0,1010.0,7380.0,1.0,2.0,63.0,81.0,97883.49087,26.0,40.0,52.0,29.0,1.0,3.0,1.0,2.0,16.0,3.0,1.0,1.0,4.0,4.0,5.67,5.0,4.33,2.33,5.0,5.5,4.0
2.0,4600.0,8470.0,7.0,2.0,35.0,21.8,2722.5,7.0,,32.0,25.0,2.0,1.0,2.0,2.0,11.0,0.0,1.0,3.0,3.0,,4.0,4.5,2.5,6.0,3.0,3.33,2.0
1.0,2600.0,8560.0,4.0,1.0,46.0,60.1,181.5,1.0,,2.0,38.0,2.0,3.0,1.0,1.0,16.0,1.0,1.0,3.0,2.0,1.0,5.6675,5.75,4.25,3.4175,2.665,4.75,3.5
1.0,50.0,1870.0,7.0,2.0,53.0,73.9,,,,0.0,68.0,2.0,3.0,1.0,1.0,16.0,3.0,1.0,2.0,4.0,4.0,5.665,5.67,5.0,4.835,5.165,5.835,4.0
2.0,,,1.0,2.0,,,29947.5,21.0,40.0,52.0,,1.0,3.0,1.0,2.0,16.0,3.0,3.0,0.0,4.0,4.0,,,,,,,
,5000.0,9490.0,5.0,2.0,46.0,52.0,,,,0.0,83.0,1.0,3.0,1.0,1.0,15.0,2.0,1.0,2.0,4.0,4.0,4.33,5.33,4.33,5.33,5.67,4.83,3.0
2.0,5860.0,6990.0,1.0,2.0,32.0,35.8,97883.49087,26.0,40.0,52.0,,1.0,3.0,1.0,2.0,16.0,3.0,1.0,1.0,1.0,,2.33,2.67,2.33,5.67,4.33,2.5,2.0
1.0,5550.0,6370.0,1.0,2.0,45.0,58.4,24502.5,20.0,45.0,52.0,43.0,2.0,3.0,1.0,1.0,12.0,,1.0,2.0,3.0,1.0,2.33,3.0,2.67,3.67,4.0,3.5,2.0
,1006.0,3390.0,5.0,2.0,65.0,80.7,4991.25,10.0,,22.0,,1.0,3.0,1.0,2.0,16.0,4.0,1.0,2.0,4.0,4.0,5.0,5.0,4.835,4.17,4.665,4.835,4.0
,5120.0,9370.0,5.0,2.0,45.0,38.3,,,,0.0,75.0,1.0,2.0,1.0,1.0,16.0,3.0,1.0,1.0,4.0,4.0,3.67,3.67,3.0,4.67,5.0,3.67,3.0
